run_id,date,started_at,commit,kind,subject,arm,corpus_name,corpus_hash,spec_task_count,library,n_primitives,run_type,budget,engine,learn_engine,proposer,metric,iterations,attempts_per_test,n_constraints,cost,dir,completed,solved,task_count,considered,censored,stopped_early,seconds,first_solution_index
069559c02e975855,2026-07-08,,c8a16ee6,ladder,e1-rot90,heldout,e1-rot90:heldout,ee51ac623ccbbc9e,4,generators+abs0,3,SEARCH,dNone/pool200/arity1/climNone:None/slimNone:None,BottomUpSearchEngine/const=none/fill=none/poly=monomorphize/allow=0,-,-,-,-,2,0,ProgramSize,runs/2026-07-08/069559c02e975855,True,4,4,,,,0.001,
08fd83d6b003f085,2026-07-08,,c8a16ee6,ladder,e1-rot90,heldout,e1-rot90:heldout,ee51ac623ccbbc9e,4,generators+abs0,3,SEARCH,dNone/pool200/arity1/climNone:None/slimNone:None,BottomUpSearchEngine/const=none/fill=none/poly=monomorphize/allow=0,-,-,-,-,2,0,ProgramSize,runs/2026-07-08/08fd83d6b003f085,True,4,4,,,,0.001,
0b73e072ef2d22d5,2026-07-08,,c8a16ee6,ladder,e1-rot90,train,e1-rot90:train,5298afc3d542d780,8,d4,8,LEARN,dNone/pool100/arity1/climNone:None/slimNone:None,BottomUpSearchEngine/const=none/fill=none/poly=monomorphize/allow=0,GreedyMDLLearnEngine,AntiunifyPairs,CompressionMetric,5,2,0,ProgramSize,runs/2026-07-08/0b73e072ef2d22d5,True,,,,,,0,
17168f54b9b59bea,2026-07-08,,c8a16ee6,ladder,e1-rot90,train,e1-rot90:train,5298afc3d542d780,8,generators,2,SEARCH,dNone/pool200/arity1/climNone:None/slimNone:None,BottomUpSearchEngine/const=none/fill=none/poly=monomorphize/allow=0,-,-,-,-,2,0,ProgramSize,runs/2026-07-08/17168f54b9b59bea,True,8,8,,,,0.001,
3556500c775b354a,2026-07-08,,c8a16ee6,ladder,e1-rot90,heldout,e1-rot90:heldout,ee51ac623ccbbc9e,4,generators,2,SEARCH,dNone/pool200/arity1/climNone:None/slimNone:None,BottomUpSearchEngine/const=none/fill=none/poly=monomorphize/allow=0,-,-,-,-,2,0,ProgramSize,runs/2026-07-08/3556500c775b354a,True,4,4,,,,0.001,
38a9d9fa5debec3c,2026-07-08,,c8a16ee6,ladder,e1-rot90,train,e1-rot90:train,5298afc3d542d780,8,generators+targets,3,SEARCH,dNone/pool200/arity1/climNone:None/slimNone:None,BottomUpSearchEngine/const=none/fill=none/poly=monomorphize/allow=0,-,-,-,-,2,0,ProgramSize,runs/2026-07-08/38a9d9fa5debec3c,True,8,8,,,,0.001,
3bf1ea124e090e87,2026-07-08,,c8a16ee6,ladder,e1-rot90,train,e1-rot90:train,5298afc3d542d780,8,generators+abs0,3,SEARCH,dNone/pool200/arity1/climNone:None/slimNone:None,BottomUpSearchEngine/const=none/fill=none/poly=monomorphize/allow=0,-,-,-,-,2,0,ProgramSize,runs/2026-07-08/3bf1ea124e090e87,True,8,8,,,,0.002,
4cac55c0221e9f08,2026-07-08,,c8a16ee6,ladder,e1-rot90,train,e1-rot90:train,5298afc3d542d780,8,d4,8,SEARCH,dNone/pool100/arity1/climNone:None/slimNone:None,BottomUpSearchEngine/const=none/fill=none/poly=monomorphize/allow=0,-,-,-,-,2,0,ProgramSize,runs/2026-07-08/4cac55c0221e9f08,True,8,8,,,,0.003,
7feae3810585e599,2026-07-08,,c8a16ee6,ladder,e1-rot90,train,e1-rot90:train,5298afc3d542d780,8,generators+abs0,3,SEARCH,dNone/pool200/arity1/climNone:None/slimNone:None,BottomUpSearchEngine/const=none/fill=none/poly=monomorphize/allow=0,-,-,-,-,2,0,ProgramSize,runs/2026-07-08/7feae3810585e599,True,8,8,,,,0.001,
86242d86df5dc572,2026-07-08,,c8a16ee6,ladder,e1-rot90,train,e1-rot90:train,5298afc3d542d780,8,generators+targets,3,SEARCH,dNone/pool200/arity1/climNone:None/slimNone:None,BottomUpSearchEngine/const=none/fill=none/poly=monomorphize/allow=0,-,-,-,-,2,0,ProgramSize,runs/2026-07-08/86242d86df5dc572,True,8,8,,,,0.002,
8fbac181db9b7446,2026-07-08,,f6e11ea8,ladder,e1-rot90,train,e1-rot90:train,5298afc3d542d780,8,atomic,10,SEARCH,dNone/pool500/arity2/climNone:None/slimNone:None,BottomUpSearchEngine/const=finite-enumerate/fill=none/poly=monomorphize/allow=0,-,-,-,-,2,0,ProgramSize,runs/2026-07-08/8fbac181db9b7446,True,8,8,,,,0.01,
9e66fcace9c83595,2026-07-08,,c8a16ee6,ladder,e1-rot90,heldout,e1-rot90:heldout,ee51ac623ccbbc9e,4,d4,8,SEARCH,dNone/pool100/arity1/climNone:None/slimNone:None,BottomUpSearchEngine/const=none/fill=none/poly=monomorphize/allow=0,-,-,-,-,2,0,ProgramSize,runs/2026-07-08/9e66fcace9c83595,True,4,4,,,,0.001,
b45d0359bc0ea584,2026-07-08,,c8a16ee6,ladder,e1-rot90,heldout,e1-rot90:heldout,ee51ac623ccbbc9e,4,generators+targets,3,SEARCH,dNone/pool200/arity1/climNone:None/slimNone:None,BottomUpSearchEngine/const=none/fill=none/poly=monomorphize/allow=0,-,-,-,-,2,0,ProgramSize,runs/2026-07-08/b45d0359bc0ea584,True,4,4,,,,0.001,
c78c6dc9f801e286,2026-07-08,,c8a16ee6,ladder,e1-rot90,train,e1-rot90:train,5298afc3d542d780,8,generators,2,LEARN,dNone/pool200/arity1/climNone:None/slimNone:None,BottomUpSearchEngine/const=none/fill=none/poly=monomorphize/allow=0,GreedyMDLLearnEngine,AntiunifyPairs,CompressionMetric,5,2,0,ProgramSize,runs/2026-07-08/c78c6dc9f801e286,True,,,,,,0,
ca58a4e90de961f1,2026-07-08,,c8a16ee6,ladder,e1-rot90,train,e1-rot90:train,5298afc3d542d780,8,generators,2,SEARCH,dNone/pool200/arity1/climNone:None/slimNone:None,BottomUpSearchEngine/const=none/fill=none/poly=monomorphize/allow=0,-,-,-,-,2,0,ProgramSize,runs/2026-07-08/ca58a4e90de961f1,True,0,8,,,,0.001,
d7eb4c015f2c1cb9,2026-07-08,,c8a16ee6,ladder,e1-rot90,heldout,e1-rot90:heldout,ee51ac623ccbbc9e,4,generators,2,SEARCH,dNone/pool200/arity1/climNone:None/slimNone:None,BottomUpSearchEngine/const=none/fill=none/poly=monomorphize/allow=0,-,-,-,-,2,0,ProgramSize,runs/2026-07-08/d7eb4c015f2c1cb9,True,3,4,,,,0.0,
dd95f2fcc2d020c7,2026-07-08,,c8a16ee6,ladder,e1-rot90,heldout,e1-rot90:heldout,ee51ac623ccbbc9e,4,generators+targets,3,SEARCH,dNone/pool200/arity1/climNone:None/slimNone:None,BottomUpSearchEngine/const=none/fill=none/poly=monomorphize/allow=0,-,-,-,-,2,0,ProgramSize,runs/2026-07-08/dd95f2fcc2d020c7,True,4,4,,,,0.001,
f767a0306b9c84fb,2026-07-08,,f6e11ea8,ladder,e1-rot90,train,e1-rot90:train,5298afc3d542d780,8,atomic,10,SEARCH,dNone/pool500/arity2/climNone:None/slimNone:None,BottomUpSearchEngine/const=finite-enumerate/fill=none/poly=monomorphize/allow=0,-,-,-,-,1,0,ProgramSize,runs/2026-07-08/f767a0306b9c84fb,True,8,8,,,,0.732,
b7a75e343d4ea88b,2026-07-13,2026-07-13T16:39:03.336342+00:00,d5ae2f32,ladder,perceive-transform,train,perceive-transform:train,84a1ec529e4f52ee,5,perceivers,2,LEARN,dNone/pool300/arity2/climNone:None/slimNone:None,BottomUpSearchEngine/const=finite-enumerate/fill=none/poly=monomorphize/allow=0,GreedyMDLLearnEngine,AntiunifyPairs,CompressionMetric,5,2,0,ProgramSize,runs/2026-07-13/20260713_163903_b7a75e343d4ea88b,True,,,,,,0,
6d0c22c88f60619a,2026-07-13,2026-07-13T16:39:05.514762+00:00,d5ae2f32,ladder,perceive-transform,train,perceive-transform:train,84a1ec529e4f52ee,5,perceivers+abs0,3,SEARCH,dNone/pool300/arity2/climNone:None/slimNone:None,BottomUpSearchEngine/const=finite-enumerate/fill=none/poly=monomorphize/allow=0,-,-,-,-,2,0,ProgramSize,runs/2026-07-13/20260713_163905_6d0c22c88f60619a,True,5,5,,,,1.247,
21eb1656c26f1910,2026-07-13,2026-07-13T16:39:06.775283+00:00,d5ae2f32,ladder,perceive-transform,heldout,perceive-transform:heldout,b209c17c0e244e6d,2,perceivers+abs0,3,SEARCH,dNone/pool300/arity2/climNone:None/slimNone:None,BottomUpSearchEngine/const=finite-enumerate/fill=none/poly=monomorphize/allow=0,-,-,-,-,2,0,ProgramSize,runs/2026-07-13/20260713_163906_21eb1656c26f1910,True,2,2,,,,0.511,
6146224d2e4e8260,2026-07-13,2026-07-13T16:39:07.300492+00:00,d5ae2f32,ladder,perceive-transform,train,perceive-transform:train,84a1ec529e4f52ee,5,perceivers,2,SEARCH,dNone/pool300/arity2/climNone:None/slimNone:None,BottomUpSearchEngine/const=finite-enumerate/fill=none/poly=monomorphize/allow=0,-,-,-,-,2,0,ProgramSize,runs/2026-07-13/20260713_163907_6146224d2e4e8260,True,5,5,,,,0.908,
10c3848f30823408,2026-07-13,2026-07-13T16:39:08.674315+00:00,d5ae2f32,ladder,perceive-transform,train,perceive-transform:train,84a1ec529e4f52ee,5,perceivers+targets,3,SEARCH,dNone/pool300/arity2/climNone:None/slimNone:None,BottomUpSearchEngine/const=finite-enumerate/fill=none/poly=monomorphize/allow=0,-,-,-,-,2,0,ProgramSize,runs/2026-07-13/20260713_163908_10c3848f30823408,True,5,5,,,,1.29,
54b47760a7090875,2026-07-13,2026-07-13T16:39:08.635163+00:00,d5ae2f32,ladder,perceive-transform,train,perceive-transform:train,84a1ec529e4f52ee,5,perceivers+abs0,3,SEARCH,dNone/pool300/arity2/climNone:None/slimNone:None,BottomUpSearchEngine/const=finite-enumerate/fill=none/poly=monomorphize/allow=0,-,-,-,-,2,0,ProgramSize,runs/2026-07-13/20260713_163908_54b47760a7090875,True,5,5,,,,0.011,
9945c1abccca248a,2026-07-13,2026-07-13T16:39:08.222107+00:00,d5ae2f32,ladder,perceive-transform,heldout,perceive-transform:heldout,b209c17c0e244e6d,2,perceivers,2,SEARCH,dNone/pool300/arity2/climNone:None/slimNone:None,BottomUpSearchEngine/const=finite-enumerate/fill=none/poly=monomorphize/allow=0,-,-,-,-,2,0,ProgramSize,runs/2026-07-13/20260713_163908_9945c1abccca248a,True,2,2,,,,0.36,
a4ab8044c225fd68,2026-07-13,2026-07-13T16:39:08.658275+00:00,d5ae2f32,ladder,perceive-transform,heldout,perceive-transform:heldout,b209c17c0e244e6d,2,perceivers+abs0,3,SEARCH,dNone/pool300/arity2/climNone:None/slimNone:None,BottomUpSearchEngine/const=finite-enumerate/fill=none/poly=monomorphize/allow=0,-,-,-,-,2,0,ProgramSize,runs/2026-07-13/20260713_163908_a4ab8044c225fd68,True,2,2,,,,0.004,
c76b5cb4fc18936b,2026-07-13,2026-07-13T16:39:08.618447+00:00,d5ae2f32,ladder,perceive-transform,heldout,perceive-transform:heldout,b209c17c0e244e6d,2,perceivers,2,SEARCH,dNone/pool300/arity2/climNone:None/slimNone:None,BottomUpSearchEngine/const=finite-enumerate/fill=none/poly=monomorphize/allow=0,-,-,-,-,2,0,ProgramSize,runs/2026-07-13/20260713_163908_c76b5cb4fc18936b,True,0,2,,,,0.004,
fc9b6f403a8c4b8a,2026-07-13,2026-07-13T16:39:08.596656+00:00,d5ae2f32,ladder,perceive-transform,train,perceive-transform:train,84a1ec529e4f52ee,5,perceivers,2,SEARCH,dNone/pool300/arity2/climNone:None/slimNone:None,BottomUpSearchEngine/const=finite-enumerate/fill=none/poly=monomorphize/allow=0,-,-,-,-,2,0,ProgramSize,runs/2026-07-13/20260713_163908_fc9b6f403a8c4b8a,True,0,5,,,,0.009,
e94d6cb698a13682,2026-07-13,2026-07-13T16:39:09.978363+00:00,d5ae2f32,ladder,perceive-transform,heldout,perceive-transform:heldout,b209c17c0e244e6d,2,perceivers+targets,3,SEARCH,dNone/pool300/arity2/climNone:None/slimNone:None,BottomUpSearchEngine/const=finite-enumerate/fill=none/poly=monomorphize/allow=0,-,-,-,-,2,0,ProgramSize,runs/2026-07-13/20260713_163909_e94d6cb698a13682,True,2,2,,,,0.502,
2139034727659dce,2026-07-13,2026-07-13T16:39:10.514942+00:00,d5ae2f32,ladder,perceive-transform,heldout,perceive-transform:heldout,b209c17c0e244e6d,2,perceivers+targets,3,SEARCH,dNone/pool300/arity2/climNone:None/slimNone:None,BottomUpSearchEngine/const=finite-enumerate/fill=none/poly=monomorphize/allow=0,-,-,-,-,2,0,ProgramSize,runs/2026-07-13/20260713_163910_2139034727659dce,True,2,2,,,,0.004,
38ff043163d8c0e3,2026-07-13,2026-07-13T16:39:10.493517+00:00,d5ae2f32,ladder,perceive-transform,train,perceive-transform:train,84a1ec529e4f52ee,5,perceivers+targets,3,SEARCH,dNone/pool300/arity2/climNone:None/slimNone:None,BottomUpSearchEngine/const=finite-enumerate/fill=none/poly=monomorphize/allow=0,-,-,-,-,2,0,ProgramSize,runs/2026-07-13/20260713_163910_38ff043163d8c0e3,True,5,5,,,,0.01,
45fa1042a115b372,2026-07-13,2026-07-13T16:39:17.194448+00:00,d5ae2f32,ladder,layered-abstraction,train,layered-abstraction:train,2b534f7848003795,8,generators,3,LEARN,dNone/pool300/arity2/climNone:None/slimNone:None,BottomUpSearchEngine/const=finite-enumerate/fill=none/poly=monomorphize/allow=0,GreedyMDLLearnEngine,AntiunifyPairs,CompressionMetric,5,2,0,ProgramSize,runs/2026-07-13/20260713_163917_45fa1042a115b372,True,,,,,,0,
4aaabcc5667e60c0,2026-07-13,2026-07-13T16:39:22.847441+00:00,d5ae2f32,ladder,layered-abstraction,train,layered-abstraction:train,2b534f7848003795,8,generators+abs0+abs1,5,SEARCH,dNone/pool300/arity2/climNone:None/slimNone:None,BottomUpSearchEngine/const=finite-enumerate/fill=none/poly=monomorphize/allow=0,-,-,-,-,2,0,ProgramSize,runs/2026-07-13/20260713_163922_4aaabcc5667e60c0,True,8,8,,,,4.234,
a1afb45f0e7e41a4,2026-07-13,2026-07-13T16:39:27.095946+00:00,d5ae2f32,ladder,layered-abstraction,heldout,layered-abstraction:heldout,3f2ec8845edfb884,2,generators+abs0+abs1,5,SEARCH,dNone/pool300/arity2/climNone:None/slimNone:None,BottomUpSearchEngine/const=finite-enumerate/fill=none/poly=monomorphize/allow=0,-,-,-,-,2,0,ProgramSize,runs/2026-07-13/20260713_163927_a1afb45f0e7e41a4,True,2,2,,,,1.057,
d1e0c3e51baf4463,2026-07-13,2026-07-13T16:39:28.166718+00:00,d5ae2f32,ladder,layered-abstraction,train,layered-abstraction:train,2b534f7848003795,8,generators,3,SEARCH,dNone/pool300/arity2/climNone:None/slimNone:None,BottomUpSearchEngine/const=finite-enumerate/fill=none/poly=monomorphize/allow=0,-,-,-,-,2,0,ProgramSize,runs/2026-07-13/20260713_163928_d1e0c3e51baf4463,True,8,8,,,,6.477,
946e6c6d1ccb0969,2026-07-13,2026-07-13T16:39:34.658384+00:00,d5ae2f32,ladder,layered-abstraction,heldout,layered-abstraction:heldout,3f2ec8845edfb884,2,generators,3,SEARCH,dNone/pool300/arity2/climNone:None/slimNone:None,BottomUpSearchEngine/const=finite-enumerate/fill=none/poly=monomorphize/allow=0,-,-,-,-,2,0,ProgramSize,runs/2026-07-13/20260713_163934_946e6c6d1ccb0969,True,2,2,,,,1.578,
585a199867be2188,2026-07-13,2026-07-13T16:39:36.934764+00:00,d5ae2f32,ladder,layered-abstraction,heldout,layered-abstraction:heldout,3f2ec8845edfb884,2,generators,3,SEARCH,dNone/pool300/arity2/climNone:None/slimNone:None,BottomUpSearchEngine/const=finite-enumerate/fill=none/poly=monomorphize/allow=0,-,-,-,-,2,0,ProgramSize,runs/2026-07-13/20260713_163936_585a199867be2188,True,1,2,,,,0.171,
f8ac3391917c3fdd,2026-07-13,2026-07-13T16:39:36.250553+00:00,d5ae2f32,ladder,layered-abstraction,train,layered-abstraction:train,2b534f7848003795,8,generators,3,SEARCH,dNone/pool300/arity2/climNone:None/slimNone:None,BottomUpSearchEngine/const=finite-enumerate/fill=none/poly=monomorphize/allow=0,-,-,-,-,2,0,ProgramSize,runs/2026-07-13/20260713_163936_f8ac3391917c3fdd,True,4,8,,,,0.671,
14c615fdd47b1dae,2026-07-13,2026-07-13T16:39:37.120417+00:00,d5ae2f32,ladder,layered-abstraction,train,layered-abstraction:train,2b534f7848003795,8,generators+abs0+abs1,5,SEARCH,dNone/pool300/arity2/climNone:None/slimNone:None,BottomUpSearchEngine/const=finite-enumerate/fill=none/poly=monomorphize/allow=0,-,-,-,-,2,0,ProgramSize,runs/2026-07-13/20260713_163937_14c615fdd47b1dae,True,8,8,,,,18.24,
cb0e1971f18b6931,2026-07-13,2026-07-13T16:39:55.375941+00:00,d5ae2f32,ladder,layered-abstraction,heldout,layered-abstraction:heldout,3f2ec8845edfb884,2,generators+abs0+abs1,5,SEARCH,dNone/pool300/arity2/climNone:None/slimNone:None,BottomUpSearchEngine/const=finite-enumerate/fill=none/poly=monomorphize/allow=0,-,-,-,-,2,0,ProgramSize,runs/2026-07-13/20260713_163955_cb0e1971f18b6931,True,2,2,,,,4.609,
892d053eeb18c192,2026-07-13,2026-07-13T16:40:00.000224+00:00,d5ae2f32,ladder,layered-abstraction,train,layered-abstraction:train,2b534f7848003795,8,generators+targets,5,SEARCH,dNone/pool300/arity2/climNone:None/slimNone:None,BottomUpSearchEngine/const=finite-enumerate/fill=none/poly=monomorphize/allow=0,-,-,-,-,2,0,ProgramSize,runs/2026-07-13/20260713_163959_892d053eeb18c192,True,8,8,,,,17.843,
645a3120870c6c2a,2026-07-13,2026-07-13T16:40:17.862103+00:00,d5ae2f32,ladder,layered-abstraction,heldout,layered-abstraction:heldout,3f2ec8845edfb884,2,generators+targets,5,SEARCH,dNone/pool300/arity2/climNone:None/slimNone:None,BottomUpSearchEngine/const=finite-enumerate/fill=none/poly=monomorphize/allow=0,-,-,-,-,2,0,ProgramSize,runs/2026-07-13/20260713_164017_645a3120870c6c2a,True,2,2,,,,4.405,
b864331e169a82d9,2026-07-13,2026-07-13T16:40:22.281061+00:00,d5ae2f32,ladder,layered-abstraction,train,layered-abstraction:train,2b534f7848003795,8,generators+targets,5,SEARCH,dNone/pool300/arity2/climNone:None/slimNone:None,BottomUpSearchEngine/const=finite-enumerate/fill=none/poly=monomorphize/allow=0,-,-,-,-,2,0,ProgramSize,runs/2026-07-13/20260713_164022_b864331e169a82d9,True,8,8,,,,4.183,
65300bbc808c4224,2026-07-13,2026-07-13T16:40:26.479849+00:00,d5ae2f32,ladder,layered-abstraction,heldout,layered-abstraction:heldout,3f2ec8845edfb884,2,generators+targets,5,SEARCH,dNone/pool300/arity2/climNone:None/slimNone:None,BottomUpSearchEngine/const=finite-enumerate/fill=none/poly=monomorphize/allow=0,-,-,-,-,2,0,ProgramSize,runs/2026-07-13/20260713_164026_65300bbc808c4224,True,2,2,,,,1.057,
1e0bc3502b232e6b,2026-07-13,2026-07-13T21:36:37.219633+00:00,6ef83912,corpus,e1-rot90,-,e1-rot90,c6ba006afbb7b13f,12,d4,8,SEARCH,dNone/pool100/arity1/climNone:None/slimNone:None,BottomUpSearchEngine/const=none/fill=none/poly=monomorphize/allow=0,-,-,-,-,2,0,ProgramSize,runs/2026-07-13/20260713_213637_1e0bc3502b232e6b (1),True,12,12,,,,0.004,
1e0bc3502b232e6b,2026-07-13,2026-07-18T15:07:01.279940+00:00,a462abc2,corpus,e1-rot90,-,e1-rot90,c6ba006afbb7b13f,12,d4,8,SEARCH,dNone/pool100/arity1/climNone:None/slimNone:None,BottomUpSearchEngine/const=none/fill=none/poly=monomorphize/allow=0,-,-,-,-,2,0,ProgramSize,runs/2026-07-13/20260713_214539_1e0bc3502b232e6b,True,12,12,108,,,0.006,
74d4e7450104fb27,2026-07-13,2026-07-13T21:53:00.947912+00:00,6ef83912,corpus,e5-rederive-rot90,-,e5-rederive-rot90,c492af90d3101544,8,d4+combinators,10,LEARN,dNone/pool500/arity4/climNone:None/slimNone:None,BottomUpSearchEngine/const=harvest-from-instance/fill=none/poly=monomorphize/allow=0,GreedyMDLLearnEngine,AntiunifyPairs,CompressionMetric,2,2,0,ProgramSize,runs/2026-07-13/20260713_215300_74d4e7450104fb27,True,,,,,,0,
c35e55eea442cddd,2026-07-13,2026-07-13T21:53:58.838770+00:00,6ef83912,corpus,e5-rederive-rot90,-,e5-rederive-rot90,c492af90d3101544,8,d4+combinators,10,SEARCH,dNone/pool500/arity4/climNone:None/slimNone:None,BottomUpSearchEngine/const=harvest-from-instance/fill=none/poly=monomorphize/allow=0,-,-,-,-,2,0,ProgramSize,runs/2026-07-13/20260713_215358_c35e55eea442cddd,True,8,8,,,,57.188,
f38b6929efb9e9cc,2026-07-13,2026-07-13T23:26:48.238612+00:00,b7347167,corpus,e6-rederive-d4,-,e6-rederive-d4,d2953556fc073949,24,d4+combinators,10,SEARCH,dNone/pool500/arity4/climNone:None/slimNone:None,BottomUpSearchEngine/const=harvest-from-instance/fill=none/poly=monomorphize/allow=0,-,-,-,-,2,0,ProgramSize,runs/2026-07-13/20260713_232648_f38b6929efb9e9cc,True,24,24,2571852,,,184.9,
81068f8a536470e4,2026-07-13,2026-07-14T01:17:20.754559+00:00,c26128be,corpus,e2-swap-cells,-,e2-swap-cells,69db4e35d77a820e,8,atomic,10,SEARCH,dNone/pool500/arity2/climNone:None/slimNone:None,BottomUpSearchEngine/const=finite-enumerate/fill=none/poly=monomorphize/allow=0,-,-,-,-,2,0,ProgramSize,runs/2026-07-13/20260713_232953_81068f8a536470e4,True,8,8,56072,,,2.266,
327f987f1e9883ba,2026-07-13,2026-07-13T23:33:08.363403+00:00,b7347167,corpus,e6-rederive-d4,-,e6-rederive-d4,d2953556fc073949,24,d4+combinators,10,LEARN,dNone/pool500/arity4/climNone:None/slimNone:None,BottomUpSearchEngine/const=harvest-from-instance/fill=none/poly=monomorphize/allow=0,GreedyMDLLearnEngine,AntiunifyPairs,CompressionMetric,2,2,0,ProgramSize,runs/2026-07-13/20260713_233308_327f987f1e9883ba,False,,,,,,,
79a3378c0c151c54,2026-07-13,2026-07-13T23:37:36.672703+00:00,b7347167,corpus,e5-rederive-rot90,-,e5-rederive-rot90,c492af90d3101544,8,d4,8,LEARN,dNone/pool100/arity1/climNone:None/slimNone:None,BottomUpSearchEngine/const=none/fill=none/poly=monomorphize/allow=0,GreedyMDLLearnEngine,AntiunifyPairs,CompressionMetric,2,2,0,ProgramSize,runs/2026-07-13/20260713_233736_79a3378c0c151c54,True,,,,,,0,
cdcd5946b0aafb68,2026-07-13,2026-07-13T23:37:36.689881+00:00,b7347167,corpus,e5-rederive-rot90,-,e5-rederive-rot90,c492af90d3101544,8,d4,8,SEARCH,dNone/pool100/arity1/climNone:None/slimNone:None,BottomUpSearchEngine/const=none/fill=none/poly=monomorphize/allow=0,-,-,-,-,2,0,ProgramSize,runs/2026-07-13/20260713_233736_cdcd5946b0aafb68,True,8,8,72,,,0.002,
5a12f4f22a40a895,2026-07-14,2026-07-14T00:08:57.329833+00:00,09f32d91,corpus,e6-rederive-d4,-,e6-rederive-d4,d2953556fc073949,24,d4,8,SEARCH,dNone/pool100/arity1/climNone:None/slimNone:None,BottomUpSearchEngine/const=none/fill=none/poly=monomorphize/allow=0,-,-,-,-,2,0,ProgramSize,runs/2026-07-14/20260714_000857_5a12f4f22a40a895,True,24,24,216,,,0.007,
e693f88791aff9fa,2026-07-14,2026-07-16T17:45:27.632545+00:00,67417495,corpus,e1-rot90,-,e1-rot90,c6ba006afbb7b13f,12,d4+combinators,10,SEARCH,dNone/pool500/arity4/climNone:None/slimNone:None,BottomUpSearchEngine/const=harvest-from-instance/fill=none/poly=monomorphize/allow=0,-,-,-,-,2,0,ProgramSize,runs/2026-07-14/20260714_005712_e693f88791aff9fa,True,12,12,481863,,,8.226,
9eca4fa0709d64f5,2026-07-14,2026-07-14T02:18:04.108297+00:00,cb1342de,corpus,e1-rot90,-,e1-rot90,c6ba006afbb7b13f,12,d4+combinators,10,SEARCH,dNone/pool500/arity4/climNone:None/slimNone:None,BottomUpSearchEngine/const=none/fill=none/poly=monomorphize/allow=0,-,-,-,-,2,0,ProgramSize,runs/2026-07-14/20260714_021804_9eca4fa0709d64f5,True,12,12,636,,,0.011,
18e7562f44036326,2026-07-14,2026-07-14T20:58:44.744999+00:00,ae60af64,corpus,arc1-train,-,arc1-train,2aea3c0693cadf4f,400,d4,8,SEARCH,dNone/pool100/arity1/climNone:None/slimNone:None,BottomUpSearchEngine/const=none/fill=none/poly=monomorphize/allow=0,-,-,-,-,2,0,ProgramSize,runs/2026-07-14/20260714_205844_18e7562f44036326,True,7,400,3600,,,0.103,
6ef6f65b7e10d299,2026-07-14,2026-07-14T20:58:49.720929+00:00,ae60af64,corpus,arc1-train,-,arc1-train,2aea3c0693cadf4f,400,atomic,10,SEARCH,dNone/pool500/arity2/climNone:None/slimNone:None,BottomUpSearchEngine/const=finite-enumerate/fill=none/poly=monomorphize/allow=0,-,-,-,-,2,0,ProgramSize,runs/2026-07-14/20260714_205849_6ef6f65b7e10d299,True,11,400,2704865,,,75.331,
378ec77d8210e0ab,2026-07-14,2026-07-14T21:49:45.405614+00:00,64cdadc3,corpus,arc1-train-sym-dim-stratified,-,arc1-train-sym-dim-stratified,f34519a320ade111,3,d4+combinators,10,SEARCH,dNone/pool500/arity4/climNone:None/slimNone:None,BottomUpSearchEngine/const=harvest-from-instance/fill=none/poly=monomorphize/allow=0,-,-,-,-,2,0,ProgramSize,runs/2026-07-14/20260714_214945_378ec77d8210e0ab,True,0,3,117214,,,4.258,
33fa25ca1ed11711,2026-07-15,2026-07-15T01:25:46.254527+00:00,06b9d536,corpus,grain-contrast,-,grain-contrast,f269decad964f084,2,GEOM,7,SEARCH,dNone/pool100/arity1/climNone:None/slimNone:None,BottomUpSearchEngine/const=none/fill=none/poly=monomorphize/allow=0,-,-,-,-,2,0,ProgramSize,runs/2026-07-15/20260715_012546_33fa25ca1ed11711,True,2,2,16,,,0.002,
bb4569afddfd2265,2026-07-15,2026-07-15T01:25:52.266401+00:00,06b9d536,corpus,grain-contrast,-,grain-contrast,f269decad964f084,2,UNIVERSAL_FLOOR,16,SEARCH,dNone/pool1000/arity2/climNone:None/slimNone:None,BottomUpSearchEngine/const=finite-enumerate/fill=lambda-synthesis/poly=monomorphize/allow=0,-,-,-,-,2,0,ProgramSize,runs/2026-07-15/20260715_012552_bb4569afddfd2265,False,,,,,,,
7d4d5c07e2e058a0,2026-07-15,2026-07-15T01:38:24.516518+00:00,06b9d536,corpus,grain-contrast,-,grain-contrast,f269decad964f084,2,UNIVERSAL_FLOOR,16,SEARCH,dNone/pool200/arity2/climNone:None/slimNone:None,BottomUpSearchEngine/const=finite-enumerate/fill=lambda-synthesis/poly=monomorphize/allow=0,-,-,-,-,2,0,ProgramSize,runs/2026-07-15/20260715_013824_7d4d5c07e2e058a0,True,1,2,70665,,,2.245,
4872c55969a968ec,2026-07-15,2026-07-15T02:11:53.161020+00:00,06b9d536,corpus,grain-contrast,-,grain-contrast,6fd5ac0ff40b403d,2,UNIVERSAL_FLOOR,16,SEARCH,dNone/pool200/arity2/climNone:None/slimNone:None,BottomUpSearchEngine/const=finite-enumerate/fill=lambda-synthesis/poly=monomorphize/allow=0,-,-,-,-,2,0,ProgramSize,runs/2026-07-15/20260715_014121_4872c55969a968ec,True,0,2,70718,,,2.327,
c1cc1e4549816224,2026-07-15,2026-07-15T02:14:05.980827+00:00,06b9d536,corpus,grain-contrast,-,grain-contrast,6fd5ac0ff40b403d,2,UNIVERSAL_FLOOR,16,SEARCH,dNone/pool200/arity2/climNone:None/slimNone:None,BottomUpSearchEngine/const=finite-enumerate/fill=lambda-synthesis/poly=monomorphize/allow=0,-,-,-,-,2,0,ProgramSize,runs/2026-07-15/20260715_014138_c1cc1e4549816224,True,0,2,1290178,,,279.814,
cb344322a642aaea,2026-07-15,2026-07-15T01:52:12.983134+00:00,06b9d536,corpus,grain-contrast,-,grain-contrast,6fd5ac0ff40b403d,2,GEOM,7,SEARCH,dNone/pool100/arity1/climNone:None/slimNone:None,BottomUpSearchEngine/const=none/fill=none/poly=monomorphize/allow=0,-,-,-,-,2,0,ProgramSize,runs/2026-07-15/20260715_015212_cb344322a642aaea,True,2,2,16,,,0.001,
44f40f1c5681acba,2026-07-15,2026-07-15T02:12:13.465099+00:00,06b9d536,corpus,grain-contrast,-,grain-contrast,6fd5ac0ff40b403d,2,MINIMAL_COMPLETE_FLOOR,4,SEARCH,dNone/pool200/arity2/climNone:None/slimNone:None,BottomUpSearchEngine/const=finite-enumerate/fill=lambda-synthesis/poly=monomorphize/allow=0,-,-,-,-,2,0,ProgramSize,runs/2026-07-15/20260715_015227_44f40f1c5681acba,True,0,2,4329,,,0.271,
97f00de2dd0637aa,2026-07-15,2026-07-15T02:12:54.271659+00:00,06b9d536,corpus,grain-contrast,-,grain-contrast,6fd5ac0ff40b403d,2,MINIMAL_COMPLETE_FLOOR,4,SEARCH,dNone/pool200/arity2/climNone:None/slimNone:None,BottomUpSearchEngine/const=finite-enumerate/fill=lambda-synthesis/poly=monomorphize/allow=0,-,-,-,-,2,0,ProgramSize,runs/2026-07-15/20260715_015237_97f00de2dd0637aa,True,0,2,102982,,,9.483,
1ff1ce427f10a30c,2026-07-15,2026-07-15T02:19:06.678096+00:00,06b9d536,corpus,grain-contrast,-,grain-contrast,6fd5ac0ff40b403d,2,MINIMAL_COMPLETE_FLOOR,4,SEARCH,dNone/pool200/arity2/climNone:None/slimNone:None,BottomUpSearchEngine/const=finite-enumerate/fill=lambda-synthesis/poly=monomorphize/allow=0,-,-,-,-,2,0,ProgramSize,runs/2026-07-15/20260715_015254_1ff1ce427f10a30c,True,0,2,1729406,,,143.939,
a9c3b8688aec9512,2026-07-15,2026-07-15T01:56:51.462045+00:00,06b9d536,corpus,arc1-train-3c9b0459,-,arc1-train-3c9b0459,a3b98c454bb95e6e,1,GEOM,7,SEARCH,dNone/pool100/arity1/climNone:None/slimNone:None,BottomUpSearchEngine/const=none/fill=none/poly=monomorphize/allow=0,-,-,-,-,2,0,ProgramSize,runs/2026-07-15/20260715_015651_a9c3b8688aec9512,True,1,1,8,,,0.002,
d2818abfd6850662,2026-07-15,2026-07-15T01:56:51.478593+00:00,06b9d536,corpus,arc1-train-3c9b0459,-,arc1-train-3c9b0459,a3b98c454bb95e6e,1,UNIVERSAL_FLOOR,16,SEARCH,dNone/pool200/arity2/climNone:None/slimNone:None,BottomUpSearchEngine/const=finite-enumerate/fill=lambda-synthesis/poly=monomorphize/allow=0,-,-,-,-,2,0,ProgramSize,runs/2026-07-15/20260715_015651_d2818abfd6850662,True,0,1,210758,,,7.625,
791706b1a6d0fb65,2026-07-15,2026-07-15T01:56:59.306394+00:00,06b9d536,corpus,arc1-train-3c9b0459,-,arc1-train-3c9b0459,a3b98c454bb95e6e,1,MINIMAL_COMPLETE_FLOOR,4,SEARCH,dNone/pool200/arity2/climNone:None/slimNone:None,BottomUpSearchEngine/const=finite-enumerate/fill=lambda-synthesis/poly=monomorphize/allow=0,-,-,-,-,2,0,ProgramSize,runs/2026-07-15/20260715_015659_791706b1a6d0fb65,True,0,1,19973,,,0.418,
8c64ce28de3fd0b6,2026-07-15,2026-07-15T02:24:59.067830+00:00,06b9d536,corpus,grain-contrast,-,grain-contrast,6fd5ac0ff40b403d,2,MINIMAL_COMPLETE_FLOOR,4,SEARCH,dNone/pool2000/arity2/climNone:None/slimNone:None,BottomUpSearchEngine/const=finite-enumerate/fill=lambda-synthesis/poly=monomorphize/allow=0,-,-,-,-,2,0,ProgramSize,runs/2026-07-15/20260715_022459_8c64ce28de3fd0b6,True,0,2,102982,,,9.817,
eb729b9d131d1959,2026-07-15,2026-07-15T02:50:21.722232+00:00,06b9d536,corpus,grain-contrast-3x3-only,-,grain-contrast-3x3-only,67ae14ecf20c6aea,1,MINIMAL_COMPLETE_FLOOR,4,SEARCH,dNone/pool200/arity2/climNone:None/slimNone:None,BottomUpSearchEngine/const=finite-enumerate/fill=lambda-synthesis/poly=monomorphize/allow=0,-,-,-,-,2,0,ProgramSize,runs/2026-07-15/20260715_022933_eb729b9d131d1959,True,0,1,679288,,,33.089,
58ea40f998f377a9,2026-07-15,2026-07-15T02:33:35.183817+00:00,06b9d536,corpus,grain-contrast-3x3-only,-,grain-contrast-3x3-only,67ae14ecf20c6aea,1,MINIMAL_COMPLETE_FLOOR,4,SEARCH,dNone/pool200/arity2/climNone:None/slimNone:None,BottomUpSearchEngine/const=finite-enumerate/fill=lambda-synthesis/poly=monomorphize/allow=0,-,-,-,-,2,0,ProgramSize,runs/2026-07-15/20260715_023335_58ea40f998f377a9,True,0,1,679288,,,35.647,
44947476d24036bc,2026-07-15,2026-07-15T02:57:30.354346+00:00,06b9d536,corpus,grain-contrast-3x3-only,-,grain-contrast-3x3-only,67ae14ecf20c6aea,1,MINIMAL_COMPLETE_FLOOR,4,SEARCH,dNone/pool50000/arity2/climNone:None/slimNone:None,BottomUpSearchEngine/const=finite-enumerate/fill=lambda-synthesis/poly=monomorphize/allow=0,-,-,-,-,2,0,ProgramSize,runs/2026-07-15/20260715_025730_44947476d24036bc,False,,,,,,,
55b200f07144bb14,2026-07-15,2026-07-15T15:18:01.086494+00:00,06b9d536,corpus,grain-contrast-3x3-only,-,grain-contrast-3x3-only,67ae14ecf20c6aea,1,MINIMAL_COMPLETE_FLOOR,4,SEARCH,dNone/pool6000/arity2/climNone:None/slimNone:None,BottomUpSearchEngine/const=finite-enumerate/fill=lambda-synthesis/poly=monomorphize/allow=0,-,-,-,-,2,0,ProgramSize,runs/2026-07-15/20260715_151801_55b200f07144bb14,False,,,,,,,
441d9b786f079846,2026-07-15,2026-07-15T23:23:27.045944+00:00,969c8b8d,corpus,quick-check-d511f180,-,quick-check-d511f180,28f2c341e77507d0,1,PERCEIVE_TRANSFORM,5,SEARCH,dNone/pool500/arity2/climNone:None/slimNone:None,BottomUpSearchEngine/const=finite-enumerate/fill=none/poly=monomorphize/allow=0,-,-,-,-,2,0,ProgramSize,runs/2026-07-15/20260715_231857_441d9b786f079846,True,1,1,38667,,,1.176,
04703656a8d7822e,2026-07-15,2026-07-15T23:28:48.992678+00:00,969c8b8d,corpus,quick-check-d511f180,-,quick-check-d511f180,28f2c341e77507d0,1,UNIVERSAL_FLOOR,16,SEARCH,dNone/pool500/arity2/climNone:None/slimNone:None,BottomUpSearchEngine/const=finite-enumerate/fill=none/poly=monomorphize/allow=0,-,-,-,-,2,0,ProgramSize,runs/2026-07-15/20260715_232848_04703656a8d7822e,True,0,1,7453,,,0.122,
3bf2e448549999a7,2026-07-15,2026-07-15T23:29:33.125830+00:00,969c8b8d,corpus,quick-check-d511f180,-,quick-check-d511f180,28f2c341e77507d0,1,UNIVERSAL_FLOOR,16,SEARCH,dNone/pool500/arity2/climNone:None/slimNone:None,BottomUpSearchEngine/const=finite-enumerate/fill=lambda-synthesis/poly=monomorphize/allow=0,-,-,-,-,2,0,ProgramSize,runs/2026-07-15/20260715_232933_3bf2e448549999a7,True,0,1,12969,,,0.262,
48ea3ff8344af854,2026-07-15,2026-07-15T23:32:18.168485+00:00,969c8b8d,corpus,quick-check-d511f180,-,quick-check-d511f180,28f2c341e77507d0,1,UNIVERSAL_FLOOR,16,SEARCH,dNone/pool500/arity2/climNone:None/slimNone:None,BottomUpSearchEngine/const=finite-enumerate/fill=lambda-synthesis/poly=monomorphize/allow=0,-,-,-,-,2,0,ProgramSize,runs/2026-07-15/20260715_233218_48ea3ff8344af854,True,0,1,14329638,,,751.618,
85b53ed05f16ba65,2026-07-16,2026-07-16T17:47:29.059732+00:00,67417495,corpus,e2-swap-cells,-,e2-swap-cells,69db4e35d77a820e,8,d4+combinators,10,SEARCH,dNone/pool500/arity4/climNone:None/slimNone:None,BottomUpSearchEngine/const=harvest-from-instance/fill=none/poly=monomorphize/allow=0,-,-,-,-,2,0,ProgramSize,runs/2026-07-16/20260716_174729_85b53ed05f16ba65,True,8,8,413920,,,15.268,
45c63d3e5da33823,2026-07-16,2026-07-16T18:02:10.298496+00:00,0a76a32a,corpus,e5-rederive-rot90,-,e5-rederive-rot90,c492af90d3101544,8,MINIMAL_COMPLETE_FLOOR,4,SEARCH,dNone/pool1000/arity2/climNone:None/slimNone:None,BottomUpSearchEngine/const=finite-enumerate/fill=lambda-synthesis/poly=monomorphize/allow=0,-,-,-,-,2,0,ProgramSize,runs/2026-07-16/20260716_180210_45c63d3e5da33823,False,,,,,,,
dcf859401f6a056b,2026-07-18,2026-07-18T15:54:45.198529+00:00,b88897c9,ladder,al1-mirror,train,al1-mirror:train,98386fbedf8fc5b9,5,al1-L0,3,LEARN,dNone/pool300/arity2/climNone:None/slimNone:None,BottomUpSearchEngine/const=finite-enumerate/fill=none/poly=monomorphize/allow=0,GreedyMDLLearnEngine,AntiunifyPairs,CompressionMetric,5,2,0,ProgramSize,runs/2026-07-18/20260718_155445_dcf859401f6a056b,True,,,,,,0,
de520fb73de2decd,2026-07-18,2026-07-18T15:54:50.755202+00:00,b88897c9,ladder,al1-mirror,train,al1-mirror:train,98386fbedf8fc5b9,5,al1-L0+abs0+abs1,5,SEARCH,dNone/pool300/arity2/climNone:None/slimNone:None,BottomUpSearchEngine/const=finite-enumerate/fill=none/poly=monomorphize/allow=0,-,-,-,-,2,0,ProgramSize,runs/2026-07-18/20260718_155450_de520fb73de2decd,True,5,5,132005,,,4.2,
c6a07fc487282aa5,2026-07-18,2026-07-18T15:54:54.974595+00:00,b88897c9,ladder,al1-mirror,heldout,al1-mirror:heldout,5db87c56df69b01a,3,al1-L0+abs0+abs1,5,SEARCH,dNone/pool300/arity2/climNone:None/slimNone:None,BottomUpSearchEngine/const=finite-enumerate/fill=none/poly=monomorphize/allow=0,-,-,-,-,2,0,ProgramSize,runs/2026-07-18/20260718_155454_c6a07fc487282aa5,True,3,3,79203,,,2.373,
dcdc257a6ea88d97,2026-07-18,2026-07-18T15:54:57.362782+00:00,b88897c9,ladder,al1-mirror,train,al1-mirror:train,98386fbedf8fc5b9,5,al1-L0,3,SEARCH,dNone/pool300/arity2/climNone:None/slimNone:None,BottomUpSearchEngine/const=finite-enumerate/fill=none/poly=monomorphize/allow=0,-,-,-,-,2,0,ProgramSize,runs/2026-07-18/20260718_155457_dcdc257a6ea88d97,True,3,5,33715,,,0.716,
ba6bca0044ca324f,2026-07-18,2026-07-18T15:54:58.094295+00:00,b88897c9,ladder,al1-mirror,train,al1-mirror:train,98386fbedf8fc5b9,5,al1-L0+rot180,4,SEARCH,dNone/pool300/arity2/climNone:None/slimNone:None,BottomUpSearchEngine/const=finite-enumerate/fill=none/poly=monomorphize/allow=0,-,-,-,-,2,0,ProgramSize,runs/2026-07-18/20260718_155458_ba6bca0044ca324f,True,5,5,34560,,,0.738,
d1a0e0add32bda6f,2026-07-18,2026-07-18T15:54:58.848520+00:00,b88897c9,ladder,al1-mirror,train,al1-mirror:train,98386fbedf8fc5b9,5,al1-L0+rot180+mirror_recolor,5,SEARCH,dNone/pool300/arity2/climNone:None/slimNone:None,BottomUpSearchEngine/const=finite-enumerate/fill=none/poly=monomorphize/allow=0,-,-,-,-,2,0,ProgramSize,runs/2026-07-18/20260718_155458_d1a0e0add32bda6f,True,5,5,132005,,,4.327,
dd1953d979390858,2026-07-18,2026-07-18T15:55:03.198024+00:00,b88897c9,ladder,al1-mirror,train,al1-mirror:train,98386fbedf8fc5b9,5,al1-L0+mirror_recolor,4,SEARCH,dNone/pool300/arity2/climNone:None/slimNone:None,BottomUpSearchEngine/const=finite-enumerate/fill=none/poly=monomorphize/allow=0,-,-,-,-,2,0,ProgramSize,runs/2026-07-18/20260718_155503_dd1953d979390858,True,5,5,131355,,,4.163,
2832f211d4bf7aae,2026-07-18,2026-07-18T15:58:59.868298+00:00,b88897c9,ladder,al1-mirror,train,al1-mirror:train,ad9ef8d0ffda58a9,5,al1-L0,3,LEARN,dNone/pool300/arity2/climNone:None/slimNone:None,BottomUpSearchEngine/const=finite-enumerate/fill=none/poly=monomorphize/allow=0,GreedyMDLLearnEngine,AntiunifyPairs,CompressionMetric,5,2,0,ProgramSize,runs/2026-07-18/20260718_155859_2832f211d4bf7aae,True,,,,,,0,
b705ae65369bddf0,2026-07-18,2026-07-18T15:59:05.617060+00:00,b88897c9,ladder,al1-mirror,train,al1-mirror:train,ad9ef8d0ffda58a9,5,al1-L0+abs0+abs1,5,SEARCH,dNone/pool300/arity2/climNone:None/slimNone:None,BottomUpSearchEngine/const=finite-enumerate/fill=none/poly=monomorphize/allow=0,-,-,-,-,2,0,ProgramSize,runs/2026-07-18/20260718_155905_b705ae65369bddf0,True,5,5,132005,,,3.99,
73e4ed74266beb23,2026-07-18,2026-07-18T15:59:09.629059+00:00,b88897c9,ladder,al1-mirror,heldout,al1-mirror:heldout,26bb1f1993eb3a12,3,al1-L0+abs0+abs1,5,SEARCH,dNone/pool300/arity2/climNone:None/slimNone:None,BottomUpSearchEngine/const=finite-enumerate/fill=none/poly=monomorphize/allow=0,-,-,-,-,2,0,ProgramSize,runs/2026-07-18/20260718_155909_73e4ed74266beb23,True,3,3,79203,,,2.444,
49956380f8272a86,2026-07-18,2026-07-18T15:59:12.826123+00:00,b88897c9,ladder,al1-mirror,train,al1-mirror:train,ad9ef8d0ffda58a9,5,al1-L0+rot180,4,SEARCH,dNone/pool300/arity2/climNone:None/slimNone:None,BottomUpSearchEngine/const=finite-enumerate/fill=none/poly=monomorphize/allow=0,-,-,-,-,2,0,ProgramSize,runs/2026-07-18/20260718_155912_49956380f8272a86,True,4,5,34560,,,0.758,
a23c70d3152b7780,2026-07-18,2026-07-18T15:59:12.089575+00:00,b88897c9,ladder,al1-mirror,train,al1-mirror:train,ad9ef8d0ffda58a9,5,al1-L0,3,SEARCH,dNone/pool300/arity2/climNone:None/slimNone:None,BottomUpSearchEngine/const=finite-enumerate/fill=none/poly=monomorphize/allow=0,-,-,-,-,2,0,ProgramSize,runs/2026-07-18/20260718_155912_a23c70d3152b7780,True,2,5,33715,,,0.721,
38db519d5f351078,2026-07-18,2026-07-18T15:59:13.603519+00:00,b88897c9,ladder,al1-mirror,train,al1-mirror:train,ad9ef8d0ffda58a9,5,al1-L0+rot180+mirror_recolor,5,SEARCH,dNone/pool300/arity2/climNone:None/slimNone:None,BottomUpSearchEngine/const=finite-enumerate/fill=none/poly=monomorphize/allow=0,-,-,-,-,2,0,ProgramSize,runs/2026-07-18/20260718_155913_38db519d5f351078,True,5,5,132005,,,4.004,
244cb680ee5ec6d3,2026-07-18,2026-07-18T15:59:17.624542+00:00,b88897c9,ladder,al1-mirror,train,al1-mirror:train,ad9ef8d0ffda58a9,5,al1-L0+mirror_recolor,4,SEARCH,dNone/pool300/arity2/climNone:None/slimNone:None,BottomUpSearchEngine/const=finite-enumerate/fill=none/poly=monomorphize/allow=0,-,-,-,-,2,0,ProgramSize,runs/2026-07-18/20260718_155917_244cb680ee5ec6d3,True,5,5,131355,,,3.898,
fde2030bbbb0f300,2026-07-19,2026-07-19T16:23:08.715074+00:00,d5156312,ladder,al1-mirror,train,al1-mirror:train,ad9ef8d0ffda58a9,5,al1-L0,3,LEARN,d2/pool300/arity2/climNone:None/slimNone:None,BottomUpSearchEngine/const=finite-enumerate/fill=none/poly=monomorphize/allow=0,GreedyMDLLearnEngine,AntiunifyPairs,CompressionMetric,5,2,0,ProgramSize,runs/2026-07-19/20260719_162308_fde2030bbbb0f300,True,,,,,,0,
01a79e33c0361fc5,2026-07-19,2026-07-19T16:23:14.303612+00:00,d5156312,ladder,al1-mirror,train,al1-mirror:train,ad9ef8d0ffda58a9,5,al1-L0+abs0+abs1,5,SEARCH,d2/pool300/arity2/climNone:None/slimNone:None,BottomUpSearchEngine/const=finite-enumerate/fill=none/poly=monomorphize/allow=0,-,-,-,-,2,0,ProgramSize,runs/2026-07-19/20260719_162314_01a79e33c0361fc5,True,5,5,132005,,,4.168,
8333e13940733b03,2026-07-19,2026-07-19T16:23:18.490267+00:00,d5156312,ladder,al1-mirror,heldout,al1-mirror:heldout,26bb1f1993eb3a12,3,al1-L0+abs0+abs1,5,SEARCH,d2/pool300/arity2/climNone:None/slimNone:None,BottomUpSearchEngine/const=finite-enumerate/fill=none/poly=monomorphize/allow=0,-,-,-,-,2,0,ProgramSize,runs/2026-07-19/20260719_162318_8333e13940733b03,True,3,3,79203,,,2.42,
9796e8d7a844588e,2026-07-19,2026-07-19T16:23:20.925699+00:00,d5156312,ladder,al1-mirror,train,al1-mirror:train,ad9ef8d0ffda58a9,5,al1-L0,3,SEARCH,d2/pool300/arity2/climNone:None/slimNone:None,BottomUpSearchEngine/const=finite-enumerate/fill=none/poly=monomorphize/allow=0,-,-,-,-,2,0,ProgramSize,runs/2026-07-19/20260719_162320_9796e8d7a844588e,True,2,5,33715,,,0.715,
efcd720aa8bc072d,2026-07-19,2026-07-19T16:23:21.655871+00:00,d5156312,ladder,al1-mirror,train,al1-mirror:train,ad9ef8d0ffda58a9,5,al1-L0+rot180,4,SEARCH,d2/pool300/arity2/climNone:None/slimNone:None,BottomUpSearchEngine/const=finite-enumerate/fill=none/poly=monomorphize/allow=0,-,-,-,-,2,0,ProgramSize,runs/2026-07-19/20260719_162321_efcd720aa8bc072d,True,4,5,34560,,,0.777,
2079e3a8e1b838e8,2026-07-19,2026-07-19T16:23:22.449177+00:00,d5156312,ladder,al1-mirror,train,al1-mirror:train,ad9ef8d0ffda58a9,5,al1-L0+rot180+mirror_recolor,5,SEARCH,d2/pool300/arity2/climNone:None/slimNone:None,BottomUpSearchEngine/const=finite-enumerate/fill=none/poly=monomorphize/allow=0,-,-,-,-,2,0,ProgramSize,runs/2026-07-19/20260719_162322_2079e3a8e1b838e8,True,5,5,132005,,,4.037,
c3dbb6382ce4c4fc,2026-07-19,2026-07-19T16:23:26.504144+00:00,d5156312,ladder,al1-mirror,train,al1-mirror:train,ad9ef8d0ffda58a9,5,al1-L0+mirror_recolor,4,SEARCH,d2/pool300/arity2/climNone:None/slimNone:None,BottomUpSearchEngine/const=finite-enumerate/fill=none/poly=monomorphize/allow=0,-,-,-,-,2,0,ProgramSize,runs/2026-07-19/20260719_162326_c3dbb6382ce4c4fc,True,5,5,131355,,,3.914,
116931a7be01f7b1,2026-07-20,2026-07-20T16:03:59.924075+00:00,c038fa15,ladder,al2-rot90-calibration,train,al2-rot90-calibration:train,2fe712f987194e40,3,al2-L0,2,SEARCH,d2/pool400/arity2/climNone:None/slimNone:None,BottomUpSearchEngine/const=none/fill=none/poly=monomorphize/allow=0,-,-,-,-,2,0,ProgramSize,runs/2026-07-20/20260720_160359_116931a7be01f7b1,True,2,3,21,,,0.001,
3087d426752efa13,2026-07-20,2026-07-20T16:03:59.888707+00:00,c038fa15,ladder,al2-rot90-calibration,train,al2-rot90-calibration:train,2fe712f987194e40,3,al2-L0+abs0,3,SEARCH,d2/pool400/arity2/climNone:None/slimNone:None,BottomUpSearchEngine/const=none/fill=none/poly=monomorphize/allow=0,-,-,-,-,2,0,ProgramSize,runs/2026-07-20/20260720_160359_3087d426752efa13,True,3,3,39,,,0.002,
8536d7dbbc227e32,2026-07-20,2026-07-20T16:03:59.869760+00:00,c038fa15,ladder,al2-rot90-calibration,train,al2-rot90-calibration:train,2fe712f987194e40,3,al2-L0,2,LEARN,d2/pool400/arity2/climNone:None/slimNone:None,BottomUpSearchEngine/const=none/fill=none/poly=monomorphize/allow=0,GreedyMDLLearnEngine,AntiunifyPairs,CompressionMetric,4,2,0,ProgramSize,runs/2026-07-20/20260720_160359_8536d7dbbc227e32,True,,,,,,0,
b15927ebfcf53813,2026-07-20,2026-07-20T16:03:59.906860+00:00,c038fa15,ladder,al2-rot90-calibration,heldout,al2-rot90-calibration:heldout,5305010ffeb299bc,2,al2-L0+abs0,3,SEARCH,d2/pool400/arity2/climNone:None/slimNone:None,BottomUpSearchEngine/const=none/fill=none/poly=monomorphize/allow=0,-,-,-,-,2,0,ProgramSize,runs/2026-07-20/20260720_160359_b15927ebfcf53813,True,2,2,26,,,0.002,
e92b05857cdd8682,2026-07-20,2026-07-20T16:03:59.941927+00:00,c038fa15,ladder,al2-rot90-calibration,train,al2-rot90-calibration:train,2fe712f987194e40,3,al2-L0+rot90,3,SEARCH,d2/pool400/arity2/climNone:None/slimNone:None,BottomUpSearchEngine/const=none/fill=none/poly=monomorphize/allow=0,-,-,-,-,2,0,ProgramSize,runs/2026-07-20/20260720_160359_e92b05857cdd8682,True,3,3,39,,,0.002,
dfe0b3c3bde753df,2026-07-20,2026-07-20T16:04:22.230317+00:00,c038fa15,ladder,al3-quad-symmetrize,train,al3-quad-symmetrize:train,e24f2e5fff828291,7,al3-L0,4,LEARN,d4/pool2000/arity2/climNone:None/slimNone:None,BottomUpSearchEngine/const=none/fill=none/poly=monomorphize/allow=0,GreedyMDLLearnEngine,AntiunifyPairs,CompressionMetric,6,2,0,ProgramSize,runs/2026-07-20/20260720_160422_dfe0b3c3bde753df,False,,,,,,,
181d364b56fc409c,2026-07-20,2026-07-20T16:14:42.885587+00:00,c038fa15,ladder,al5-perceiver-chain,train,al5-perceiver-chain:train,b75f64df08cab460,7,al5-L0,5,LEARN,d3/pool1500/arity3/climNone:None/slimNone:None,BottomUpSearchEngine/const=finite-enumerate/fill=none/poly=monomorphize/allow=0,GreedyMDLLearnEngine,AntiunifyPairs,CompressionMetric,6,2,0,ProgramSize,runs/2026-07-20/20260720_161442_181d364b56fc409c,True,,,,,,0,
5d2119ded6407198,2026-07-20,2026-07-20T16:14:42.885540+00:00,c038fa15,ladder,al4-mask-crop,train,al4-mask-crop:train,6de94d9fc9451544,7,al4-L0,9,LEARN,d4/pool2000/arity3/climNone:None/slimNone:None,BottomUpSearchEngine/const=finite-enumerate/fill=none/poly=monomorphize/allow=0,GreedyMDLLearnEngine,FrequentSubtree,CompressionMetric,6,2,0,ProgramSize,runs/2026-07-20/20260720_161442_5d2119ded6407198,True,,,,,,0,
b55286ef2b376052,2026-07-20,2026-07-20T16:15:55.799617+00:00,c038fa15,probe,?,probe,probe,fe4e5cbc111c7790,1,al3-L0,4,SEARCH,d2/pool2000/arity2/climNone:None/slimNone:None,BottomUpSearchEngine/const=none/fill=none/poly=monomorphize/allow=0,-,-,-,-,2,0,ProgramSize,runs/2026-07-20/20260720_161555_b55286ef2b376052,True,0,1,61,,,0.002,
d3d1e84f2e794d7f,2026-07-20,2026-07-20T16:15:55.818129+00:00,c038fa15,probe,?,probe,probe,fe4e5cbc111c7790,1,al3-L0,4,SEARCH,d3/pool2000/arity2/climNone:None/slimNone:None,BottomUpSearchEngine/const=none/fill=none/poly=monomorphize/allow=0,-,-,-,-,2,0,ProgramSize,runs/2026-07-20/20260720_161555_d3d1e84f2e794d7f,True,0,1,2521,,,0.045,
e3577aca03dc5770,2026-07-20,2026-07-20T16:15:55.879730+00:00,c038fa15,probe,?,probe,probe,fe4e5cbc111c7790,1,al3-L0,4,SEARCH,d4/pool2000/arity2/climNone:None/slimNone:None,BottomUpSearchEngine/const=none/fill=none/poly=monomorphize/allow=0,-,-,-,-,2,0,ProgramSize,runs/2026-07-20/20260720_161555_e3577aca03dc5770,True,0,1,973013,,,17.522,
0dea7007500b02e9,2026-07-20,2026-07-20T16:20:16.323012+00:00,c038fa15,ladder,al5-perceiver-chain,train,al5-perceiver-chain:train,b75f64df08cab460,7,al5-L0+abs0+abs1,7,SEARCH,d3/pool1500/arity3/climNone:None/slimNone:None,BottomUpSearchEngine/const=finite-enumerate/fill=none/poly=monomorphize/allow=0,-,-,-,-,2,0,ProgramSize,runs/2026-07-20/20260720_162016_0dea7007500b02e9,True,4,7,3834451,,,176.166,
802bee27b62da515,2026-07-20,2026-07-20T16:23:12.548151+00:00,c038fa15,ladder,al5-perceiver-chain,heldout,al5-perceiver-chain:heldout,39442ce67fd11b02,4,al5-L0+abs0+abs1,7,SEARCH,d3/pool1500/arity3/climNone:None/slimNone:None,BottomUpSearchEngine/const=finite-enumerate/fill=none/poly=monomorphize/allow=0,-,-,-,-,2,0,ProgramSize,runs/2026-07-20/20260720_162312_802bee27b62da515,True,1,4,2048367,,,94.688,
e9f000c4a0fbacc0,2026-07-20,2026-07-20T16:24:47.284325+00:00,c038fa15,ladder,al5-perceiver-chain,train,al5-perceiver-chain:train,b75f64df08cab460,7,al5-L0,5,SEARCH,d3/pool1500/arity3/climNone:None/slimNone:None,BottomUpSearchEngine/const=finite-enumerate/fill=none/poly=monomorphize/allow=0,-,-,-,-,2,0,ProgramSize,runs/2026-07-20/20260720_162447_e9f000c4a0fbacc0,True,4,7,3441518,,,156.452,
a69c3e0694e495bd,2026-07-20,2026-07-20T16:27:23.805763+00:00,c038fa15,ladder,al5-perceiver-chain,train,al5-perceiver-chain:train,b75f64df08cab460,7,al5-L0+swap_extremes,6,SEARCH,d3/pool1500/arity3/climNone:None/slimNone:None,BottomUpSearchEngine/const=finite-enumerate/fill=none/poly=monomorphize/allow=0,-,-,-,-,2,0,ProgramSize,runs/2026-07-20/20260720_162723_a69c3e0694e495bd,True,5,7,3481665,,,158.714,
a560baf94d1ff87e,2026-07-20,2026-07-20T16:30:02.614976+00:00,c038fa15,ladder,al5-perceiver-chain,train,al5-perceiver-chain:train,b75f64df08cab460,7,al5-L0+swap_extremes+swap_mirror,7,SEARCH,d3/pool1500/arity3/climNone:None/slimNone:None,BottomUpSearchEngine/const=finite-enumerate/fill=none/poly=monomorphize/allow=0,-,-,-,-,2,0,ProgramSize,runs/2026-07-20/20260720_163002_a560baf94d1ff87e,True,7,7,6311826,,,297.536,
4ad901b24f671a6d,2026-07-20,2026-07-20T16:35:00.210058+00:00,c038fa15,ladder,al5-perceiver-chain,train,al5-perceiver-chain:train,b75f64df08cab460,7,al5-L0+swap_extremes+swap_mirror+swap_stack,8,SEARCH,d3/pool1500/arity3/climNone:None/slimNone:None,BottomUpSearchEngine/const=finite-enumerate/fill=none/poly=monomorphize/allow=0,-,-,-,-,2,0,ProgramSize,runs/2026-07-20/20260720_163500_4ad901b24f671a6d,True,7,7,20409817,,,1717.851,
e4e15b71945b5138,2026-07-20,2026-07-20T16:51:44.583795+00:00,c038fa15,ladder,al4-mask-crop,train,al4-mask-crop:train,6de94d9fc9451544,7,al4-L0+abs0+abs1,11,SEARCH,d4/pool2000/arity3/climNone:None/slimNone:None,BottomUpSearchEngine/const=finite-enumerate/fill=none/poly=monomorphize/allow=0,-,-,-,-,2,0,ProgramSize,runs/2026-07-20/20260720_165144_e4e15b71945b5138,False,,,,,,,
4c9e7c44d31e8125,2026-07-20,2026-07-20T17:46:30.319988+00:00,c038fa15,ladder,al5-perceiver-chain,train,al5-perceiver-chain:train,b75f64df08cab460,7,al5-L0+swap_stack,6,SEARCH,d3/pool1500/arity3/climNone:None/slimNone:None,BottomUpSearchEngine/const=finite-enumerate/fill=none/poly=monomorphize/allow=0,-,-,-,-,2,0,ProgramSize,runs/2026-07-20/20260720_170338_4c9e7c44d31e8125,True,7,7,20080859,,,1536.034,
349a5170c462121b,2026-07-20,2026-07-20T19:14:32.021102+00:00,4674fa01,corpus,arc1-train,-,arc1-train,2aea3c0693cadf4f,400,atomic,10,SEARCH,d2/pool500/arity2/climNone:immediate/slim1:generation-end,BottomUpSearchEngine/const=finite-enumerate/fill=none/poly=monomorphize/allow=0,-,-,-,-,2,0,ProgramSize,runs/2026-07-20/20260720_191431_349a5170c462121b,True,11,400,2632841,False,True,76.793,
f99790cab0347d92,2026-07-20,2026-07-20T19:15:58.197492+00:00,4674fa01,corpus,arc1-train,-,arc1-train,2aea3c0693cadf4f,400,atomic,10,SEARCH,d2/pool500/arity2/climNone:immediate/slimNone:generation-end,BottomUpSearchEngine/const=finite-enumerate/fill=none/poly=monomorphize/allow=0,-,-,-,-,2,0,ProgramSize,runs/2026-07-20/20260720_191558_f99790cab0347d92,True,11,400,2704065,False,False,78.825,
7749cd131eb9b251,2026-07-20,2026-07-20T19:17:29.028092+00:00,4674fa01,corpus,arc1-train,-,arc1-train,2aea3c0693cadf4f,400,atomic,10,SEARCH,d2/pool500/arity2/climNone:immediate/slim1:immediate,BottomUpSearchEngine/const=finite-enumerate/fill=none/poly=monomorphize/allow=0,-,-,-,-,2,0,ProgramSize,runs/2026-07-20/20260720_191728_7749cd131eb9b251,True,11,400,2632003,False,True,76.712,
19baeceb28887f75,2026-07-20,2026-07-20T19:18:51.935777+00:00,4674fa01,corpus,arc1-train,-,arc1-train,2aea3c0693cadf4f,400,atomic,10,SEARCH,d2/pool500/arity2/clim50000:immediate/slimNone:generation-end,BottomUpSearchEngine/const=finite-enumerate/fill=none/poly=monomorphize/allow=0,-,-,-,-,2,0,ProgramSize,runs/2026-07-20/20260720_191851_19baeceb28887f75,True,11,400,2704065,False,False,79.7,
c1da80f979730b7a,2026-07-20,2026-07-20T19:20:46.723259+00:00,4674fa01,corpus,arc1-train,-,arc1-train,2aea3c0693cadf4f,400,atomic,10,SEARCH,d2/pool500/arity2/clim1000:immediate/slimNone:generation-end,BottomUpSearchEngine/const=finite-enumerate/fill=none/poly=monomorphize/allow=0,-,-,-,-,2,0,ProgramSize,runs/2026-07-20/20260720_192046_c1da80f979730b7a,True,11,400,400000,True,False,11.5,
38707f1f0f853bb1,2026-07-20,2026-07-20T19:32:51.708055+00:00,532e1255,ladder,al1-mirror,train,al1-mirror:train,ad9ef8d0ffda58a9,5,al1-L0,3,LEARN,d2/pool300/arity2/clim50000:generation-end/slimNone:generation-end,BottomUpSearchEngine/const=finite-enumerate/fill=none/poly=monomorphize/allow=0,GreedyMDLLearnEngine,AntiunifyPairs,CompressionMetric,5,2,0,ProgramSize,runs/2026-07-20/20260720_193251_38707f1f0f853bb1,True,,,,,,0,
e6c96b6934e2c462,2026-07-20,2026-07-20T19:32:57.809740+00:00,532e1255,ladder,al1-mirror,train,al1-mirror:train,ad9ef8d0ffda58a9,5,al1-L0+abs0+abs1,5,SEARCH,d2/pool300/arity2/clim50000:generation-end/slimNone:generation-end,BottomUpSearchEngine/const=finite-enumerate/fill=none/poly=monomorphize/allow=0,-,-,-,-,2,0,ProgramSize,runs/2026-07-20/20260720_193257_e6c96b6934e2c462,True,5,5,132005,False,False,4.317,
1418e3ea802bb8cc,2026-07-20,2026-07-20T19:33:02.145316+00:00,532e1255,ladder,al1-mirror,heldout,al1-mirror:heldout,26bb1f1993eb3a12,3,al1-L0+abs0+abs1,5,SEARCH,d2/pool300/arity2/clim50000:generation-end/slimNone:generation-end,BottomUpSearchEngine/const=finite-enumerate/fill=none/poly=monomorphize/allow=0,-,-,-,-,2,0,ProgramSize,runs/2026-07-20/20260720_193302_1418e3ea802bb8cc,True,3,3,79203,False,False,2.585,
15088d8542fff116,2026-07-20,2026-07-20T19:33:04.747527+00:00,532e1255,ladder,al1-mirror,train,al1-mirror:train,ad9ef8d0ffda58a9,5,al1-L0,3,SEARCH,d2/pool300/arity2/clim50000:generation-end/slimNone:generation-end,BottomUpSearchEngine/const=finite-enumerate/fill=none/poly=monomorphize/allow=0,-,-,-,-,2,0,ProgramSize,runs/2026-07-20/20260720_193304_15088d8542fff116,True,2,5,33715,False,False,0.788,
6082923251e8491f,2026-07-20,2026-07-20T19:33:05.560212+00:00,532e1255,ladder,al1-mirror,train,al1-mirror:train,ad9ef8d0ffda58a9,5,al1-L0+rot180,4,SEARCH,d2/pool300/arity2/clim50000:generation-end/slimNone:generation-end,BottomUpSearchEngine/const=finite-enumerate/fill=none/poly=monomorphize/allow=0,-,-,-,-,2,0,ProgramSize,runs/2026-07-20/20260720_193305_6082923251e8491f,True,4,5,34560,False,False,0.813,
e0b1f82641d72442,2026-07-20,2026-07-20T19:33:06.392161+00:00,532e1255,ladder,al1-mirror,train,al1-mirror:train,ad9ef8d0ffda58a9,5,al1-L0+rot180+mirror_recolor,5,SEARCH,d2/pool300/arity2/clim50000:generation-end/slimNone:generation-end,BottomUpSearchEngine/const=finite-enumerate/fill=none/poly=monomorphize/allow=0,-,-,-,-,2,0,ProgramSize,runs/2026-07-20/20260720_193306_e0b1f82641d72442,True,5,5,132005,False,False,4.347,
ecdf96ebbf9217b5,2026-07-20,2026-07-20T19:33:10.757577+00:00,532e1255,ladder,al1-mirror,train,al1-mirror:train,ad9ef8d0ffda58a9,5,al1-L0+mirror_recolor,4,SEARCH,d2/pool300/arity2/clim50000:generation-end/slimNone:generation-end,BottomUpSearchEngine/const=finite-enumerate/fill=none/poly=monomorphize/allow=0,-,-,-,-,2,0,ProgramSize,runs/2026-07-20/20260720_193310_ecdf96ebbf9217b5,True,5,5,131355,False,False,4.129,
2adce00dbf3246bd,2026-07-20,2026-07-21T15:10:40.362812+00:00,2d77c4d6,ladder,al3-quad-symmetrize,train,al3-quad-symmetrize:train,e24f2e5fff828291,7,al3-L0,4,LEARN,d4/pool2000/arity2/clim50000:generation-end/slimNone:generation-end,BottomUpSearchEngine/const=none/fill=none/poly=monomorphize/allow=0,GreedyMDLLearnEngine,AntiunifyPairs,CompressionMetric,6,2,0,ProgramSize,runs/2026-07-20/20260720_193350_2adce00dbf3246bd,False,,,,,,,
2f0ddcf49d49ebf3,2026-07-20,2026-07-20T19:33:50.115821+00:00,532e1255,ladder,al2-rot90-calibration,train,al2-rot90-calibration:train,2fe712f987194e40,3,al2-L0+rot90,3,SEARCH,d2/pool400/arity2/clim50000:generation-end/slimNone:generation-end,BottomUpSearchEngine/const=none/fill=none/poly=monomorphize/allow=0,-,-,-,-,2,0,ProgramSize,runs/2026-07-20/20260720_193350_2f0ddcf49d49ebf3,True,3,3,39,False,False,0.002,
465194d8b5f3bad9,2026-07-20,2026-07-20T19:33:50.054550+00:00,532e1255,ladder,al2-rot90-calibration,train,al2-rot90-calibration:train,2fe712f987194e40,3,al2-L0,2,LEARN,d2/pool400/arity2/clim50000:generation-end/slimNone:generation-end,BottomUpSearchEngine/const=none/fill=none/poly=monomorphize/allow=0,GreedyMDLLearnEngine,AntiunifyPairs,CompressionMetric,4,2,0,ProgramSize,runs/2026-07-20/20260720_193350_465194d8b5f3bad9,True,,,,,,0,
588c7cf425b7fc40,2026-07-20,2026-07-20T19:33:50.087325+00:00,532e1255,ladder,al2-rot90-calibration,heldout,al2-rot90-calibration:heldout,5305010ffeb299bc,2,al2-L0+abs0,3,SEARCH,d2/pool400/arity2/clim50000:generation-end/slimNone:generation-end,BottomUpSearchEngine/const=none/fill=none/poly=monomorphize/allow=0,-,-,-,-,2,0,ProgramSize,runs/2026-07-20/20260720_193350_588c7cf425b7fc40,True,2,2,26,False,False,0.002,
d6ed7c60f9532b60,2026-07-20,2026-07-20T19:33:50.071409+00:00,532e1255,ladder,al2-rot90-calibration,train,al2-rot90-calibration:train,2fe712f987194e40,3,al2-L0+abs0,3,SEARCH,d2/pool400/arity2/clim50000:generation-end/slimNone:generation-end,BottomUpSearchEngine/const=none/fill=none/poly=monomorphize/allow=0,-,-,-,-,2,0,ProgramSize,runs/2026-07-20/20260720_193350_d6ed7c60f9532b60,True,3,3,39,False,False,0.002,
ff3c478642e0fd10,2026-07-20,2026-07-20T19:33:50.101432+00:00,532e1255,ladder,al2-rot90-calibration,train,al2-rot90-calibration:train,2fe712f987194e40,3,al2-L0,2,SEARCH,d2/pool400/arity2/clim50000:generation-end/slimNone:generation-end,BottomUpSearchEngine/const=none/fill=none/poly=monomorphize/allow=0,-,-,-,-,2,0,ProgramSize,runs/2026-07-20/20260720_193350_ff3c478642e0fd10,True,2,3,21,False,False,0.002,
f59df7c49cd0e5e6,2026-07-20,2026-07-20T19:50:05.254751+00:00,532e1255,ladder,al3-quad-symmetrize,train,al3-quad-symmetrize:train,e24f2e5fff828291,7,al3-L0,4,LEARN,d4/pool2000/arity2/clim50000:immediate/slimNone:generation-end,BottomUpSearchEngine/const=none/fill=none/poly=monomorphize/allow=0,GreedyMDLLearnEngine,AntiunifyPairs,CompressionMetric,6,2,0,ProgramSize,runs/2026-07-20/20260720_195005_f59df7c49cd0e5e6,True,,,,,,0,
5b8f3bae433451f1,2026-07-20,2026-07-20T19:50:21.482316+00:00,532e1255,ladder,al3-quad-symmetrize,train,al3-quad-symmetrize:train,e24f2e5fff828291,7,al3-L0+abs0+abs1+abs2,7,SEARCH,d4/pool2000/arity2/clim50000:immediate/slimNone:generation-end,BottomUpSearchEngine/const=none/fill=none/poly=monomorphize/allow=0,-,-,-,-,2,0,ProgramSize,runs/2026-07-20/20260720_195021_5b8f3bae433451f1,True,7,7,350000,True,False,5.218,
7bfd3d26a9a3dbee,2026-07-20,2026-07-20T19:50:26.723749+00:00,532e1255,ladder,al3-quad-symmetrize,heldout,al3-quad-symmetrize:heldout,07fc853726462743,4,al3-L0+abs0+abs1+abs2,7,SEARCH,d4/pool2000/arity2/clim50000:immediate/slimNone:generation-end,BottomUpSearchEngine/const=none/fill=none/poly=monomorphize/allow=0,-,-,-,-,2,0,ProgramSize,runs/2026-07-20/20260720_195026_7bfd3d26a9a3dbee,True,4,4,200000,True,False,2.977,
becd385accfb3df6,2026-07-20,2026-07-20T19:50:29.720948+00:00,532e1255,ladder,al3-quad-symmetrize,train,al3-quad-symmetrize:train,e24f2e5fff828291,7,al3-L0,4,SEARCH,d4/pool2000/arity2/clim50000:immediate/slimNone:generation-end,BottomUpSearchEngine/const=none/fill=none/poly=monomorphize/allow=0,-,-,-,-,2,0,ProgramSize,runs/2026-07-20/20260720_195029_becd385accfb3df6,True,2,7,350000,True,False,5.705,
7b944c8c88bfe5ba,2026-07-20,2026-07-20T19:50:35.444494+00:00,532e1255,ladder,al3-quad-symmetrize,train,al3-quad-symmetrize:train,e24f2e5fff828291,7,al3-L0+quad,5,SEARCH,d4/pool2000/arity2/clim50000:immediate/slimNone:generation-end,BottomUpSearchEngine/const=none/fill=none/poly=monomorphize/allow=0,-,-,-,-,2,0,ProgramSize,runs/2026-07-20/20260720_195035_7b944c8c88bfe5ba,True,7,7,350000,True,False,5.234,
43d0df5ceb9edd05,2026-07-20,2026-07-20T19:50:40.698153+00:00,532e1255,ladder,al3-quad-symmetrize,train,al3-quad-symmetrize:train,e24f2e5fff828291,7,al3-L0+quad+band,6,SEARCH,d4/pool2000/arity2/clim50000:immediate/slimNone:generation-end,BottomUpSearchEngine/const=none/fill=none/poly=monomorphize/allow=0,-,-,-,-,2,0,ProgramSize,runs/2026-07-20/20260720_195040_43d0df5ceb9edd05,True,7,7,350000,True,False,5.29,
9bec91d9342759c7,2026-07-20,2026-07-20T19:50:46.008956+00:00,532e1255,ladder,al3-quad-symmetrize,train,al3-quad-symmetrize:train,e24f2e5fff828291,7,al3-L0+quad+band+tower,7,SEARCH,d4/pool2000/arity2/clim50000:immediate/slimNone:generation-end,BottomUpSearchEngine/const=none/fill=none/poly=monomorphize/allow=0,-,-,-,-,2,0,ProgramSize,runs/2026-07-20/20260720_195045_9bec91d9342759c7,True,7,7,350000,True,False,5.235,
9a9a732256c35f0b,2026-07-20,2026-07-20T19:50:51.266226+00:00,532e1255,ladder,al3-quad-symmetrize,train,al3-quad-symmetrize:train,e24f2e5fff828291,7,al3-L0+tower,5,SEARCH,d4/pool2000/arity2/clim50000:immediate/slimNone:generation-end,BottomUpSearchEngine/const=none/fill=none/poly=monomorphize/allow=0,-,-,-,-,2,0,ProgramSize,runs/2026-07-20/20260720_195051_9a9a732256c35f0b,True,5,7,350000,True,False,5.113,
7f9af880580b11c9,2026-07-20,2026-07-20T19:51:25.717873+00:00,532e1255,ladder,al1-mirror,train,al1-mirror:train,ad9ef8d0ffda58a9,5,al1-L0,3,LEARN,d2/pool300/arity2/clim50000:immediate/slimNone:generation-end,BottomUpSearchEngine/const=finite-enumerate/fill=none/poly=monomorphize/allow=0,GreedyMDLLearnEngine,AntiunifyPairs,CompressionMetric,5,2,0,ProgramSize,runs/2026-07-20/20260720_195125_7f9af880580b11c9,True,,,,,,0,
3165aa298e96f905,2026-07-20,2026-07-20T19:51:31.603915+00:00,532e1255,ladder,al1-mirror,train,al1-mirror:train,ad9ef8d0ffda58a9,5,al1-L0+abs0+abs1,5,SEARCH,d2/pool300/arity2/clim50000:immediate/slimNone:generation-end,BottomUpSearchEngine/const=finite-enumerate/fill=none/poly=monomorphize/allow=0,-,-,-,-,2,0,ProgramSize,runs/2026-07-20/20260720_195131_3165aa298e96f905,True,5,5,132005,False,False,4.211,
30f4a98e2521e9f5,2026-07-20,2026-07-20T19:51:35.831973+00:00,532e1255,ladder,al1-mirror,heldout,al1-mirror:heldout,26bb1f1993eb3a12,3,al1-L0+abs0+abs1,5,SEARCH,d2/pool300/arity2/clim50000:immediate/slimNone:generation-end,BottomUpSearchEngine/const=finite-enumerate/fill=none/poly=monomorphize/allow=0,-,-,-,-,2,0,ProgramSize,runs/2026-07-20/20260720_195135_30f4a98e2521e9f5,True,3,3,79203,False,False,2.507,
f2ed3aae91af7f14,2026-07-20,2026-07-20T19:51:38.355540+00:00,532e1255,ladder,al1-mirror,train,al1-mirror:train,ad9ef8d0ffda58a9,5,al1-L0,3,SEARCH,d2/pool300/arity2/clim50000:immediate/slimNone:generation-end,BottomUpSearchEngine/const=finite-enumerate/fill=none/poly=monomorphize/allow=0,-,-,-,-,2,0,ProgramSize,runs/2026-07-20/20260720_195138_f2ed3aae91af7f14,True,2,5,33715,False,False,0.755,
c0950821fb447c67,2026-07-20,2026-07-20T19:51:39.943345+00:00,532e1255,ladder,al1-mirror,train,al1-mirror:train,ad9ef8d0ffda58a9,5,al1-L0+rot180+mirror_recolor,5,SEARCH,d2/pool300/arity2/clim50000:immediate/slimNone:generation-end,BottomUpSearchEngine/const=finite-enumerate/fill=none/poly=monomorphize/allow=0,-,-,-,-,2,0,ProgramSize,runs/2026-07-20/20260720_195139_c0950821fb447c67,True,5,5,132005,False,False,4.232,
f51c440168c916a9,2026-07-20,2026-07-20T19:51:39.124568+00:00,532e1255,ladder,al1-mirror,train,al1-mirror:train,ad9ef8d0ffda58a9,5,al1-L0+rot180,4,SEARCH,d2/pool300/arity2/clim50000:immediate/slimNone:generation-end,BottomUpSearchEngine/const=finite-enumerate/fill=none/poly=monomorphize/allow=0,-,-,-,-,2,0,ProgramSize,runs/2026-07-20/20260720_195139_f51c440168c916a9,True,4,5,34560,False,False,0.802,
0806d0bd08d4659d,2026-07-20,2026-07-20T19:51:44.192971+00:00,532e1255,ladder,al1-mirror,train,al1-mirror:train,ad9ef8d0ffda58a9,5,al1-L0+mirror_recolor,4,SEARCH,d2/pool300/arity2/clim50000:immediate/slimNone:generation-end,BottomUpSearchEngine/const=finite-enumerate/fill=none/poly=monomorphize/allow=0,-,-,-,-,2,0,ProgramSize,runs/2026-07-20/20260720_195144_0806d0bd08d4659d,True,5,5,131355,False,False,4.125,
1bbde6bd1f01ae04,2026-07-20,2026-07-20T19:51:48.412786+00:00,532e1255,ladder,al2-rot90-calibration,train,al2-rot90-calibration:train,2fe712f987194e40,3,al2-L0,2,SEARCH,d2/pool400/arity2/clim50000:immediate/slimNone:generation-end,BottomUpSearchEngine/const=none/fill=none/poly=monomorphize/allow=0,-,-,-,-,2,0,ProgramSize,runs/2026-07-20/20260720_195148_1bbde6bd1f01ae04,True,2,3,21,False,False,0.002,
4492891746dddfd8,2026-07-20,2026-07-20T19:51:48.362794+00:00,532e1255,ladder,al2-rot90-calibration,train,al2-rot90-calibration:train,2fe712f987194e40,3,al2-L0,2,LEARN,d2/pool400/arity2/clim50000:immediate/slimNone:generation-end,BottomUpSearchEngine/const=none/fill=none/poly=monomorphize/allow=0,GreedyMDLLearnEngine,AntiunifyPairs,CompressionMetric,4,2,0,ProgramSize,runs/2026-07-20/20260720_195148_4492891746dddfd8,True,,,,,,0,
51d15513a9b8d15c,2026-07-20,2026-07-20T19:51:48.428710+00:00,532e1255,ladder,al2-rot90-calibration,train,al2-rot90-calibration:train,2fe712f987194e40,3,al2-L0+rot90,3,SEARCH,d2/pool400/arity2/clim50000:immediate/slimNone:generation-end,BottomUpSearchEngine/const=none/fill=none/poly=monomorphize/allow=0,-,-,-,-,2,0,ProgramSize,runs/2026-07-20/20260720_195148_51d15513a9b8d15c,True,3,3,39,False,False,0.002,
81df42552d5243b7,2026-07-20,2026-07-20T19:51:48.397074+00:00,532e1255,ladder,al2-rot90-calibration,heldout,al2-rot90-calibration:heldout,5305010ffeb299bc,2,al2-L0+abs0,3,SEARCH,d2/pool400/arity2/clim50000:immediate/slimNone:generation-end,BottomUpSearchEngine/const=none/fill=none/poly=monomorphize/allow=0,-,-,-,-,2,0,ProgramSize,runs/2026-07-20/20260720_195148_81df42552d5243b7,True,2,2,26,False,False,0.002,
8bf9efd73189a780,2026-07-20,2026-07-20T19:51:48.500463+00:00,532e1255,ladder,al4-mask-crop,train,al4-mask-crop:train,6de94d9fc9451544,7,al4-L0,9,LEARN,d4/pool2000/arity3/clim50000:immediate/slimNone:generation-end,BottomUpSearchEngine/const=finite-enumerate/fill=none/poly=monomorphize/allow=0,GreedyMDLLearnEngine,FrequentSubtree,CompressionMetric,6,2,0,ProgramSize,runs/2026-07-20/20260720_195148_8bf9efd73189a780,True,,,,,,0,
efea1b32c5171238,2026-07-20,2026-07-20T19:51:48.380607+00:00,532e1255,ladder,al2-rot90-calibration,train,al2-rot90-calibration:train,2fe712f987194e40,3,al2-L0+abs0,3,SEARCH,d2/pool400/arity2/clim50000:immediate/slimNone:generation-end,BottomUpSearchEngine/const=none/fill=none/poly=monomorphize/allow=0,-,-,-,-,2,0,ProgramSize,runs/2026-07-20/20260720_195148_efea1b32c5171238,True,3,3,39,False,False,0.002,
db2bada3024f6565,2026-07-20,2026-07-20T19:52:20.354936+00:00,532e1255,ladder,al4-mask-crop,train,al4-mask-crop:train,6de94d9fc9451544,7,al4-L0+abs0+abs1,11,SEARCH,d4/pool2000/arity3/clim50000:immediate/slimNone:generation-end,BottomUpSearchEngine/const=finite-enumerate/fill=none/poly=monomorphize/allow=0,-,-,-,-,2,0,ProgramSize,runs/2026-07-20/20260720_195220_db2bada3024f6565,True,3,7,350000,True,False,15.639,
4622c9c6548cb51c,2026-07-20,2026-07-20T19:52:36.017654+00:00,532e1255,ladder,al4-mask-crop,heldout,al4-mask-crop:heldout,6047debadcdd8697,4,al4-L0+abs0+abs1,11,SEARCH,d4/pool2000/arity3/clim50000:immediate/slimNone:generation-end,BottomUpSearchEngine/const=finite-enumerate/fill=none/poly=monomorphize/allow=0,-,-,-,-,2,0,ProgramSize,runs/2026-07-20/20260720_195236_4622c9c6548cb51c,True,1,4,200000,True,False,9.066,
31591f33a430a9d3,2026-07-20,2026-07-20T19:52:45.103266+00:00,532e1255,ladder,al4-mask-crop,train,al4-mask-crop:train,6de94d9fc9451544,7,al4-L0,9,SEARCH,d4/pool2000/arity3/clim50000:immediate/slimNone:generation-end,BottomUpSearchEngine/const=finite-enumerate/fill=none/poly=monomorphize/allow=0,-,-,-,-,2,0,ProgramSize,runs/2026-07-20/20260720_195245_31591f33a430a9d3,True,2,7,350000,True,False,16.311,
4bfbab613177385f,2026-07-20,2026-07-20T19:53:01.438458+00:00,532e1255,ladder,al4-mask-crop,train,al4-mask-crop:train,6de94d9fc9451544,7,al4-L0+nonbg_mask,10,SEARCH,d4/pool2000/arity3/clim50000:immediate/slimNone:generation-end,BottomUpSearchEngine/const=finite-enumerate/fill=none/poly=monomorphize/allow=0,-,-,-,-,2,0,ProgramSize,runs/2026-07-20/20260720_195301_4bfbab613177385f,True,3,7,350000,True,False,15.949,
c5b457b506fa0c7c,2026-07-20,2026-07-20T19:53:17.409229+00:00,532e1255,ladder,al4-mask-crop,train,al4-mask-crop:train,6de94d9fc9451544,7,al4-L0+nonbg_mask+flatten_content,11,SEARCH,d4/pool2000/arity3/clim50000:immediate/slimNone:generation-end,BottomUpSearchEngine/const=finite-enumerate/fill=none/poly=monomorphize/allow=0,-,-,-,-,2,0,ProgramSize,runs/2026-07-20/20260720_195317_c5b457b506fa0c7c,True,7,7,350000,True,False,10.699,
8208592e01337dcd,2026-07-20,2026-07-20T19:53:28.133400+00:00,532e1255,ladder,al4-mask-crop,train,al4-mask-crop:train,6de94d9fc9451544,7,al4-L0+nonbg_mask+flatten_content+stamp,12,SEARCH,d4/pool2000/arity3/clim50000:immediate/slimNone:generation-end,BottomUpSearchEngine/const=finite-enumerate/fill=none/poly=monomorphize/allow=0,-,-,-,-,2,0,ProgramSize,runs/2026-07-20/20260720_195328_8208592e01337dcd,True,7,7,350000,True,False,22.834,
75461fa71b678bbd,2026-07-20,2026-07-20T19:53:50.989712+00:00,532e1255,ladder,al4-mask-crop,train,al4-mask-crop:train,6de94d9fc9451544,7,al4-L0+stamp,10,SEARCH,d4/pool2000/arity3/clim50000:immediate/slimNone:generation-end,BottomUpSearchEngine/const=finite-enumerate/fill=none/poly=monomorphize/allow=0,-,-,-,-,2,0,ProgramSize,runs/2026-07-20/20260720_195350_75461fa71b678bbd,True,4,7,350000,True,False,23.703,
5654662f14a7e1cf,2026-07-20,2026-07-20T19:54:14.751862+00:00,532e1255,ladder,al5-perceiver-chain,train,al5-perceiver-chain:train,b75f64df08cab460,7,al5-L0,5,LEARN,d3/pool1500/arity3/clim50000:immediate/slimNone:generation-end,BottomUpSearchEngine/const=finite-enumerate/fill=none/poly=monomorphize/allow=0,GreedyMDLLearnEngine,AntiunifyPairs,CompressionMetric,6,2,0,ProgramSize,runs/2026-07-20/20260720_195414_5654662f14a7e1cf,True,,,,,,0,
f78d56be36b08799,2026-07-20,2026-07-20T19:54:40.290281+00:00,532e1255,ladder,al5-perceiver-chain,train,al5-perceiver-chain:train,b75f64df08cab460,7,al5-L0+abs0+abs1,7,SEARCH,d3/pool1500/arity3/clim50000:immediate/slimNone:generation-end,BottomUpSearchEngine/const=finite-enumerate/fill=none/poly=monomorphize/allow=0,-,-,-,-,2,0,ProgramSize,runs/2026-07-20/20260720_195440_f78d56be36b08799,True,3,7,350000,True,False,10.903,
c72b78ec93e29ab9,2026-07-20,2026-07-20T19:54:51.212044+00:00,532e1255,ladder,al5-perceiver-chain,heldout,al5-perceiver-chain:heldout,39442ce67fd11b02,4,al5-L0+abs0+abs1,7,SEARCH,d3/pool1500/arity3/clim50000:immediate/slimNone:generation-end,BottomUpSearchEngine/const=finite-enumerate/fill=none/poly=monomorphize/allow=0,-,-,-,-,2,0,ProgramSize,runs/2026-07-20/20260720_195451_c72b78ec93e29ab9,True,1,4,200000,True,False,6.34,
bfaded2d52b4b6ce,2026-07-20,2026-07-20T19:54:57.568533+00:00,532e1255,ladder,al5-perceiver-chain,train,al5-perceiver-chain:train,b75f64df08cab460,7,al5-L0,5,SEARCH,d3/pool1500/arity3/clim50000:immediate/slimNone:generation-end,BottomUpSearchEngine/const=finite-enumerate/fill=none/poly=monomorphize/allow=0,-,-,-,-,2,0,ProgramSize,runs/2026-07-20/20260720_195457_bfaded2d52b4b6ce,True,3,7,350000,True,False,14.658,
9fd36c144f90a58a,2026-07-20,2026-07-20T19:55:12.247878+00:00,532e1255,ladder,al5-perceiver-chain,train,al5-perceiver-chain:train,b75f64df08cab460,7,al5-L0+swap_extremes,6,SEARCH,d3/pool1500/arity3/clim50000:immediate/slimNone:generation-end,BottomUpSearchEngine/const=finite-enumerate/fill=none/poly=monomorphize/allow=0,-,-,-,-,2,0,ProgramSize,runs/2026-07-20/20260720_195512_9fd36c144f90a58a,True,5,7,350000,True,False,14.685,
d6dfa45e4336674d,2026-07-20,2026-07-20T19:55:26.956641+00:00,532e1255,ladder,al5-perceiver-chain,train,al5-perceiver-chain:train,b75f64df08cab460,7,al5-L0+swap_extremes+swap_mirror,7,SEARCH,d3/pool1500/arity3/clim50000:immediate/slimNone:generation-end,BottomUpSearchEngine/const=finite-enumerate/fill=none/poly=monomorphize/allow=0,-,-,-,-,2,0,ProgramSize,runs/2026-07-20/20260720_195526_d6dfa45e4336674d,True,7,7,350000,True,False,15.085,
7289b1f77f54f1a4,2026-07-20,2026-07-20T19:55:42.063089+00:00,532e1255,ladder,al5-perceiver-chain,train,al5-perceiver-chain:train,b75f64df08cab460,7,al5-L0+swap_extremes+swap_mirror+swap_stack,8,SEARCH,d3/pool1500/arity3/clim50000:immediate/slimNone:generation-end,BottomUpSearchEngine/const=finite-enumerate/fill=none/poly=monomorphize/allow=0,-,-,-,-,2,0,ProgramSize,runs/2026-07-20/20260720_195542_7289b1f77f54f1a4,True,7,7,350000,True,False,17.494,
36c9a50102d70807,2026-07-20,2026-07-20T19:55:59.578590+00:00,532e1255,ladder,al5-perceiver-chain,train,al5-perceiver-chain:train,b75f64df08cab460,7,al5-L0+swap_stack,6,SEARCH,d3/pool1500/arity3/clim50000:immediate/slimNone:generation-end,BottomUpSearchEngine/const=finite-enumerate/fill=none/poly=monomorphize/allow=0,-,-,-,-,2,0,ProgramSize,runs/2026-07-20/20260720_195559_36c9a50102d70807,True,7,7,350000,True,False,16.802,
1fdc5e91af17b06d,2026-07-20,2026-07-20T19:56:16.443698+00:00,532e1255,ladder,al6-mirror-tall,train,al6-mirror-tall:train,60f1e73b03682fa7,9,al6-L0,5,LEARN,d3/pool1500/arity3/clim50000:immediate/slimNone:generation-end,BottomUpSearchEngine/const=finite-enumerate/fill=none/poly=monomorphize/allow=0,GreedyMDLLearnEngine,AntiunifyPairs,CompressionMetric,7,2,0,ProgramSize,runs/2026-07-20/20260720_195616_1fdc5e91af17b06d,True,,,,,,0,
efa8854291a72d64,2026-07-20,2026-07-20T19:56:53.493468+00:00,532e1255,ladder,al6-mirror-tall,train,al6-mirror-tall:train,60f1e73b03682fa7,9,al6-L0+abs0,6,SEARCH,d3/pool1500/arity3/clim50000:immediate/slimNone:generation-end,BottomUpSearchEngine/const=finite-enumerate/fill=none/poly=monomorphize/allow=0,-,-,-,-,2,0,ProgramSize,runs/2026-07-20/20260720_195653_efa8854291a72d64,True,3,9,450000,True,False,18.587,
5e77cd405071f422,2026-07-20,2026-07-20T19:57:12.102496+00:00,532e1255,ladder,al6-mirror-tall,heldout,al6-mirror-tall:heldout,587e03e97a895701,5,al6-L0+abs0,6,SEARCH,d3/pool1500/arity3/clim50000:immediate/slimNone:generation-end,BottomUpSearchEngine/const=finite-enumerate/fill=none/poly=monomorphize/allow=0,-,-,-,-,2,0,ProgramSize,runs/2026-07-20/20260720_195712_5e77cd405071f422,True,3,5,250000,True,False,10.446,
8ff4789ea2995be8,2026-07-20,2026-07-20T19:57:22.570009+00:00,532e1255,ladder,al6-mirror-tall,train,al6-mirror-tall:train,60f1e73b03682fa7,9,al6-L0,5,SEARCH,d3/pool1500/arity3/clim50000:immediate/slimNone:generation-end,BottomUpSearchEngine/const=finite-enumerate/fill=none/poly=monomorphize/allow=0,-,-,-,-,2,0,ProgramSize,runs/2026-07-20/20260720_195722_8ff4789ea2995be8,True,3,9,450000,True,False,18.597,
fdcba67001e330b4,2026-07-20,2026-07-20T19:57:41.187259+00:00,532e1255,ladder,al6-mirror-tall,train,al6-mirror-tall:train,60f1e73b03682fa7,9,al6-L0+rot180,6,SEARCH,d3/pool1500/arity3/clim50000:immediate/slimNone:generation-end,BottomUpSearchEngine/const=finite-enumerate/fill=none/poly=monomorphize/allow=0,-,-,-,-,2,0,ProgramSize,runs/2026-07-20/20260720_195741_fdcba67001e330b4,True,3,9,450000,True,False,18.727,
2ab17d1eaeef146e,2026-07-20,2026-07-20T19:57:59.943993+00:00,532e1255,ladder,al6-mirror-tall,train,al6-mirror-tall:train,60f1e73b03682fa7,9,al6-L0+rot180+norm_mirror,7,SEARCH,d3/pool1500/arity3/clim50000:immediate/slimNone:generation-end,BottomUpSearchEngine/const=finite-enumerate/fill=none/poly=monomorphize/allow=0,-,-,-,-,2,0,ProgramSize,runs/2026-07-20/20260720_195759_2ab17d1eaeef146e,True,6,9,450000,True,False,19.634,
1e4d89a37fc40026,2026-07-20,2026-07-20T19:58:19.600370+00:00,532e1255,ladder,al6-mirror-tall,train,al6-mirror-tall:train,60f1e73b03682fa7,9,al6-L0+rot180+norm_mirror+norm_stack,8,SEARCH,d3/pool1500/arity3/clim50000:immediate/slimNone:generation-end,BottomUpSearchEngine/const=finite-enumerate/fill=none/poly=monomorphize/allow=0,-,-,-,-,2,0,ProgramSize,runs/2026-07-20/20260720_195819_1e4d89a37fc40026,True,7,9,450000,True,False,21.621,
f9f4e08c06c265e6,2026-07-20,2026-07-20T19:58:41.244854+00:00,532e1255,ladder,al6-mirror-tall,train,al6-mirror-tall:train,60f1e73b03682fa7,9,al6-L0+rot180+norm_mirror+norm_stack+norm_quad,9,SEARCH,d3/pool1500/arity3/clim50000:immediate/slimNone:generation-end,BottomUpSearchEngine/const=finite-enumerate/fill=none/poly=monomorphize/allow=0,-,-,-,-,2,0,ProgramSize,runs/2026-07-20/20260720_195841_f9f4e08c06c265e6,True,9,9,450000,True,False,17.297,
8b68698a5a5d2dc7,2026-07-20,2026-07-20T19:58:58.566142+00:00,532e1255,ladder,al6-mirror-tall,train,al6-mirror-tall:train,60f1e73b03682fa7,9,al6-L0+norm_quad,6,SEARCH,d3/pool1500/arity3/clim50000:immediate/slimNone:generation-end,BottomUpSearchEngine/const=finite-enumerate/fill=none/poly=monomorphize/allow=0,-,-,-,-,2,0,ProgramSize,runs/2026-07-20/20260720_195858_8b68698a5a5d2dc7,True,8,9,450000,True,False,22.242,
b268e700a25bcbda,2026-07-20,2026-07-20T19:59:20.876306+00:00,532e1255,ladder,al7-fast-tower,train,al7-fast-tower:train,677c217a6964b73f,11,al7-L0,4,LEARN,d2/pool400/arity2/clim50000:immediate/slimNone:generation-end,BottomUpSearchEngine/const=none/fill=none/poly=monomorphize/allow=0,GreedyMDLLearnEngine,AntiunifyPairs,CompressionMetric,8,2,0,ProgramSize,runs/2026-07-20/20260720_195920_b268e700a25bcbda,True,,,,,,0,
04f1dfb497eff4ef,2026-07-20,2026-07-20T19:59:21.734759+00:00,532e1255,ladder,al8-lean-perceiver,train,al8-lean-perceiver:train,6f04d9d8bce1718f,7,al8-L0,5,LEARN,d3/pool1500/arity3/clim50000:immediate/slimNone:generation-end,BottomUpSearchEngine/const=none/fill=none/poly=monomorphize/allow=0,GreedyMDLLearnEngine,AntiunifyPairs,CompressionMetric,6,2,0,ProgramSize,runs/2026-07-20/20260720_195921_04f1dfb497eff4ef,True,,,,,,0,
06318eeefc224b9a,2026-07-20,2026-07-20T19:59:21.405642+00:00,532e1255,ladder,al7-fast-tower,train,al7-fast-tower:train,677c217a6964b73f,11,al7-L0+mirror+stack2+wide4+tall4,8,SEARCH,d2/pool400/arity2/clim50000:immediate/slimNone:generation-end,BottomUpSearchEngine/const=none/fill=none/poly=monomorphize/allow=0,-,-,-,-,2,0,ProgramSize,runs/2026-07-20/20260720_195921_06318eeefc224b9a,True,11,11,2387,False,False,0.073,
361c291e4f1a05bb,2026-07-20,2026-07-20T19:59:21.297528+00:00,532e1255,ladder,al7-fast-tower,train,al7-fast-tower:train,677c217a6964b73f,11,al7-L0+mirror+stack2,6,SEARCH,d2/pool400/arity2/clim50000:immediate/slimNone:generation-end,BottomUpSearchEngine/const=none/fill=none/poly=monomorphize/allow=0,-,-,-,-,2,0,ProgramSize,runs/2026-07-20/20260720_195921_361c291e4f1a05bb,True,8,11,1397,False,False,0.03,
47c0bb5786e2c94e,2026-07-20,2026-07-20T19:59:21.343103+00:00,532e1255,ladder,al7-fast-tower,train,al7-fast-tower:train,677c217a6964b73f,11,al7-L0+mirror+stack2+wide4,7,SEARCH,d2/pool400/arity2/clim50000:immediate/slimNone:generation-end,BottomUpSearchEngine/const=none/fill=none/poly=monomorphize/allow=0,-,-,-,-,2,0,ProgramSize,runs/2026-07-20/20260720_195921_47c0bb5786e2c94e,True,10,11,1859,False,False,0.046,
7982308a21e50716,2026-07-20,2026-07-20T19:59:21.496278+00:00,532e1255,ladder,al7-fast-tower,train,al7-fast-tower:train,677c217a6964b73f,11,al7-L0+mirror+stack2+wide4+tall4+wide8,9,SEARCH,d2/pool400/arity2/clim50000:immediate/slimNone:generation-end,BottomUpSearchEngine/const=none/fill=none/poly=monomorphize/allow=0,-,-,-,-,2,0,ProgramSize,runs/2026-07-20/20260720_195921_7982308a21e50716,True,11,11,2981,False,False,0.13,
7b9cc62625996f96,2026-07-20,2026-07-20T19:59:21.230799+00:00,532e1255,ladder,al7-fast-tower,train,al7-fast-tower:train,677c217a6964b73f,11,al7-L0,4,SEARCH,d2/pool400/arity2/clim50000:immediate/slimNone:generation-end,BottomUpSearchEngine/const=none/fill=none/poly=monomorphize/allow=0,-,-,-,-,2,0,ProgramSize,runs/2026-07-20/20260720_195921_7b9cc62625996f96,True,2,11,671,False,False,0.015,
b90da56dcad2ac20,2026-07-20,2026-07-20T19:59:21.087779+00:00,532e1255,ladder,al7-fast-tower,train,al7-fast-tower:train,677c217a6964b73f,11,al7-L0+abs0+abs1+abs2+abs3+abs4,9,SEARCH,d2/pool400/arity2/clim50000:immediate/slimNone:generation-end,BottomUpSearchEngine/const=none/fill=none/poly=monomorphize/allow=0,-,-,-,-,2,0,ProgramSize,runs/2026-07-20/20260720_195921_b90da56dcad2ac20,True,11,11,2981,False,False,0.07,
e7b2777ce7a3ad94,2026-07-20,2026-07-20T19:59:21.176411+00:00,532e1255,ladder,al7-fast-tower,heldout,al7-fast-tower:heldout,77a982a3429eeb94,6,al7-L0+abs0+abs1+abs2+abs3+abs4,9,SEARCH,d2/pool400/arity2/clim50000:immediate/slimNone:generation-end,BottomUpSearchEngine/const=none/fill=none/poly=monomorphize/allow=0,-,-,-,-,2,0,ProgramSize,runs/2026-07-20/20260720_195921_e7b2777ce7a3ad94,True,6,6,1626,False,False,0.037,
f7e2bed8272335f5,2026-07-20,2026-07-20T19:59:21.645428+00:00,532e1255,ladder,al7-fast-tower,train,al7-fast-tower:train,677c217a6964b73f,11,al7-L0+wide8,5,SEARCH,d2/pool400/arity2/clim50000:immediate/slimNone:generation-end,BottomUpSearchEngine/const=none/fill=none/poly=monomorphize/allow=0,-,-,-,-,2,0,ProgramSize,runs/2026-07-20/20260720_195921_f7e2bed8272335f5,True,5,11,1001,False,False,0.043,
f846fdf6ea0e46b1,2026-07-20,2026-07-20T19:59:21.261166+00:00,532e1255,ladder,al7-fast-tower,train,al7-fast-tower:train,677c217a6964b73f,11,al7-L0+mirror,5,SEARCH,d2/pool400/arity2/clim50000:immediate/slimNone:generation-end,BottomUpSearchEngine/const=none/fill=none/poly=monomorphize/allow=0,-,-,-,-,2,0,ProgramSize,runs/2026-07-20/20260720_195921_f846fdf6ea0e46b1,True,4,11,1001,False,False,0.021,
1255cb562bf076ec,2026-07-20,2026-07-20T19:59:22.915586+00:00,532e1255,ladder,al9-decoy,train,al9-decoy:train,6ef5397feabb05c2,13,al7-L0,4,LEARN,d2/pool400/arity2/clim50000:immediate/slimNone:generation-end,BottomUpSearchEngine/const=none/fill=none/poly=monomorphize/allow=0,GreedyMDLLearnEngine,AntiunifyPairs,CompressionMetric,8,2,0,ProgramSize,runs/2026-07-20/20260720_195922_1255cb562bf076ec,True,,,,,,0,
48f542bb19727125,2026-07-20,2026-07-20T19:59:22.062297+00:00,532e1255,ladder,al8-lean-perceiver,train,al8-lean-perceiver:train,6f04d9d8bce1718f,7,al8-L0+abs0+abs1+abs2+abs3,9,SEARCH,d3/pool1500/arity3/clim50000:immediate/slimNone:generation-end,BottomUpSearchEngine/const=none/fill=none/poly=monomorphize/allow=0,-,-,-,-,2,0,ProgramSize,runs/2026-07-20/20260720_195922_48f542bb19727125,True,7,7,8631,False,False,0.31,
67cfff37b0f3f407,2026-07-20,2026-07-20T19:59:22.724204+00:00,532e1255,ladder,al8-lean-perceiver,train,al8-lean-perceiver:train,6f04d9d8bce1718f,7,al8-L0+swap_ext+swap_mir+swap_stk,8,SEARCH,d3/pool1500/arity3/clim50000:immediate/slimNone:generation-end,BottomUpSearchEngine/const=none/fill=none/poly=monomorphize/allow=0,-,-,-,-,2,0,ProgramSize,runs/2026-07-20/20260720_195922_67cfff37b0f3f407,True,7,7,2135,False,False,0.083,
6cc410f389d53758,2026-07-20,2026-07-20T19:59:22.576164+00:00,532e1255,ladder,al8-lean-perceiver,train,al8-lean-perceiver:train,6f04d9d8bce1718f,7,al8-L0,5,SEARCH,d3/pool1500/arity3/clim50000:immediate/slimNone:generation-end,BottomUpSearchEngine/const=none/fill=none/poly=monomorphize/allow=0,-,-,-,-,2,0,ProgramSize,runs/2026-07-20/20260720_195922_6cc410f389d53758,True,7,7,567,False,False,0.017,
7d8b54323371789c,2026-07-20,2026-07-20T19:59:22.607838+00:00,532e1255,ladder,al8-lean-perceiver,train,al8-lean-perceiver:train,6f04d9d8bce1718f,7,al8-L0+swap_ext,6,SEARCH,d3/pool1500/arity3/clim50000:immediate/slimNone:generation-end,BottomUpSearchEngine/const=none/fill=none/poly=monomorphize/allow=0,-,-,-,-,2,0,ProgramSize,runs/2026-07-20/20260720_195922_7d8b54323371789c,True,7,7,1085,False,False,0.034,
af3aa49ca0097387,2026-07-20,2026-07-20T19:59:22.393950+00:00,532e1255,ladder,al8-lean-perceiver,heldout,al8-lean-perceiver:heldout,69bf9215dcdea61e,4,al8-L0+abs0+abs1+abs2+abs3,9,SEARCH,d3/pool1500/arity3/clim50000:immediate/slimNone:generation-end,BottomUpSearchEngine/const=none/fill=none/poly=monomorphize/allow=0,-,-,-,-,2,0,ProgramSize,runs/2026-07-20/20260720_195922_af3aa49ca0097387,True,4,4,4932,False,False,0.164,
e05b01636867d562,2026-07-20,2026-07-20T19:59:22.657133+00:00,532e1255,ladder,al8-lean-perceiver,train,al8-lean-perceiver:train,6f04d9d8bce1718f,7,al8-L0+swap_ext+swap_mir,7,SEARCH,d3/pool1500/arity3/clim50000:immediate/slimNone:generation-end,BottomUpSearchEngine/const=none/fill=none/poly=monomorphize/allow=0,-,-,-,-,2,0,ProgramSize,runs/2026-07-20/20260720_195922_e05b01636867d562,True,7,7,1582,False,False,0.051,
fd1f7dbe497d3b7b,2026-07-20,2026-07-20T19:59:22.824851+00:00,532e1255,ladder,al8-lean-perceiver,train,al8-lean-perceiver:train,6f04d9d8bce1718f,7,al8-L0+swap_stk,6,SEARCH,d3/pool1500/arity3/clim50000:immediate/slimNone:generation-end,BottomUpSearchEngine/const=none/fill=none/poly=monomorphize/allow=0,-,-,-,-,2,0,ProgramSize,runs/2026-07-20/20260720_195922_fd1f7dbe497d3b7b,True,7,7,1281,False,False,0.048,
044eefbc737ebd6f,2026-07-20,2026-07-20T19:59:24.003496+00:00,532e1255,ladder,al10-skippable,train,al10-skippable:train,0bb49138c62c03c9,3,al2-L0,2,SEARCH,d4/pool4000/arity2/clim50000:immediate/slimNone:generation-end,BottomUpSearchEngine/const=none/fill=none/poly=monomorphize/allow=0,-,-,-,-,2,0,ProgramSize,runs/2026-07-20/20260720_195923_044eefbc737ebd6f,True,3,3,45,False,False,0.003,
1ab6a9553214adaa,2026-07-20,2026-07-20T19:59:23.212843+00:00,532e1255,ladder,al9-decoy,train,al9-decoy:train,6ef5397feabb05c2,13,al7-L0+abs0+abs1+abs2+abs3+abs4+abs5,10,SEARCH,d2/pool400/arity2/clim50000:immediate/slimNone:generation-end,BottomUpSearchEngine/const=none/fill=none/poly=monomorphize/allow=0,-,-,-,-,2,0,ProgramSize,runs/2026-07-20/20260720_195923_1ab6a9553214adaa,True,13,13,4303,False,False,0.094,
20c97598f17e81e8,2026-07-20,2026-07-20T19:59:23.462617+00:00,532e1255,ladder,al9-decoy,train,al9-decoy:train,6ef5397feabb05c2,13,al7-L0+mirror+stack2,6,SEARCH,d2/pool400/arity2/clim50000:immediate/slimNone:generation-end,BottomUpSearchEngine/const=none/fill=none/poly=monomorphize/allow=0,-,-,-,-,2,0,ProgramSize,runs/2026-07-20/20260720_195923_20c97598f17e81e8,True,10,13,1651,False,False,0.035,
3fe8f7a7244980f0,2026-07-20,2026-07-20T19:59:23.688117+00:00,532e1255,ladder,al9-decoy,train,al9-decoy:train,6ef5397feabb05c2,13,al7-L0+mirror+stack2+wide4+tall4+wide8,9,SEARCH,d2/pool400/arity2/clim50000:immediate/slimNone:generation-end,BottomUpSearchEngine/const=none/fill=none/poly=monomorphize/allow=0,-,-,-,-,2,0,ProgramSize,runs/2026-07-20/20260720_195923_3fe8f7a7244980f0,True,13,13,3523,False,False,0.148,
44e0c415944f266d,2026-07-20,2026-07-20T19:59:23.953171+00:00,532e1255,ladder,al10-skippable,train,al10-skippable:train,0bb49138c62c03c9,3,al2-L0,2,LEARN,d4/pool4000/arity2/clim50000:immediate/slimNone:generation-end,BottomUpSearchEngine/const=none/fill=none/poly=monomorphize/allow=0,GreedyMDLLearnEngine,AntiunifyPairs,CompressionMetric,4,2,0,ProgramSize,runs/2026-07-20/20260720_195923_44e0c415944f266d,True,,,,,,0,
55a2755823461467,2026-07-20,2026-07-20T19:59:23.326091+00:00,532e1255,ladder,al9-decoy,heldout,al9-decoy:heldout,1d788f0b56a10f89,6,al7-L0+abs0+abs1+abs2+abs3+abs4+abs5,10,SEARCH,d2/pool400/arity2/clim50000:immediate/slimNone:generation-end,BottomUpSearchEngine/const=none/fill=none/poly=monomorphize/allow=0,-,-,-,-,2,0,ProgramSize,runs/2026-07-20/20260720_195923_55a2755823461467,True,6,6,1986,False,False,0.044,
767c719e8654567f,2026-07-20,2026-07-20T19:59:23.583271+00:00,532e1255,ladder,al9-decoy,train,al9-decoy:train,6ef5397feabb05c2,13,al7-L0+mirror+stack2+wide4+tall4,8,SEARCH,d2/pool400/arity2/clim50000:immediate/slimNone:generation-end,BottomUpSearchEngine/const=none/fill=none/poly=monomorphize/allow=0,-,-,-,-,2,0,ProgramSize,runs/2026-07-20/20260720_195923_767c719e8654567f,True,13,13,2821,False,False,0.086,
85bb165ef240fd66,2026-07-20,2026-07-20T19:59:23.514438+00:00,532e1255,ladder,al9-decoy,train,al9-decoy:train,6ef5397feabb05c2,13,al7-L0+mirror+stack2+wide4,7,SEARCH,d2/pool400/arity2/clim50000:immediate/slimNone:generation-end,BottomUpSearchEngine/const=none/fill=none/poly=monomorphize/allow=0,-,-,-,-,2,0,ProgramSize,runs/2026-07-20/20260720_195923_85bb165ef240fd66,True,12,13,2197,False,False,0.052,
a20a500a3278f7f1,2026-07-20,2026-07-20T19:59:23.971607+00:00,532e1255,ladder,al10-skippable,train,al10-skippable:train,0bb49138c62c03c9,3,al2-L0+abs0,3,SEARCH,d4/pool4000/arity2/clim50000:immediate/slimNone:generation-end,BottomUpSearchEngine/const=none/fill=none/poly=monomorphize/allow=0,-,-,-,-,2,0,ProgramSize,runs/2026-07-20/20260720_195923_a20a500a3278f7f1,True,3,3,75,False,False,0.004,
cee44c882ebc1d7d,2026-07-20,2026-07-20T19:59:23.387940+00:00,532e1255,ladder,al9-decoy,train,al9-decoy:train,6ef5397feabb05c2,13,al7-L0,4,SEARCH,d2/pool400/arity2/clim50000:immediate/slimNone:generation-end,BottomUpSearchEngine/const=none/fill=none/poly=monomorphize/allow=0,-,-,-,-,2,0,ProgramSize,runs/2026-07-20/20260720_195923_cee44c882ebc1d7d,True,4,13,793,False,False,0.018,
dca97da3ffc21d1c,2026-07-20,2026-07-20T19:59:23.988023+00:00,532e1255,ladder,al10-skippable,heldout,al10-skippable:heldout,d7faeeb7f16315bb,2,al2-L0+abs0,3,SEARCH,d4/pool4000/arity2/clim50000:immediate/slimNone:generation-end,BottomUpSearchEngine/const=none/fill=none/poly=monomorphize/allow=0,-,-,-,-,2,0,ProgramSize,runs/2026-07-20/20260720_195923_dca97da3ffc21d1c,True,2,2,50,False,False,0.002,
de4b3782f4822583,2026-07-20,2026-07-20T19:59:23.855132+00:00,532e1255,ladder,al9-decoy,train,al9-decoy:train,6ef5397feabb05c2,13,al7-L0+wide8,5,SEARCH,d2/pool400/arity2/clim50000:immediate/slimNone:generation-end,BottomUpSearchEngine/const=none/fill=none/poly=monomorphize/allow=0,-,-,-,-,2,0,ProgramSize,runs/2026-07-20/20260720_195923_de4b3782f4822583,True,7,13,1183,False,False,0.049,
efda422d08dfd68a,2026-07-20,2026-07-20T19:59:23.422154+00:00,532e1255,ladder,al9-decoy,train,al9-decoy:train,6ef5397feabb05c2,13,al7-L0+mirror,5,SEARCH,d2/pool400/arity2/clim50000:immediate/slimNone:generation-end,BottomUpSearchEngine/const=none/fill=none/poly=monomorphize/allow=0,-,-,-,-,2,0,ProgramSize,runs/2026-07-20/20260720_195923_efda422d08dfd68a,True,6,13,1183,False,False,0.025,
39ec14e2a292af90,2026-07-20,2026-07-20T19:59:24.046185+00:00,532e1255,ladder,al11-greedy-trap,train,al11-greedy-trap:train,eda88ccd0ea3cca3,14,al7-L0,4,LEARN,d2/pool400/arity2/clim50000:immediate/slimNone:generation-end,BottomUpSearchEngine/const=none/fill=none/poly=monomorphize/allow=0,GreedyMDLLearnEngine,AntiunifyPairs,CompressionMetric,8,2,0,ProgramSize,runs/2026-07-20/20260720_195924_39ec14e2a292af90,True,,,,,,0,
6d153336924b8cef,2026-07-20,2026-07-20T19:59:24.019343+00:00,532e1255,ladder,al10-skippable,train,al10-skippable:train,0bb49138c62c03c9,3,al2-L0+rot90,3,SEARCH,d4/pool4000/arity2/clim50000:immediate/slimNone:generation-end,BottomUpSearchEngine/const=none/fill=none/poly=monomorphize/allow=0,-,-,-,-,2,0,ProgramSize,runs/2026-07-20/20260720_195924_6d153336924b8cef,True,3,3,75,False,False,0.004,
6eb9c2b858d211f2,2026-07-20,2026-07-20T19:59:24.288651+00:00,532e1255,ladder,al11-greedy-trap,train,al11-greedy-trap:train,eda88ccd0ea3cca3,14,al7-L0+abs0+abs1+abs2+abs3+abs4+abs5,10,SEARCH,d2/pool400/arity2/clim50000:immediate/slimNone:generation-end,BottomUpSearchEngine/const=none/fill=none/poly=monomorphize/allow=0,-,-,-,-,2,0,ProgramSize,runs/2026-07-20/20260720_195924_6eb9c2b858d211f2,True,14,14,4634,False,False,0.104,
7984376950a33ddb,2026-07-20,2026-07-20T19:59:24.990802+00:00,532e1255,ladder,al11-greedy-trap,train,al11-greedy-trap:train,eda88ccd0ea3cca3,14,al7-L0+wide8,5,SEARCH,d2/pool400/arity2/clim50000:immediate/slimNone:generation-end,BottomUpSearchEngine/const=none/fill=none/poly=monomorphize/allow=0,-,-,-,-,2,0,ProgramSize,runs/2026-07-20/20260720_195924_7984376950a33ddb,True,8,14,1274,False,False,0.054,
8421f6e6d93a64f7,2026-07-20,2026-07-20T19:59:24.556351+00:00,532e1255,ladder,al11-greedy-trap,train,al11-greedy-trap:train,eda88ccd0ea3cca3,14,al7-L0+mirror+stack2,6,SEARCH,d2/pool400/arity2/clim50000:immediate/slimNone:generation-end,BottomUpSearchEngine/const=none/fill=none/poly=monomorphize/allow=0,-,-,-,-,2,0,ProgramSize,runs/2026-07-20/20260720_195924_8421f6e6d93a64f7,True,11,14,1778,False,False,0.038,
a0972ac5d4eb360c,2026-07-20,2026-07-20T19:59:24.412960+00:00,532e1255,ladder,al11-greedy-trap,heldout,al11-greedy-trap:heldout,21fb64964629cbeb,6,al7-L0+abs0+abs1+abs2+abs3+abs4+abs5,10,SEARCH,d2/pool400/arity2/clim50000:immediate/slimNone:generation-end,BottomUpSearchEngine/const=none/fill=none/poly=monomorphize/allow=0,-,-,-,-,2,0,ProgramSize,runs/2026-07-20/20260720_195924_a0972ac5d4eb360c,True,6,6,1986,False,False,0.048,
ae1c126a2e94bad0,2026-07-20,2026-07-20T19:59:24.612042+00:00,532e1255,ladder,al11-greedy-trap,train,al11-greedy-trap:train,eda88ccd0ea3cca3,14,al7-L0+mirror+stack2+wide4,7,SEARCH,d2/pool400/arity2/clim50000:immediate/slimNone:generation-end,BottomUpSearchEngine/const=none/fill=none/poly=monomorphize/allow=0,-,-,-,-,2,0,ProgramSize,runs/2026-07-20/20260720_195924_ae1c126a2e94bad0,True,13,14,2366,False,False,0.056,
b2c419d284e6268f,2026-07-20,2026-07-20T19:59:24.802989+00:00,532e1255,ladder,al11-greedy-trap,train,al11-greedy-trap:train,eda88ccd0ea3cca3,14,al7-L0+mirror+stack2+wide4+tall4+wide8,9,SEARCH,d2/pool400/arity2/clim50000:immediate/slimNone:generation-end,BottomUpSearchEngine/const=none/fill=none/poly=monomorphize/allow=0,-,-,-,-,2,0,ProgramSize,runs/2026-07-20/20260720_195924_b2c419d284e6268f,True,14,14,3794,False,False,0.167,
c180d67e36c35bdf,2026-07-20,2026-07-20T19:59:24.513024+00:00,532e1255,ladder,al11-greedy-trap,train,al11-greedy-trap:train,eda88ccd0ea3cca3,14,al7-L0+mirror,5,SEARCH,d2/pool400/arity2/clim50000:immediate/slimNone:generation-end,BottomUpSearchEngine/const=none/fill=none/poly=monomorphize/allow=0,-,-,-,-,2,0,ProgramSize,runs/2026-07-20/20260720_195924_c180d67e36c35bdf,True,7,14,1274,False,False,0.027,
d989fae41013225d,2026-07-20,2026-07-20T19:59:24.688825+00:00,532e1255,ladder,al11-greedy-trap,train,al11-greedy-trap:train,eda88ccd0ea3cca3,14,al7-L0+mirror+stack2+wide4+tall4,8,SEARCH,d2/pool400/arity2/clim50000:immediate/slimNone:generation-end,BottomUpSearchEngine/const=none/fill=none/poly=monomorphize/allow=0,-,-,-,-,2,0,ProgramSize,runs/2026-07-20/20260720_195924_d989fae41013225d,True,14,14,3038,False,False,0.093,
e10628ccfac696b9,2026-07-20,2026-07-20T19:59:24.478523+00:00,532e1255,ladder,al11-greedy-trap,train,al11-greedy-trap:train,eda88ccd0ea3cca3,14,al7-L0,4,SEARCH,d2/pool400/arity2/clim50000:immediate/slimNone:generation-end,BottomUpSearchEngine/const=none/fill=none/poly=monomorphize/allow=0,-,-,-,-,2,0,ProgramSize,runs/2026-07-20/20260720_195924_e10628ccfac696b9,True,5,14,854,False,False,0.019,
44e4cccd03ba22a9,2026-07-20,2026-07-20T19:59:25.137666+00:00,532e1255,ladder,al12-unlearnable,train,al12-unlearnable:train,1ef32fbb7e617f68,2,al2-L0+rot90,3,SEARCH,d2/pool400/arity2/clim50000:immediate/slimNone:generation-end,BottomUpSearchEngine/const=none/fill=none/poly=monomorphize/allow=0,-,-,-,-,2,0,ProgramSize,runs/2026-07-20/20260720_195925_44e4cccd03ba22a9,True,2,2,26,False,False,0.002,
76f35c8e8d57909e,2026-07-20,2026-07-20T19:59:25.096489+00:00,532e1255,ladder,al12-unlearnable,train,al12-unlearnable:train,1ef32fbb7e617f68,2,al2-L0,2,LEARN,d2/pool400/arity2/clim50000:immediate/slimNone:generation-end,BottomUpSearchEngine/const=none/fill=none/poly=monomorphize/allow=0,GreedyMDLLearnEngine,AntiunifyPairs,CompressionMetric,4,2,0,ProgramSize,runs/2026-07-20/20260720_195925_76f35c8e8d57909e,True,,,,,,0,
8bde0865bd2c2ef8,2026-07-20,2026-07-20T19:59:25.156255+00:00,532e1255,ladder,al13-symmetry-repair,train,al13-symmetry-repair:train,86fd01f678e8c38b,5,al13-L0,4,LEARN,d3/pool1000/arity3/clim50000:immediate/slimNone:generation-end,BottomUpSearchEngine/const=finite-enumerate/fill=none/poly=monomorphize/allow=0,GreedyMDLLearnEngine,AntiunifyPairs,CompressionMetric,5,2,0,ProgramSize,runs/2026-07-20/20260720_195925_8bde0865bd2c2ef8,True,,,,,,0,
cb9d2b9bb5c87512,2026-07-20,2026-07-20T19:59:25.122783+00:00,532e1255,ladder,al12-unlearnable,heldout,al12-unlearnable:heldout,a4043cdf8c06abbb,2,al2-L0,2,SEARCH,d2/pool400/arity2/clim50000:immediate/slimNone:generation-end,BottomUpSearchEngine/const=none/fill=none/poly=monomorphize/allow=0,-,-,-,-,2,0,ProgramSize,runs/2026-07-20/20260720_195925_cb9d2b9bb5c87512,True,1,2,14,False,False,0.001,
ea585e51ab8bbd02,2026-07-20,2026-07-20T19:59:25.109912+00:00,532e1255,ladder,al12-unlearnable,train,al12-unlearnable:train,1ef32fbb7e617f68,2,al2-L0,2,SEARCH,d2/pool400/arity2/clim50000:immediate/slimNone:generation-end,BottomUpSearchEngine/const=none/fill=none/poly=monomorphize/allow=0,-,-,-,-,2,0,ProgramSize,runs/2026-07-20/20260720_195925_ea585e51ab8bbd02,True,1,2,14,False,False,0.001,
96ac56099b01a68e,2026-07-20,2026-07-20T19:59:28.520695+00:00,532e1255,ladder,al13-symmetry-repair,train,al13-symmetry-repair:train,86fd01f678e8c38b,5,al13-L0+abs0,5,SEARCH,d3/pool1000/arity3/clim50000:immediate/slimNone:generation-end,BottomUpSearchEngine/const=finite-enumerate/fill=none/poly=monomorphize/allow=0,-,-,-,-,2,0,ProgramSize,runs/2026-07-20/20260720_195928_96ac56099b01a68e,True,5,5,94495,False,False,2.725,
267001ae3349fe78,2026-07-20,2026-07-20T19:59:31.262822+00:00,532e1255,ladder,al13-symmetry-repair,heldout,al13-symmetry-repair:heldout,ad0ae9b661bf1d14,3,al13-L0+abs0,5,SEARCH,d3/pool1000/arity3/clim50000:immediate/slimNone:generation-end,BottomUpSearchEngine/const=finite-enumerate/fill=none/poly=monomorphize/allow=0,-,-,-,-,2,0,ProgramSize,runs/2026-07-20/20260720_195931_267001ae3349fe78,True,3,3,74019,False,False,2.223,
4d590f29e5c96eec,2026-07-20,2026-07-20T19:59:33.503277+00:00,532e1255,ladder,al13-symmetry-repair,train,al13-symmetry-repair:train,86fd01f678e8c38b,5,al13-L0,4,SEARCH,d3/pool1000/arity3/clim50000:immediate/slimNone:generation-end,BottomUpSearchEngine/const=finite-enumerate/fill=none/poly=monomorphize/allow=0,-,-,-,-,2,0,ProgramSize,runs/2026-07-20/20260720_195933_4d590f29e5c96eec,True,5,5,20110,False,False,0.581,
3355d75b1fcef663,2026-07-20,2026-07-20T19:59:34.107591+00:00,532e1255,ladder,al13-symmetry-repair,train,al13-symmetry-repair:train,86fd01f678e8c38b,5,al13-L0+sym_h,5,SEARCH,d3/pool1000/arity3/clim50000:immediate/slimNone:generation-end,BottomUpSearchEngine/const=finite-enumerate/fill=none/poly=monomorphize/allow=0,-,-,-,-,2,0,ProgramSize,runs/2026-07-20/20260720_195934_3355d75b1fcef663,True,5,5,148665,False,False,3.977,
b49406db88126afb,2026-07-20,2026-07-20T19:59:38.103719+00:00,532e1255,ladder,al13-symmetry-repair,train,al13-symmetry-repair:train,86fd01f678e8c38b,5,al13-L0+sym_h+sym_both,6,SEARCH,d3/pool1000/arity3/clim50000:immediate/slimNone:generation-end,BottomUpSearchEngine/const=finite-enumerate/fill=none/poly=monomorphize/allow=0,-,-,-,-,2,0,ProgramSize,runs/2026-07-20/20260720_195938_b49406db88126afb,True,5,5,149365,False,False,3.989,
ed3e74b0f4d204d2,2026-07-20,2026-07-20T19:59:42.110742+00:00,532e1255,ladder,al13-symmetry-repair,train,al13-symmetry-repair:train,86fd01f678e8c38b,5,al13-L0+sym_both,5,SEARCH,d3/pool1000/arity3/clim50000:immediate/slimNone:generation-end,BottomUpSearchEngine/const=finite-enumerate/fill=none/poly=monomorphize/allow=0,-,-,-,-,2,0,ProgramSize,runs/2026-07-20/20260720_195942_ed3e74b0f4d204d2,True,5,5,148665,False,False,3.987,
6b363b6bc2737249,2026-07-20,2026-07-20T20:00:05.048932+00:00,532e1255,ladder,al14-cell-row-grid,train,al14-cell-row-grid:train,236c03d8c4f51fb0,7,al14-L0,3,LEARN,d3/pool2000/arity4/clim50000:immediate/slimNone:generation-end,BottomUpSearchEngine/const=finite-enumerate/fill=none/poly=monomorphize/allow=0,GreedyMDLLearnEngine,AntiunifyPairs,CompressionMetric,6,2,0,ProgramSize,runs/2026-07-20/20260720_200005_6b363b6bc2737249,True,,,,,,0,
fad17ed1b0a6aa03,2026-07-20,2026-07-20T20:00:10.218544+00:00,532e1255,ladder,al14-cell-row-grid,train,al14-cell-row-grid:train,236c03d8c4f51fb0,7,al14-L0,3,SEARCH,d3/pool2000/arity4/clim50000:immediate/slimNone:generation-end,BottomUpSearchEngine/const=finite-enumerate/fill=none/poly=monomorphize/allow=0,-,-,-,-,2,0,ProgramSize,runs/2026-07-20/20260720_200010_fad17ed1b0a6aa03,True,1,7,350000,True,False,5.177,
824afdd3a947b283,2026-07-20,2026-07-20T20:00:15.413279+00:00,532e1255,ladder,al14-cell-row-grid,heldout,al14-cell-row-grid:heldout,00ca33c55f6caa94,4,al14-L0,3,SEARCH,d3/pool2000/arity4/clim50000:immediate/slimNone:generation-end,BottomUpSearchEngine/const=finite-enumerate/fill=none/poly=monomorphize/allow=0,-,-,-,-,2,0,ProgramSize,runs/2026-07-20/20260720_200015_824afdd3a947b283,True,0,4,200000,True,False,2.975,
094b165a86615f3b,2026-07-20,2026-07-20T20:00:18.406592+00:00,532e1255,ladder,al14-cell-row-grid,train,al14-cell-row-grid:train,236c03d8c4f51fb0,7,al14-L0+move_cell_up,4,SEARCH,d3/pool2000/arity4/clim50000:immediate/slimNone:generation-end,BottomUpSearchEngine/const=finite-enumerate/fill=none/poly=monomorphize/allow=0,-,-,-,-,2,0,ProgramSize,runs/2026-07-20/20260720_200018_094b165a86615f3b,True,2,7,350000,True,False,5.287,
0efaa0535a828410,2026-07-20,2026-07-20T20:00:23.713170+00:00,532e1255,ladder,al14-cell-row-grid,train,al14-cell-row-grid:train,236c03d8c4f51fb0,7,al14-L0+move_cell_up+move_row_up,5,SEARCH,d3/pool2000/arity4/clim50000:immediate/slimNone:generation-end,BottomUpSearchEngine/const=finite-enumerate/fill=none/poly=monomorphize/allow=0,-,-,-,-,2,0,ProgramSize,runs/2026-07-20/20260720_200023_0efaa0535a828410,True,4,7,350000,True,False,5.348,
81080023ad4c860e,2026-07-20,2026-07-20T20:00:29.080708+00:00,532e1255,ladder,al14-cell-row-grid,train,al14-cell-row-grid:train,236c03d8c4f51fb0,7,al14-L0+move_cell_up+move_row_up+move_grid_up,6,SEARCH,d3/pool2000/arity4/clim50000:immediate/slimNone:generation-end,BottomUpSearchEngine/const=finite-enumerate/fill=none/poly=monomorphize/allow=0,-,-,-,-,2,0,ProgramSize,runs/2026-07-20/20260720_200029_81080023ad4c860e,True,6,7,350000,True,False,5.371,
8cf1ccf7f3221031,2026-07-20,2026-07-20T20:00:34.501557+00:00,532e1255,ladder,al14-cell-row-grid,train,al14-cell-row-grid:train,236c03d8c4f51fb0,7,al14-L0+move_grid_up,4,SEARCH,d3/pool2000/arity4/clim50000:immediate/slimNone:generation-end,BottomUpSearchEngine/const=finite-enumerate/fill=none/poly=monomorphize/allow=0,-,-,-,-,2,0,ProgramSize,runs/2026-07-20/20260720_200034_8cf1ccf7f3221031,True,3,7,350000,True,False,5.388,
bac92496c19597e1,2026-07-20,2026-07-20T20:19:00.134922+00:00,532e1255,ladder,al13-symmetry-repair,train,al13-symmetry-repair:train,6ac71b46d63a68f3,5,al13-L0,4,LEARN,d3/pool1000/arity3/clim50000:immediate/slimNone:generation-end,BottomUpSearchEngine/const=finite-enumerate/fill=none/poly=monomorphize/allow=0,GreedyMDLLearnEngine,AntiunifyPairs,CompressionMetric,5,2,0,ProgramSize,runs/2026-07-20/20260720_201900_bac92496c19597e1,True,,,,,,0,
3553627ec189e9e9,2026-07-20,2026-07-20T20:19:15.376609+00:00,532e1255,ladder,al13-symmetry-repair,train,al13-symmetry-repair:train,6ac71b46d63a68f3,5,al13-L0+abs0+abs1,6,SEARCH,d3/pool1000/arity3/clim50000:immediate/slimNone:generation-end,BottomUpSearchEngine/const=finite-enumerate/fill=none/poly=monomorphize/allow=0,-,-,-,-,2,0,ProgramSize,runs/2026-07-20/20260720_201915_3553627ec189e9e9,True,5,5,250000,True,False,7.482,
511ba6ca455648a2,2026-07-20,2026-07-20T20:19:22.875996+00:00,532e1255,ladder,al13-symmetry-repair,heldout,al13-symmetry-repair:heldout,ddfd73cdb66eb47f,3,al13-L0+abs0+abs1,6,SEARCH,d3/pool1000/arity3/clim50000:immediate/slimNone:generation-end,BottomUpSearchEngine/const=finite-enumerate/fill=none/poly=monomorphize/allow=0,-,-,-,-,2,0,ProgramSize,runs/2026-07-20/20260720_201922_511ba6ca455648a2,True,3,3,150000,True,False,4.527,
05e4e883cc9bb0d0,2026-07-20,2026-07-20T20:19:27.419791+00:00,532e1255,ladder,al13-symmetry-repair,train,al13-symmetry-repair:train,6ac71b46d63a68f3,5,al13-L0,4,SEARCH,d3/pool1000/arity3/clim50000:immediate/slimNone:generation-end,BottomUpSearchEngine/const=finite-enumerate/fill=none/poly=monomorphize/allow=0,-,-,-,-,2,0,ProgramSize,runs/2026-07-20/20260720_201927_05e4e883cc9bb0d0,True,4,5,250000,True,False,7.706,
f3618faefe2d75bb,2026-07-20,2026-07-20T20:19:35.141922+00:00,532e1255,ladder,al13-symmetry-repair,train,al13-symmetry-repair:train,6ac71b46d63a68f3,5,al13-L0+sym_h,5,SEARCH,d3/pool1000/arity3/clim50000:immediate/slimNone:generation-end,BottomUpSearchEngine/const=finite-enumerate/fill=none/poly=monomorphize/allow=0,-,-,-,-,2,0,ProgramSize,runs/2026-07-20/20260720_201935_f3618faefe2d75bb,True,4,5,250000,True,False,7.71,
938715b04809cd8a,2026-07-20,2026-07-20T20:19:42.870820+00:00,532e1255,ladder,al13-symmetry-repair,train,al13-symmetry-repair:train,6ac71b46d63a68f3,5,al13-L0+sym_h+sym_both,6,SEARCH,d3/pool1000/arity3/clim50000:immediate/slimNone:generation-end,BottomUpSearchEngine/const=finite-enumerate/fill=none/poly=monomorphize/allow=0,-,-,-,-,2,0,ProgramSize,runs/2026-07-20/20260720_201942_938715b04809cd8a,True,5,5,250000,True,False,7.84,
22a17a171c7583d4,2026-07-20,2026-07-20T20:19:50.728194+00:00,532e1255,ladder,al13-symmetry-repair,train,al13-symmetry-repair:train,6ac71b46d63a68f3,5,al13-L0+sym_both,5,SEARCH,d3/pool1000/arity3/clim50000:immediate/slimNone:generation-end,BottomUpSearchEngine/const=finite-enumerate/fill=none/poly=monomorphize/allow=0,-,-,-,-,2,0,ProgramSize,runs/2026-07-20/20260720_201950_22a17a171c7583d4,True,5,5,250000,True,False,7.771,
afdc39a501151351,2026-07-20,2026-07-20T20:35:15.912915+00:00,532e1255,ladder,al14-cell-row-grid,train,al14-cell-row-grid:train,236c03d8c4f51fb0,7,al14-L0,3,LEARN,d3/pool2000/arity4/clim400000:immediate/slimNone:generation-end,BottomUpSearchEngine/const=finite-enumerate/fill=none/poly=monomorphize/allow=0,GreedyMDLLearnEngine,AntiunifyPairs,CompressionMetric,6,2,0,ProgramSize,runs/2026-07-20/20260720_203515_afdc39a501151351,True,,,,,,0,
8c4304d6b3214eac,2026-07-20,2026-07-20T20:37:53.380190+00:00,532e1255,ladder,al14-cell-row-grid,train,al14-cell-row-grid:train,236c03d8c4f51fb0,7,al14-L0+abs0,4,SEARCH,d3/pool2000/arity4/clim400000:immediate/slimNone:generation-end,BottomUpSearchEngine/const=finite-enumerate/fill=none/poly=monomorphize/allow=0,-,-,-,-,2,0,ProgramSize,runs/2026-07-20/20260720_203753_8c4304d6b3214eac,True,2,7,2800000,True,False,54.281,
e92bf2d7f822be62,2026-07-20,2026-07-20T20:38:47.681044+00:00,532e1255,ladder,al14-cell-row-grid,heldout,al14-cell-row-grid:heldout,00ca33c55f6caa94,4,al14-L0+abs0,4,SEARCH,d3/pool2000/arity4/clim400000:immediate/slimNone:generation-end,BottomUpSearchEngine/const=finite-enumerate/fill=none/poly=monomorphize/allow=0,-,-,-,-,2,0,ProgramSize,runs/2026-07-20/20260720_203847_e92bf2d7f822be62,True,1,4,1600000,True,False,30.728,
71ee8aafea54fd40,2026-07-20,2026-07-20T20:39:18.427118+00:00,532e1255,ladder,al14-cell-row-grid,train,al14-cell-row-grid:train,236c03d8c4f51fb0,7,al14-L0,3,SEARCH,d3/pool2000/arity4/clim400000:immediate/slimNone:generation-end,BottomUpSearchEngine/const=finite-enumerate/fill=none/poly=monomorphize/allow=0,-,-,-,-,2,0,ProgramSize,runs/2026-07-20/20260720_203918_71ee8aafea54fd40,True,2,7,2800000,True,False,105.029,
db5f0e666bd23ff0,2026-07-20,2026-07-20T20:41:03.475040+00:00,532e1255,ladder,al14-cell-row-grid,train,al14-cell-row-grid:train,236c03d8c4f51fb0,7,al14-L0+move_cell_up,4,SEARCH,d3/pool2000/arity4/clim400000:immediate/slimNone:generation-end,BottomUpSearchEngine/const=finite-enumerate/fill=none/poly=monomorphize/allow=0,-,-,-,-,2,0,ProgramSize,runs/2026-07-20/20260720_204103_db5f0e666bd23ff0,True,2,7,2800000,True,False,100.171,
2092ba5fcb2e85cc,2026-07-20,2026-07-20T20:42:43.665259+00:00,532e1255,ladder,al14-cell-row-grid,train,al14-cell-row-grid:train,236c03d8c4f51fb0,7,al14-L0+move_cell_up+move_row_up,5,SEARCH,d3/pool2000/arity4/clim400000:immediate/slimNone:generation-end,BottomUpSearchEngine/const=finite-enumerate/fill=none/poly=monomorphize/allow=0,-,-,-,-,2,0,ProgramSize,runs/2026-07-20/20260720_204243_2092ba5fcb2e85cc,True,4,7,2800000,True,False,99.316,
dd960f8039474430,2026-07-20,2026-07-20T20:44:23.003697+00:00,532e1255,ladder,al14-cell-row-grid,train,al14-cell-row-grid:train,236c03d8c4f51fb0,7,al14-L0+move_cell_up+move_row_up+move_grid_up,6,SEARCH,d3/pool2000/arity4/clim400000:immediate/slimNone:generation-end,BottomUpSearchEngine/const=finite-enumerate/fill=none/poly=monomorphize/allow=0,-,-,-,-,2,0,ProgramSize,runs/2026-07-20/20260720_204422_dd960f8039474430,True,7,7,2800000,True,False,98.597,
db9eab37f0792138,2026-07-20,2026-07-20T20:46:01.650971+00:00,532e1255,ladder,al14-cell-row-grid,train,al14-cell-row-grid:train,236c03d8c4f51fb0,7,al14-L0+move_grid_up,4,SEARCH,d3/pool2000/arity4/clim400000:immediate/slimNone:generation-end,BottomUpSearchEngine/const=finite-enumerate/fill=none/poly=monomorphize/allow=0,-,-,-,-,2,0,ProgramSize,runs/2026-07-20/20260720_204601_db9eab37f0792138,True,5,7,2800000,True,False,111.037,
c95e9b26b79d70c6,2026-07-20,2026-07-20T20:53:47.950032+00:00,532e1255,ladder,al15-shift-frame,train,al15-shift-frame:train,4726db5e6f42f1ef,5,al15-L0,3,LEARN,d2/pool400/arity2/clim50000:immediate/slimNone:generation-end,BottomUpSearchEngine/const=finite-enumerate/fill=none/poly=monomorphize/allow=0,GreedyMDLLearnEngine,AntiunifyPairs,CompressionMetric,5,2,0,ProgramSize,runs/2026-07-20/20260720_205347_c95e9b26b79d70c6,True,,,,,,0,
5591091af05e22e4,2026-07-20,2026-07-20T20:53:49.807930+00:00,532e1255,ladder,al15-shift-frame,heldout,al15-shift-frame:heldout,0a30807383683c89,3,al15-L0+abs0+abs1,5,SEARCH,d2/pool400/arity2/clim50000:immediate/slimNone:generation-end,BottomUpSearchEngine/const=finite-enumerate/fill=none/poly=monomorphize/allow=0,-,-,-,-,2,0,ProgramSize,runs/2026-07-20/20260720_205349_5591091af05e22e4,True,3,3,11805,False,False,0.284,
fda985581f0d49a5,2026-07-20,2026-07-20T20:53:49.310430+00:00,532e1255,ladder,al15-shift-frame,train,al15-shift-frame:train,4726db5e6f42f1ef,5,al15-L0+abs0+abs1,5,SEARCH,d2/pool400/arity2/clim50000:immediate/slimNone:generation-end,BottomUpSearchEngine/const=finite-enumerate/fill=none/poly=monomorphize/allow=0,-,-,-,-,2,0,ProgramSize,runs/2026-07-20/20260720_205349_fda985581f0d49a5,True,5,5,19675,False,False,0.479,
7a86a952a3777eee,2026-07-20,2026-07-20T20:53:50.108852+00:00,532e1255,ladder,al15-shift-frame,train,al15-shift-frame:train,4726db5e6f42f1ef,5,al15-L0,3,SEARCH,d2/pool400/arity2/clim50000:immediate/slimNone:generation-end,BottomUpSearchEngine/const=finite-enumerate/fill=none/poly=monomorphize/allow=0,-,-,-,-,2,0,ProgramSize,runs/2026-07-20/20260720_205350_7a86a952a3777eee,True,2,5,17935,False,False,0.427,
8794e4c104f12a1f,2026-07-20,2026-07-20T20:53:50.552245+00:00,532e1255,ladder,al15-shift-frame,train,al15-shift-frame:train,4726db5e6f42f1ef,5,al15-L0+shift_stack,4,SEARCH,d2/pool400/arity2/clim50000:immediate/slimNone:generation-end,BottomUpSearchEngine/const=finite-enumerate/fill=none/poly=monomorphize/allow=0,-,-,-,-,2,0,ProgramSize,runs/2026-07-20/20260720_205350_8794e4c104f12a1f,True,4,5,18795,False,False,0.444,
a22ec0fe9c14a7a6,2026-07-20,2026-07-20T20:53:51.012550+00:00,532e1255,ladder,al15-shift-frame,train,al15-shift-frame:train,4726db5e6f42f1ef,5,al15-L0+shift_stack+framed,5,SEARCH,d2/pool400/arity2/clim50000:immediate/slimNone:generation-end,BottomUpSearchEngine/const=finite-enumerate/fill=none/poly=monomorphize/allow=0,-,-,-,-,2,0,ProgramSize,runs/2026-07-20/20260720_205350_a22ec0fe9c14a7a6,True,5,5,19675,False,False,0.662,
449750dd05a5ddb0,2026-07-20,2026-07-20T20:53:51.693388+00:00,532e1255,ladder,al15-shift-frame,train,al15-shift-frame:train,4726db5e6f42f1ef,5,al15-L0+framed,4,SEARCH,d2/pool400/arity2/clim50000:immediate/slimNone:generation-end,BottomUpSearchEngine/const=finite-enumerate/fill=none/poly=monomorphize/allow=0,-,-,-,-,2,0,ProgramSize,runs/2026-07-20/20260720_205351_449750dd05a5ddb0,True,4,5,18795,False,False,0.457,
1a1c157712f01d1b,2026-07-20,2026-07-20T20:53:52.744507+00:00,532e1255,ladder,al16-layout-nest,train,al16-layout-nest:train,d59bf35ee5c80ddc,5,al16-L0+stack,4,SEARCH,d2/pool400/arity2/clim50000:immediate/slimNone:generation-end,BottomUpSearchEngine/const=finite-enumerate/fill=none/poly=monomorphize/allow=0,-,-,-,-,2,0,ProgramSize,runs/2026-07-20/20260720_205352_1a1c157712f01d1b,True,5,5,1875,False,False,0.04,
3881ce186622bb86,2026-07-20,2026-07-20T20:53:52.320240+00:00,532e1255,ladder,al16-layout-nest,train,al16-layout-nest:train,d59bf35ee5c80ddc,5,al16-L0,3,LEARN,d2/pool400/arity2/clim50000:immediate/slimNone:generation-end,BottomUpSearchEngine/const=finite-enumerate/fill=none/poly=monomorphize/allow=0,GreedyMDLLearnEngine,AntiunifyPairs,CompressionMetric,5,2,0,ProgramSize,runs/2026-07-20/20260720_205352_3881ce186622bb86,True,,,,,,0,
42d751049af36051,2026-07-20,2026-07-20T20:53:52.530004+00:00,532e1255,ladder,al16-layout-nest,heldout,al16-layout-nest:heldout,48330338ab8113d5,3,al16-L0+abs0+abs1,5,SEARCH,d2/pool400/arity2/clim50000:immediate/slimNone:generation-end,BottomUpSearchEngine/const=finite-enumerate/fill=none/poly=monomorphize/allow=0,-,-,-,-,2,0,ProgramSize,runs/2026-07-20/20260720_205352_42d751049af36051,True,3,3,1335,False,False,0.03,
70265b62724a177e,2026-07-20,2026-07-20T20:53:52.680792+00:00,532e1255,ladder,al16-layout-nest,train,al16-layout-nest:train,d59bf35ee5c80ddc,5,al16-L0+pair+stack,5,SEARCH,d2/pool400/arity2/clim50000:immediate/slimNone:generation-end,BottomUpSearchEngine/const=finite-enumerate/fill=none/poly=monomorphize/allow=0,-,-,-,-,2,0,ProgramSize,runs/2026-07-20/20260720_205352_70265b62724a177e,True,5,5,2225,False,False,0.048,
7cda34570deb28f3,2026-07-20,2026-07-20T20:53:52.575419+00:00,532e1255,ladder,al16-layout-nest,train,al16-layout-nest:train,d59bf35ee5c80ddc,5,al16-L0,3,SEARCH,d2/pool400/arity2/clim50000:immediate/slimNone:generation-end,BottomUpSearchEngine/const=finite-enumerate/fill=none/poly=monomorphize/allow=0,-,-,-,-,2,0,ProgramSize,runs/2026-07-20/20260720_205352_7cda34570deb28f3,True,2,5,1555,False,False,0.034,
cff0eaf7fb3ede27,2026-07-20,2026-07-20T20:53:52.464411+00:00,532e1255,ladder,al16-layout-nest,train,al16-layout-nest:train,d59bf35ee5c80ddc,5,al16-L0+abs0+abs1,5,SEARCH,d2/pool400/arity2/clim50000:immediate/slimNone:generation-end,BottomUpSearchEngine/const=finite-enumerate/fill=none/poly=monomorphize/allow=0,-,-,-,-,2,0,ProgramSize,runs/2026-07-20/20260720_205352_cff0eaf7fb3ede27,True,5,5,2225,False,False,0.049,
eefeb2515cdce0a2,2026-07-20,2026-07-20T20:53:52.624936+00:00,532e1255,ladder,al16-layout-nest,train,al16-layout-nest:train,d59bf35ee5c80ddc,5,al16-L0+pair,4,SEARCH,d2/pool400/arity2/clim50000:immediate/slimNone:generation-end,BottomUpSearchEngine/const=finite-enumerate/fill=none/poly=monomorphize/allow=0,-,-,-,-,2,0,ProgramSize,runs/2026-07-20/20260720_205352_eefeb2515cdce0a2,True,4,5,1875,False,False,0.04,
37520296dc9f2621,2026-07-20,2026-07-20T20:59:13.724805+00:00,532e1255,ladder,al15-shift-frame,train,al15-shift-frame:train,4726db5e6f42f1ef,5,al15-L0,3,LEARN,d2/pool400/arity2/climNone:immediate/slimNone:generation-end,BottomUpSearchEngine/const=finite-enumerate/fill=none/poly=monomorphize/allow=0,GreedyMDLLearnEngine,AntiunifyPairs,CompressionMetric,5,2,0,ProgramSize,runs/2026-07-20/20260720_205913_37520296dc9f2621,True,,,,,,0,
18c5e93a0ec567bc,2026-07-20,2026-07-20T20:59:15.589176+00:00,532e1255,ladder,al15-shift-frame,heldout,al15-shift-frame:heldout,0a30807383683c89,3,al15-L0+abs0+abs1,5,SEARCH,d2/pool400/arity2/climNone:immediate/slimNone:generation-end,BottomUpSearchEngine/const=finite-enumerate/fill=none/poly=monomorphize/allow=0,-,-,-,-,2,0,ProgramSize,runs/2026-07-20/20260720_205915_18c5e93a0ec567bc,True,3,3,11805,False,False,0.283,
5a4335763735cd10,2026-07-20,2026-07-20T20:59:15.888928+00:00,532e1255,ladder,al15-shift-frame,train,al15-shift-frame:train,4726db5e6f42f1ef,5,al15-L0,3,SEARCH,d2/pool400/arity2/climNone:immediate/slimNone:generation-end,BottomUpSearchEngine/const=finite-enumerate/fill=none/poly=monomorphize/allow=0,-,-,-,-,2,0,ProgramSize,runs/2026-07-20/20260720_205915_5a4335763735cd10,True,2,5,17935,False,False,0.429,
997476f94bce9beb,2026-07-20,2026-07-20T20:59:15.092390+00:00,532e1255,ladder,al15-shift-frame,train,al15-shift-frame:train,4726db5e6f42f1ef,5,al15-L0+abs0+abs1,5,SEARCH,d2/pool400/arity2/climNone:immediate/slimNone:generation-end,BottomUpSearchEngine/const=finite-enumerate/fill=none/poly=monomorphize/allow=0,-,-,-,-,2,0,ProgramSize,runs/2026-07-20/20260720_205915_997476f94bce9beb,True,5,5,19675,False,False,0.479,
e47af03d14a560f6,2026-07-20,2026-07-20T20:59:16.334183+00:00,532e1255,ladder,al15-shift-frame,train,al15-shift-frame:train,4726db5e6f42f1ef,5,al15-L0+shift_stack,4,SEARCH,d2/pool400/arity2/climNone:immediate/slimNone:generation-end,BottomUpSearchEngine/const=finite-enumerate/fill=none/poly=monomorphize/allow=0,-,-,-,-,2,0,ProgramSize,runs/2026-07-20/20260720_205916_e47af03d14a560f6,True,4,5,18795,False,False,0.441,
f9cd8d841602ce84,2026-07-20,2026-07-20T20:59:16.791858+00:00,532e1255,ladder,al15-shift-frame,train,al15-shift-frame:train,4726db5e6f42f1ef,5,al15-L0+shift_stack+framed,5,SEARCH,d2/pool400/arity2/climNone:immediate/slimNone:generation-end,BottomUpSearchEngine/const=finite-enumerate/fill=none/poly=monomorphize/allow=0,-,-,-,-,2,0,ProgramSize,runs/2026-07-20/20260720_205916_f9cd8d841602ce84,True,5,5,19675,False,False,0.472,
12a15ed8f32332c9,2026-07-20,2026-07-20T20:59:17.281125+00:00,532e1255,ladder,al15-shift-frame,train,al15-shift-frame:train,4726db5e6f42f1ef,5,al15-L0+framed,4,SEARCH,d2/pool400/arity2/climNone:immediate/slimNone:generation-end,BottomUpSearchEngine/const=finite-enumerate/fill=none/poly=monomorphize/allow=0,-,-,-,-,2,0,ProgramSize,runs/2026-07-20/20260720_205917_12a15ed8f32332c9,True,4,5,18795,False,False,0.457,
14d2e9af74d805f8,2026-07-20,2026-07-20T20:59:17.761684+00:00,532e1255,ladder,al16-layout-nest,train,al16-layout-nest:train,d59bf35ee5c80ddc,5,al16-L0,3,LEARN,d2/pool400/arity2/climNone:immediate/slimNone:generation-end,BottomUpSearchEngine/const=finite-enumerate/fill=none/poly=monomorphize/allow=0,GreedyMDLLearnEngine,AntiunifyPairs,CompressionMetric,5,2,0,ProgramSize,runs/2026-07-20/20260720_205917_14d2e9af74d805f8,True,,,,,,0,
3c5f804a047f7807,2026-07-20,2026-07-20T20:59:17.964982+00:00,532e1255,ladder,al16-layout-nest,heldout,al16-layout-nest:heldout,48330338ab8113d5,3,al16-L0+abs0+abs1,5,SEARCH,d2/pool400/arity2/climNone:immediate/slimNone:generation-end,BottomUpSearchEngine/const=finite-enumerate/fill=none/poly=monomorphize/allow=0,-,-,-,-,2,0,ProgramSize,runs/2026-07-20/20260720_205917_3c5f804a047f7807,True,3,3,1335,False,False,0.029,
68f12749e17a0aa2,2026-07-20,2026-07-20T20:59:18.008784+00:00,532e1255,ladder,al16-layout-nest,train,al16-layout-nest:train,d59bf35ee5c80ddc,5,al16-L0,3,SEARCH,d2/pool400/arity2/climNone:immediate/slimNone:generation-end,BottomUpSearchEngine/const=finite-enumerate/fill=none/poly=monomorphize/allow=0,-,-,-,-,2,0,ProgramSize,runs/2026-07-20/20260720_205917_68f12749e17a0aa2,True,2,5,1555,False,False,0.033,
de14b920cce8c81a,2026-07-20,2026-07-20T20:59:17.900927+00:00,532e1255,ladder,al16-layout-nest,train,al16-layout-nest:train,d59bf35ee5c80ddc,5,al16-L0+abs0+abs1,5,SEARCH,d2/pool400/arity2/climNone:immediate/slimNone:generation-end,BottomUpSearchEngine/const=finite-enumerate/fill=none/poly=monomorphize/allow=0,-,-,-,-,2,0,ProgramSize,runs/2026-07-20/20260720_205917_de14b920cce8c81a,True,5,5,2225,False,False,0.048,
1f570900b238e782,2026-07-20,2026-07-20T20:59:18.113217+00:00,532e1255,ladder,al16-layout-nest,train,al16-layout-nest:train,d59bf35ee5c80ddc,5,al16-L0+pair+stack,5,SEARCH,d2/pool400/arity2/climNone:immediate/slimNone:generation-end,BottomUpSearchEngine/const=finite-enumerate/fill=none/poly=monomorphize/allow=0,-,-,-,-,2,0,ProgramSize,runs/2026-07-20/20260720_205918_1f570900b238e782,True,5,5,2225,False,False,0.049,
940de0f4d14200ca,2026-07-20,2026-07-20T20:59:18.177257+00:00,532e1255,ladder,al16-layout-nest,train,al16-layout-nest:train,d59bf35ee5c80ddc,5,al16-L0+stack,4,SEARCH,d2/pool400/arity2/climNone:immediate/slimNone:generation-end,BottomUpSearchEngine/const=finite-enumerate/fill=none/poly=monomorphize/allow=0,-,-,-,-,2,0,ProgramSize,runs/2026-07-20/20260720_205918_940de0f4d14200ca,True,5,5,1875,False,False,0.041,
a1667f230d31d994,2026-07-20,2026-07-20T20:59:18.057379+00:00,532e1255,ladder,al16-layout-nest,train,al16-layout-nest:train,d59bf35ee5c80ddc,5,al16-L0+pair,4,SEARCH,d2/pool400/arity2/climNone:immediate/slimNone:generation-end,BottomUpSearchEngine/const=finite-enumerate/fill=none/poly=monomorphize/allow=0,-,-,-,-,2,0,ProgramSize,runs/2026-07-20/20260720_205918_a1667f230d31d994,True,4,5,1875,False,False,0.04,
bd6cec50e914b8ea,2026-07-20,2026-07-20T21:14:19.022497+00:00,aad497c7,ladder,al17-shift-frame-tall,train,al17-shift-frame-tall:train,ae2df1a711850a52,7,al17-L0,3,LEARN,d2/pool400/arity2/clim50000:immediate/slimNone:generation-end,BottomUpSearchEngine/const=finite-enumerate/fill=none/poly=monomorphize/allow=0,GreedyMDLLearnEngine,AntiunifyPairs,CompressionMetric,6,2,0,ProgramSize,runs/2026-07-20/20260720_211419_bd6cec50e914b8ea,True,,,,,,0,
60eeaa4c61cd8a3d,2026-07-20,2026-07-20T21:14:21.620313+00:00,aad497c7,ladder,al17-shift-frame-tall,train,al17-shift-frame-tall:train,ae2df1a711850a52,7,al17-L0+abs0+abs1+abs2,6,SEARCH,d2/pool400/arity2/clim50000:immediate/slimNone:generation-end,BottomUpSearchEngine/const=finite-enumerate/fill=none/poly=monomorphize/allow=0,-,-,-,-,2,0,ProgramSize,runs/2026-07-20/20260720_211421_60eeaa4c61cd8a3d,True,7,7,28805,False,False,0.716,
49133c73be2a6ee0,2026-07-20,2026-07-20T21:14:22.358440+00:00,aad497c7,ladder,al17-shift-frame-tall,heldout,al17-shift-frame-tall:heldout,649f1a40f24ecae8,4,al17-L0+abs0+abs1+abs2,6,SEARCH,d2/pool400/arity2/clim50000:immediate/slimNone:generation-end,BottomUpSearchEngine/const=finite-enumerate/fill=none/poly=monomorphize/allow=0,-,-,-,-,2,0,ProgramSize,runs/2026-07-20/20260720_211422_49133c73be2a6ee0,True,4,4,16460,False,False,0.418,
d2695123ae8b4961,2026-07-20,2026-07-20T21:14:22.793975+00:00,aad497c7,ladder,al17-shift-frame-tall,train,al17-shift-frame-tall:train,ae2df1a711850a52,7,al17-L0,3,SEARCH,d2/pool400/arity2/clim50000:immediate/slimNone:generation-end,BottomUpSearchEngine/const=finite-enumerate/fill=none/poly=monomorphize/allow=0,-,-,-,-,2,0,ProgramSize,runs/2026-07-20/20260720_211422_d2695123ae8b4961,True,2,7,25109,False,False,0.595,
d3c9e0e2d771834a,2026-07-20,2026-07-20T21:14:23.405447+00:00,aad497c7,ladder,al17-shift-frame-tall,train,al17-shift-frame-tall:train,ae2df1a711850a52,7,al17-L0+shift1,4,SEARCH,d2/pool400/arity2/clim50000:immediate/slimNone:generation-end,BottomUpSearchEngine/const=finite-enumerate/fill=none/poly=monomorphize/allow=0,-,-,-,-,2,0,ProgramSize,runs/2026-07-20/20260720_211423_d3c9e0e2d771834a,True,4,7,26313,False,False,0.62,
0ebad30c9f197e3c,2026-07-20,2026-07-20T21:14:24.719133+00:00,aad497c7,ladder,al17-shift-frame-tall,train,al17-shift-frame-tall:train,ae2df1a711850a52,7,al17-L0+shift1+frame1+shift2,6,SEARCH,d2/pool400/arity2/clim50000:immediate/slimNone:generation-end,BottomUpSearchEngine/const=finite-enumerate/fill=none/poly=monomorphize/allow=0,-,-,-,-,2,0,ProgramSize,runs/2026-07-20/20260720_211424_0ebad30c9f197e3c,True,7,7,28805,False,False,0.712,
c09a1187db96f146,2026-07-20,2026-07-20T21:14:24.044123+00:00,aad497c7,ladder,al17-shift-frame-tall,train,al17-shift-frame-tall:train,ae2df1a711850a52,7,al17-L0+shift1+frame1,5,SEARCH,d2/pool400/arity2/clim50000:immediate/slimNone:generation-end,BottomUpSearchEngine/const=finite-enumerate/fill=none/poly=monomorphize/allow=0,-,-,-,-,2,0,ProgramSize,runs/2026-07-20/20260720_211424_c09a1187db96f146,True,6,7,27545,False,False,0.657,
26e7eaef6af6e78a,2026-07-20,2026-07-20T21:14:25.450289+00:00,aad497c7,ladder,al17-shift-frame-tall,train,al17-shift-frame-tall:train,ae2df1a711850a52,7,al17-L0+shift2,4,SEARCH,d2/pool400/arity2/clim50000:immediate/slimNone:generation-end,BottomUpSearchEngine/const=finite-enumerate/fill=none/poly=monomorphize/allow=0,-,-,-,-,2,0,ProgramSize,runs/2026-07-20/20260720_211425_26e7eaef6af6e78a,True,5,7,26313,False,False,0.67,
00cb81317de7a784,2026-07-20,2026-07-20T21:14:26.299079+00:00,aad497c7,ladder,al18-fanin-rotate,train,al18-fanin-rotate:train,17e158e08393ae6e,5,al18-L0,4,LEARN,d2/pool400/arity2/clim50000:immediate/slimNone:generation-end,BottomUpSearchEngine/const=finite-enumerate/fill=none/poly=monomorphize/allow=0,GreedyMDLLearnEngine,AntiunifyPairs,CompressionMetric,5,2,0,ProgramSize,runs/2026-07-20/20260720_211426_00cb81317de7a784,True,,,,,,0,
52ddf32ebc8a5421,2026-07-20,2026-07-20T21:14:26.559419+00:00,aad497c7,ladder,al18-fanin-rotate,heldout,al18-fanin-rotate:heldout,08e7146f0eb83fb8,3,al18-L0+abs0+abs1,6,SEARCH,d2/pool400/arity2/clim50000:immediate/slimNone:generation-end,BottomUpSearchEngine/const=finite-enumerate/fill=none/poly=monomorphize/allow=0,-,-,-,-,2,0,ProgramSize,runs/2026-07-20/20260720_211426_52ddf32ebc8a5421,True,3,3,1563,False,False,0.034,
6ea0e3b212f6ec3c,2026-07-20,2026-07-20T21:14:26.665891+00:00,aad497c7,ladder,al18-fanin-rotate,train,al18-fanin-rotate:train,17e158e08393ae6e,5,al18-L0+pair,5,SEARCH,d2/pool400/arity2/clim50000:immediate/slimNone:generation-end,BottomUpSearchEngine/const=finite-enumerate/fill=none/poly=monomorphize/allow=0,-,-,-,-,2,0,ProgramSize,runs/2026-07-20/20260720_211426_6ea0e3b212f6ec3c,True,4,5,2225,False,False,0.048,
70f5baa3ffa7f9c8,2026-07-20,2026-07-20T21:14:26.465961+00:00,aad497c7,ladder,al18-fanin-rotate,train,al18-fanin-rotate:train,17e158e08393ae6e,5,al18-L0+abs0+abs1,6,SEARCH,d2/pool400/arity2/clim50000:immediate/slimNone:generation-end,BottomUpSearchEngine/const=finite-enumerate/fill=none/poly=monomorphize/allow=0,-,-,-,-,2,0,ProgramSize,runs/2026-07-20/20260720_211426_70f5baa3ffa7f9c8,True,5,5,2605,False,False,0.077,
91ba7424643d716e,2026-07-20,2026-07-20T21:14:26.730494+00:00,aad497c7,ladder,al18-fanin-rotate,train,al18-fanin-rotate:train,17e158e08393ae6e,5,al18-L0+pair+rot,6,SEARCH,d2/pool400/arity2/clim50000:immediate/slimNone:generation-end,BottomUpSearchEngine/const=finite-enumerate/fill=none/poly=monomorphize/allow=0,-,-,-,-,2,0,ProgramSize,runs/2026-07-20/20260720_211426_91ba7424643d716e,True,5,5,2605,False,False,0.057,
bd3074f16bcfdcbb,2026-07-20,2026-07-20T21:14:26.803965+00:00,aad497c7,ladder,al18-fanin-rotate,train,al18-fanin-rotate:train,17e158e08393ae6e,5,al18-L0+rot,5,SEARCH,d2/pool400/arity2/clim50000:immediate/slimNone:generation-end,BottomUpSearchEngine/const=finite-enumerate/fill=none/poly=monomorphize/allow=0,-,-,-,-,2,0,ProgramSize,runs/2026-07-20/20260720_211426_bd3074f16bcfdcbb,True,4,5,2225,False,False,0.047,
e089d41dfc494363,2026-07-20,2026-07-20T21:14:26.608982+00:00,aad497c7,ladder,al18-fanin-rotate,train,al18-fanin-rotate:train,17e158e08393ae6e,5,al18-L0,4,SEARCH,d2/pool400/arity2/clim50000:immediate/slimNone:generation-end,BottomUpSearchEngine/const=finite-enumerate/fill=none/poly=monomorphize/allow=0,-,-,-,-,2,0,ProgramSize,runs/2026-07-20/20260720_211426_e089d41dfc494363,True,2,5,1875,False,False,0.041,
3984dcf0cfb8d93a,2026-07-20,2026-07-20T21:14:27.018118+00:00,aad497c7,ladder,al19-fanin-recolor,train,al19-fanin-recolor:train,2def1c7e4f6777a1,5,al19-L0,4,LEARN,d2/pool400/arity2/clim50000:immediate/slimNone:generation-end,BottomUpSearchEngine/const=finite-enumerate/fill=none/poly=monomorphize/allow=0,GreedyMDLLearnEngine,AntiunifyPairs,CompressionMetric,5,2,0,ProgramSize,runs/2026-07-20/20260720_211427_3984dcf0cfb8d93a,True,,,,,,0,
ea65067edb1e92c1,2026-07-20,2026-07-20T21:14:30.212367+00:00,aad497c7,ladder,al19-fanin-recolor,train,al19-fanin-recolor:train,2def1c7e4f6777a1,5,al19-L0+abs0+abs1,6,SEARCH,d2/pool400/arity2/clim50000:immediate/slimNone:generation-end,BottomUpSearchEngine/const=finite-enumerate/fill=none/poly=monomorphize/allow=0,-,-,-,-,2,0,ProgramSize,runs/2026-07-20/20260720_211430_ea65067edb1e92c1,True,5,5,49895,False,False,1.093,
51fd2509cab93d0f,2026-07-20,2026-07-20T21:14:31.322744+00:00,aad497c7,ladder,al19-fanin-recolor,heldout,al19-fanin-recolor:heldout,37127270734d3855,3,al19-L0+abs0+abs1,6,SEARCH,d2/pool400/arity2/clim50000:immediate/slimNone:generation-end,BottomUpSearchEngine/const=finite-enumerate/fill=none/poly=monomorphize/allow=0,-,-,-,-,2,0,ProgramSize,runs/2026-07-20/20260720_211431_51fd2509cab93d0f,True,3,3,29937,False,False,0.657,
7fca24deae627c82,2026-07-20,2026-07-20T21:14:31.996951+00:00,aad497c7,ladder,al19-fanin-recolor,train,al19-fanin-recolor:train,2def1c7e4f6777a1,5,al19-L0,4,SEARCH,d2/pool400/arity2/clim50000:immediate/slimNone:generation-end,BottomUpSearchEngine/const=finite-enumerate/fill=none/poly=monomorphize/allow=0,-,-,-,-,2,0,ProgramSize,runs/2026-07-20/20260720_211431_7fca24deae627c82,True,2,5,46425,False,False,1.019,
5e52692d18a13de6,2026-07-20,2026-07-20T21:14:33.033095+00:00,aad497c7,ladder,al19-fanin-recolor,train,al19-fanin-recolor:train,2def1c7e4f6777a1,5,al19-L0+pair,5,SEARCH,d2/pool400/arity2/clim50000:immediate/slimNone:generation-end,BottomUpSearchEngine/const=finite-enumerate/fill=none/poly=monomorphize/allow=0,-,-,-,-,2,0,ProgramSize,runs/2026-07-20/20260720_211433_5e52692d18a13de6,True,4,5,48145,False,False,1.06,
5434c7f5217a81e3,2026-07-20,2026-07-20T21:14:34.109543+00:00,aad497c7,ladder,al19-fanin-recolor,train,al19-fanin-recolor:train,2def1c7e4f6777a1,5,al19-L0+pair+recol,6,SEARCH,d2/pool400/arity2/clim50000:immediate/slimNone:generation-end,BottomUpSearchEngine/const=finite-enumerate/fill=none/poly=monomorphize/allow=0,-,-,-,-,2,0,ProgramSize,runs/2026-07-20/20260720_211434_5434c7f5217a81e3,True,5,5,49895,False,False,1.094,
ec944e2e1e17f70d,2026-07-20,2026-07-20T21:14:35.221060+00:00,aad497c7,ladder,al19-fanin-recolor,train,al19-fanin-recolor:train,2def1c7e4f6777a1,5,al19-L0+recol,5,SEARCH,d2/pool400/arity2/clim50000:immediate/slimNone:generation-end,BottomUpSearchEngine/const=finite-enumerate/fill=none/poly=monomorphize/allow=0,-,-,-,-,2,0,ProgramSize,runs/2026-07-20/20260720_211435_ec944e2e1e17f70d,True,4,5,48145,False,False,1.058,
7d694ff477897772,2026-07-20,2026-07-20T21:14:36.449823+00:00,aad497c7,ladder,al20-recolor-telescope,train,al20-recolor-telescope:train,433ec7f01fe3430a,5,al20-L0,3,LEARN,d2/pool400/arity2/clim50000:immediate/slimNone:generation-end,BottomUpSearchEngine/const=finite-enumerate/fill=none/poly=monomorphize/allow=0,GreedyMDLLearnEngine,AntiunifyPairs,CompressionMetric,5,2,0,ProgramSize,runs/2026-07-20/20260720_211436_7d694ff477897772,True,,,,,,0,
cc5239dfec6f2a12,2026-07-20,2026-07-20T21:14:38.899090+00:00,aad497c7,ladder,al20-recolor-telescope,train,al20-recolor-telescope:train,433ec7f01fe3430a,5,al20-L0+abs0+abs1,5,SEARCH,d2/pool400/arity2/clim50000:immediate/slimNone:generation-end,BottomUpSearchEngine/const=finite-enumerate/fill=none/poly=monomorphize/allow=0,-,-,-,-,2,0,ProgramSize,runs/2026-07-20/20260720_211438_cc5239dfec6f2a12,True,5,5,37795,False,False,0.843,
71312838b118a01e,2026-07-20,2026-07-20T21:14:39.760555+00:00,aad497c7,ladder,al20-recolor-telescope,heldout,al20-recolor-telescope:heldout,8a36874cfa2ea034,3,al20-L0+abs0+abs1,5,SEARCH,d2/pool400/arity2/clim50000:immediate/slimNone:generation-end,BottomUpSearchEngine/const=finite-enumerate/fill=none/poly=monomorphize/allow=0,-,-,-,-,2,0,ProgramSize,runs/2026-07-20/20260720_211439_71312838b118a01e,True,3,3,22677,False,False,0.715,
b9ed9c6d5ff40165,2026-07-20,2026-07-20T21:14:40.492249+00:00,aad497c7,ladder,al20-recolor-telescope,train,al20-recolor-telescope:train,433ec7f01fe3430a,5,al20-L0,3,SEARCH,d2/pool400/arity2/clim50000:immediate/slimNone:generation-end,BottomUpSearchEngine/const=finite-enumerate/fill=none/poly=monomorphize/allow=0,-,-,-,-,2,0,ProgramSize,runs/2026-07-20/20260720_211440_b9ed9c6d5ff40165,True,2,5,35275,False,False,0.785,
d8f761dc86a9547a,2026-07-20,2026-07-20T21:14:41.294776+00:00,aad497c7,ladder,al20-recolor-telescope,train,al20-recolor-telescope:train,433ec7f01fe3430a,5,al20-L0+pair,4,SEARCH,d2/pool400/arity2/clim50000:immediate/slimNone:generation-end,BottomUpSearchEngine/const=finite-enumerate/fill=none/poly=monomorphize/allow=0,-,-,-,-,2,0,ProgramSize,runs/2026-07-20/20260720_211441_d8f761dc86a9547a,True,4,5,36525,False,False,0.805,
4b0a4644a3883c22,2026-07-20,2026-07-20T21:14:42.987269+00:00,aad497c7,ladder,al20-recolor-telescope,train,al20-recolor-telescope:train,433ec7f01fe3430a,5,al20-L0+recol,4,SEARCH,d2/pool400/arity2/clim50000:immediate/slimNone:generation-end,BottomUpSearchEngine/const=finite-enumerate/fill=none/poly=monomorphize/allow=0,-,-,-,-,2,0,ProgramSize,runs/2026-07-20/20260720_211442_4b0a4644a3883c22,True,5,5,36525,False,False,0.818,
b80588d249aba0ca,2026-07-20,2026-07-20T21:14:42.116516+00:00,aad497c7,ladder,al20-recolor-telescope,train,al20-recolor-telescope:train,433ec7f01fe3430a,5,al20-L0+pair+recol,5,SEARCH,d2/pool400/arity2/clim50000:immediate/slimNone:generation-end,BottomUpSearchEngine/const=finite-enumerate/fill=none/poly=monomorphize/allow=0,-,-,-,-,2,0,ProgramSize,runs/2026-07-20/20260720_211442_b80588d249aba0ca,True,5,5,37795,False,False,0.853,
db7c744e9f4de2ec,2026-07-20,2026-07-20T21:15:29.531974+00:00,aad497c7,ladder,al17-shift-frame-tall,train,al17-shift-frame-tall:train,ae2df1a711850a52,7,al17-L0+shift1+frame1+shift2,6,SEARCH,d2/pool400/arity2/clim50000:immediate/slimNone:generation-end,BottomUpSearchEngine/const=finite-enumerate/fill=none/poly=monomorphize/allow=0,-,-,-,-,2,0,ProgramSize,runs/2026-07-20/20260720_211529_db7c744e9f4de2ec,True,7,7,28805,False,False,0.71,
2c6a6fc23ad0322c,2026-07-20,2026-07-20T21:15:40.656018+00:00,aad497c7,ladder,al17-shift-frame-tall,train,al17-shift-frame-tall:train,ae2df1a711850a52,7,al17-L0,3,LEARN,d2/pool400/arity2/climNone:immediate/slimNone:generation-end,BottomUpSearchEngine/const=finite-enumerate/fill=none/poly=monomorphize/allow=0,GreedyMDLLearnEngine,AntiunifyPairs,CompressionMetric,6,2,0,ProgramSize,runs/2026-07-20/20260720_211540_2c6a6fc23ad0322c,True,,,,,,0,
355b6fa2d26e881e,2026-07-20,2026-07-20T21:15:43.293456+00:00,aad497c7,ladder,al17-shift-frame-tall,train,al17-shift-frame-tall:train,ae2df1a711850a52,7,al17-L0+abs0+abs1+abs2,6,SEARCH,d2/pool400/arity2/climNone:immediate/slimNone:generation-end,BottomUpSearchEngine/const=finite-enumerate/fill=none/poly=monomorphize/allow=0,-,-,-,-,2,0,ProgramSize,runs/2026-07-20/20260720_211543_355b6fa2d26e881e,True,7,7,28805,False,False,0.708,
65e8ba9a7ebf59d0,2026-07-20,2026-07-20T21:15:44.444883+00:00,aad497c7,ladder,al17-shift-frame-tall,train,al17-shift-frame-tall:train,ae2df1a711850a52,7,al17-L0,3,SEARCH,d2/pool400/arity2/climNone:immediate/slimNone:generation-end,BottomUpSearchEngine/const=finite-enumerate/fill=none/poly=monomorphize/allow=0,-,-,-,-,2,0,ProgramSize,runs/2026-07-20/20260720_211544_65e8ba9a7ebf59d0,True,2,7,25109,False,False,0.609,
6c4aa69450be50dc,2026-07-20,2026-07-20T21:15:44.021088+00:00,aad497c7,ladder,al17-shift-frame-tall,heldout,al17-shift-frame-tall:heldout,649f1a40f24ecae8,4,al17-L0+abs0+abs1+abs2,6,SEARCH,d2/pool400/arity2/climNone:immediate/slimNone:generation-end,BottomUpSearchEngine/const=finite-enumerate/fill=none/poly=monomorphize/allow=0,-,-,-,-,2,0,ProgramSize,runs/2026-07-20/20260720_211544_6c4aa69450be50dc,True,4,4,16460,False,False,0.407,
1c07bcbcac273b04,2026-07-20,2026-07-20T21:15:45.071701+00:00,aad497c7,ladder,al17-shift-frame-tall,train,al17-shift-frame-tall:train,ae2df1a711850a52,7,al17-L0+shift1,4,SEARCH,d2/pool400/arity2/climNone:immediate/slimNone:generation-end,BottomUpSearchEngine/const=finite-enumerate/fill=none/poly=monomorphize/allow=0,-,-,-,-,2,0,ProgramSize,runs/2026-07-20/20260720_211545_1c07bcbcac273b04,True,4,7,26313,False,False,0.622,
7ee1a54a3038ecf9,2026-07-20,2026-07-20T21:15:45.712474+00:00,aad497c7,ladder,al17-shift-frame-tall,train,al17-shift-frame-tall:train,ae2df1a711850a52,7,al17-L0+shift1+frame1,5,SEARCH,d2/pool400/arity2/climNone:immediate/slimNone:generation-end,BottomUpSearchEngine/const=finite-enumerate/fill=none/poly=monomorphize/allow=0,-,-,-,-,2,0,ProgramSize,runs/2026-07-20/20260720_211545_7ee1a54a3038ecf9,True,6,7,27545,False,False,0.676,
adcf65c4b0a2cac4,2026-07-20,2026-07-20T21:15:46.407310+00:00,aad497c7,ladder,al17-shift-frame-tall,train,al17-shift-frame-tall:train,ae2df1a711850a52,7,al17-L0+shift1+frame1+shift2,6,SEARCH,d2/pool400/arity2/climNone:immediate/slimNone:generation-end,BottomUpSearchEngine/const=finite-enumerate/fill=none/poly=monomorphize/allow=0,-,-,-,-,2,0,ProgramSize,runs/2026-07-20/20260720_211546_adcf65c4b0a2cac4,True,7,7,28805,False,False,0.714,
08d097412d352a86,2026-07-20,2026-07-20T21:15:47.142243+00:00,aad497c7,ladder,al17-shift-frame-tall,train,al17-shift-frame-tall:train,ae2df1a711850a52,7,al17-L0+shift2,4,SEARCH,d2/pool400/arity2/climNone:immediate/slimNone:generation-end,BottomUpSearchEngine/const=finite-enumerate/fill=none/poly=monomorphize/allow=0,-,-,-,-,2,0,ProgramSize,runs/2026-07-20/20260720_211547_08d097412d352a86,True,5,7,26313,False,False,0.658,
4ba28b7b56af6884,2026-07-20,2026-07-20T21:15:47.997862+00:00,aad497c7,ladder,al18-fanin-rotate,train,al18-fanin-rotate:train,17e158e08393ae6e,5,al18-L0+abs0+abs1,6,SEARCH,d2/pool400/arity2/climNone:immediate/slimNone:generation-end,BottomUpSearchEngine/const=finite-enumerate/fill=none/poly=monomorphize/allow=0,-,-,-,-,2,0,ProgramSize,runs/2026-07-20/20260720_211547_4ba28b7b56af6884,True,5,5,2605,False,False,0.057,
a7cb70e9c838a869,2026-07-20,2026-07-20T21:15:47.828295+00:00,aad497c7,ladder,al18-fanin-rotate,train,al18-fanin-rotate:train,17e158e08393ae6e,5,al18-L0,4,LEARN,d2/pool400/arity2/climNone:immediate/slimNone:generation-end,BottomUpSearchEngine/const=finite-enumerate/fill=none/poly=monomorphize/allow=0,GreedyMDLLearnEngine,AntiunifyPairs,CompressionMetric,5,2,0,ProgramSize,runs/2026-07-20/20260720_211547_a7cb70e9c838a869,True,,,,,,0,
1382505a5bda4da3,2026-07-20,2026-07-20T21:15:48.178303+00:00,aad497c7,ladder,al18-fanin-rotate,train,al18-fanin-rotate:train,17e158e08393ae6e,5,al18-L0+pair,5,SEARCH,d2/pool400/arity2/climNone:immediate/slimNone:generation-end,BottomUpSearchEngine/const=finite-enumerate/fill=none/poly=monomorphize/allow=0,-,-,-,-,2,0,ProgramSize,runs/2026-07-20/20260720_211548_1382505a5bda4da3,True,4,5,2225,False,False,0.048,
351e1d98afbc0dd8,2026-07-20,2026-07-20T21:15:48.318759+00:00,aad497c7,ladder,al18-fanin-rotate,train,al18-fanin-rotate:train,17e158e08393ae6e,5,al18-L0+rot,5,SEARCH,d2/pool400/arity2/climNone:immediate/slimNone:generation-end,BottomUpSearchEngine/const=finite-enumerate/fill=none/poly=monomorphize/allow=0,-,-,-,-,2,0,ProgramSize,runs/2026-07-20/20260720_211548_351e1d98afbc0dd8,True,4,5,2225,False,False,0.05,
4b685d0678cace20,2026-07-20,2026-07-20T21:15:48.243390+00:00,aad497c7,ladder,al18-fanin-rotate,train,al18-fanin-rotate:train,17e158e08393ae6e,5,al18-L0+pair+rot,6,SEARCH,d2/pool400/arity2/climNone:immediate/slimNone:generation-end,BottomUpSearchEngine/const=finite-enumerate/fill=none/poly=monomorphize/allow=0,-,-,-,-,2,0,ProgramSize,runs/2026-07-20/20260720_211548_4b685d0678cace20,True,5,5,2605,False,False,0.058,
666e91e31bc007d4,2026-07-20,2026-07-20T21:15:48.071851+00:00,aad497c7,ladder,al18-fanin-rotate,heldout,al18-fanin-rotate:heldout,08e7146f0eb83fb8,3,al18-L0+abs0+abs1,6,SEARCH,d2/pool400/arity2/climNone:immediate/slimNone:generation-end,BottomUpSearchEngine/const=finite-enumerate/fill=none/poly=monomorphize/allow=0,-,-,-,-,2,0,ProgramSize,runs/2026-07-20/20260720_211548_666e91e31bc007d4,True,3,3,1563,False,False,0.034,
6a101b82933c22fb,2026-07-20,2026-07-20T21:15:48.390776+00:00,aad497c7,ladder,al19-fanin-recolor,train,al19-fanin-recolor:train,2def1c7e4f6777a1,5,al19-L0,4,LEARN,d2/pool400/arity2/climNone:immediate/slimNone:generation-end,BottomUpSearchEngine/const=finite-enumerate/fill=none/poly=monomorphize/allow=0,GreedyMDLLearnEngine,AntiunifyPairs,CompressionMetric,5,2,0,ProgramSize,runs/2026-07-20/20260720_211548_6a101b82933c22fb,True,,,,,,0,
ae3897e67f257e8a,2026-07-20,2026-07-20T21:15:48.121301+00:00,aad497c7,ladder,al18-fanin-rotate,train,al18-fanin-rotate:train,17e158e08393ae6e,5,al18-L0,4,SEARCH,d2/pool400/arity2/climNone:immediate/slimNone:generation-end,BottomUpSearchEngine/const=finite-enumerate/fill=none/poly=monomorphize/allow=0,-,-,-,-,2,0,ProgramSize,runs/2026-07-20/20260720_211548_ae3897e67f257e8a,True,2,5,1875,False,False,0.041,
284a886a2cb12a59,2026-07-20,2026-07-20T21:15:51.648464+00:00,aad497c7,ladder,al19-fanin-recolor,train,al19-fanin-recolor:train,2def1c7e4f6777a1,5,al19-L0+abs0+abs1,6,SEARCH,d2/pool400/arity2/climNone:immediate/slimNone:generation-end,BottomUpSearchEngine/const=finite-enumerate/fill=none/poly=monomorphize/allow=0,-,-,-,-,2,0,ProgramSize,runs/2026-07-20/20260720_211551_284a886a2cb12a59,True,5,5,49895,False,False,1.109,
eeb2c118171241fa,2026-07-20,2026-07-20T21:15:52.776164+00:00,aad497c7,ladder,al19-fanin-recolor,heldout,al19-fanin-recolor:heldout,37127270734d3855,3,al19-L0+abs0+abs1,6,SEARCH,d2/pool400/arity2/climNone:immediate/slimNone:generation-end,BottomUpSearchEngine/const=finite-enumerate/fill=none/poly=monomorphize/allow=0,-,-,-,-,2,0,ProgramSize,runs/2026-07-20/20260720_211552_eeb2c118171241fa,True,3,3,29937,False,False,0.657,
68d2b759f39a6bf4,2026-07-20,2026-07-20T21:15:53.449112+00:00,aad497c7,ladder,al19-fanin-recolor,train,al19-fanin-recolor:train,2def1c7e4f6777a1,5,al19-L0,4,SEARCH,d2/pool400/arity2/climNone:immediate/slimNone:generation-end,BottomUpSearchEngine/const=finite-enumerate/fill=none/poly=monomorphize/allow=0,-,-,-,-,2,0,ProgramSize,runs/2026-07-20/20260720_211553_68d2b759f39a6bf4,True,2,5,46425,False,False,1.028,
eb410ceedd2e7030,2026-07-20,2026-07-20T21:15:54.493887+00:00,aad497c7,ladder,al19-fanin-recolor,train,al19-fanin-recolor:train,2def1c7e4f6777a1,5,al19-L0+pair,5,SEARCH,d2/pool400/arity2/climNone:immediate/slimNone:generation-end,BottomUpSearchEngine/const=finite-enumerate/fill=none/poly=monomorphize/allow=0,-,-,-,-,2,0,ProgramSize,runs/2026-07-20/20260720_211554_eb410ceedd2e7030,True,4,5,48145,False,False,1.071,
c0107b3ae43a18f4,2026-07-20,2026-07-20T21:15:55.583332+00:00,aad497c7,ladder,al19-fanin-recolor,train,al19-fanin-recolor:train,2def1c7e4f6777a1,5,al19-L0+pair+recol,6,SEARCH,d2/pool400/arity2/climNone:immediate/slimNone:generation-end,BottomUpSearchEngine/const=finite-enumerate/fill=none/poly=monomorphize/allow=0,-,-,-,-,2,0,ProgramSize,runs/2026-07-20/20260720_211555_c0107b3ae43a18f4,True,5,5,49895,False,False,1.099,
aa9730161aefcc77,2026-07-20,2026-07-20T21:15:56.701658+00:00,aad497c7,ladder,al19-fanin-recolor,train,al19-fanin-recolor:train,2def1c7e4f6777a1,5,al19-L0+recol,5,SEARCH,d2/pool400/arity2/climNone:immediate/slimNone:generation-end,BottomUpSearchEngine/const=finite-enumerate/fill=none/poly=monomorphize/allow=0,-,-,-,-,2,0,ProgramSize,runs/2026-07-20/20260720_211556_aa9730161aefcc77,True,4,5,48145,False,False,1.08,
7519d7496d3092f3,2026-07-20,2026-07-20T21:15:57.809360+00:00,aad497c7,ladder,al20-recolor-telescope,train,al20-recolor-telescope:train,433ec7f01fe3430a,5,al20-L0,3,LEARN,d2/pool400/arity2/climNone:immediate/slimNone:generation-end,BottomUpSearchEngine/const=finite-enumerate/fill=none/poly=monomorphize/allow=0,GreedyMDLLearnEngine,AntiunifyPairs,CompressionMetric,5,2,0,ProgramSize,runs/2026-07-20/20260720_211557_7519d7496d3092f3,True,,,,,,0,
cde023d3bfb03bab,2026-07-20,2026-07-20T21:16:00.306341+00:00,aad497c7,ladder,al20-recolor-telescope,train,al20-recolor-telescope:train,433ec7f01fe3430a,5,al20-L0+abs0+abs1,5,SEARCH,d2/pool400/arity2/climNone:immediate/slimNone:generation-end,BottomUpSearchEngine/const=finite-enumerate/fill=none/poly=monomorphize/allow=0,-,-,-,-,2,0,ProgramSize,runs/2026-07-20/20260720_211600_cde023d3bfb03bab,True,5,5,37795,False,False,0.869,
bd673e7fc1b556dd,2026-07-20,2026-07-20T21:16:01.731944+00:00,aad497c7,ladder,al20-recolor-telescope,train,al20-recolor-telescope:train,433ec7f01fe3430a,5,al20-L0,3,SEARCH,d2/pool400/arity2/climNone:immediate/slimNone:generation-end,BottomUpSearchEngine/const=finite-enumerate/fill=none/poly=monomorphize/allow=0,-,-,-,-,2,0,ProgramSize,runs/2026-07-20/20260720_211601_bd673e7fc1b556dd,True,2,5,35275,False,False,0.789,
cb995c8e51361127,2026-07-20,2026-07-20T21:16:01.193707+00:00,aad497c7,ladder,al20-recolor-telescope,heldout,al20-recolor-telescope:heldout,8a36874cfa2ea034,3,al20-L0+abs0+abs1,5,SEARCH,d2/pool400/arity2/climNone:immediate/slimNone:generation-end,BottomUpSearchEngine/const=finite-enumerate/fill=none/poly=monomorphize/allow=0,-,-,-,-,2,0,ProgramSize,runs/2026-07-20/20260720_211601_cb995c8e51361127,True,3,3,22677,False,False,0.521,
57c2935791092235,2026-07-20,2026-07-20T21:16:02.537987+00:00,aad497c7,ladder,al20-recolor-telescope,train,al20-recolor-telescope:train,433ec7f01fe3430a,5,al20-L0+pair,4,SEARCH,d2/pool400/arity2/climNone:immediate/slimNone:generation-end,BottomUpSearchEngine/const=finite-enumerate/fill=none/poly=monomorphize/allow=0,-,-,-,-,2,0,ProgramSize,runs/2026-07-20/20260720_211602_57c2935791092235,True,4,5,36525,False,False,0.834,
fb8d59ae45152d3c,2026-07-20,2026-07-20T21:16:03.389451+00:00,aad497c7,ladder,al20-recolor-telescope,train,al20-recolor-telescope:train,433ec7f01fe3430a,5,al20-L0+pair+recol,5,SEARCH,d2/pool400/arity2/climNone:immediate/slimNone:generation-end,BottomUpSearchEngine/const=finite-enumerate/fill=none/poly=monomorphize/allow=0,-,-,-,-,2,0,ProgramSize,runs/2026-07-20/20260720_211603_fb8d59ae45152d3c,True,5,5,37795,False,False,0.867,
9a8bd96bd8fc9e8a,2026-07-20,2026-07-20T21:16:04.274308+00:00,aad497c7,ladder,al20-recolor-telescope,train,al20-recolor-telescope:train,433ec7f01fe3430a,5,al20-L0+recol,4,SEARCH,d2/pool400/arity2/climNone:immediate/slimNone:generation-end,BottomUpSearchEngine/const=finite-enumerate/fill=none/poly=monomorphize/allow=0,-,-,-,-,2,0,ProgramSize,runs/2026-07-20/20260720_211604_9a8bd96bd8fc9e8a,True,5,5,36525,False,False,0.837,
c7dfd456076ff761,2026-07-22,2026-07-22T21:26:25.668640+00:00,2dbb2534,ladder,al1-mirror,train,al1-mirror:train,ad9ef8d0ffda58a9,5,al1-L0,3,LEARN,d2/pool300/arity2/clim50000:immediate/slimNone:generation-end,BottomUpSearchEngine/const=finite-enumerate/fill=none/poly=monomorphize/allow=0,GreedyMDLLearnEngine,AntiunifyPairs,CompressionMetric,5,2,0,ProgramSize,runs/2026-07-22/20260722_212625_c7dfd456076ff761,True,,,,,,0,
9b745f2679c49801,2026-07-22,2026-07-22T21:26:31.433174+00:00,2dbb2534,ladder,al1-mirror,raw-arm,al1-mirror:train:raw-arm,36184b435ab8e78c,1,al1-L0,3,SEARCH,d4/pool200000/arity2/clim537110:immediate/slim1:immediate,BottomUpSearchEngine/const=finite-enumerate/fill=none/poly=monomorphize/allow=0,-,-,-,-,2,0,ProgramSize,runs/2026-07-22/20260722_212631_9b745f2679c49801,True,1,1,192865,False,True,15.743,
09bdabaddb3a6b40,2026-07-22,2026-07-22T21:26:47.862232+00:00,2dbb2534,ladder,al15-shift-frame,train,al15-shift-frame:train,4726db5e6f42f1ef,5,al15-L0,3,LEARN,d2/pool400/arity2/clim50000:immediate/slimNone:generation-end,BottomUpSearchEngine/const=finite-enumerate/fill=none/poly=monomorphize/allow=0,GreedyMDLLearnEngine,AntiunifyPairs,CompressionMetric,5,2,0,ProgramSize,runs/2026-07-22/20260722_212647_09bdabaddb3a6b40,True,,,,,,0,
35afb03c8453bd6d,2026-07-22,2026-07-22T21:26:47.557709+00:00,2dbb2534,ladder,al2-rot90-calibration,train,al2-rot90-calibration:train,2fe712f987194e40,3,al2-L0,2,LEARN,d2/pool400/arity2/clim50000:immediate/slimNone:generation-end,BottomUpSearchEngine/const=none/fill=none/poly=monomorphize/allow=0,GreedyMDLLearnEngine,AntiunifyPairs,CompressionMetric,4,2,0,ProgramSize,runs/2026-07-22/20260722_212647_35afb03c8453bd6d,True,,,,,,0,
6485231f8aa786d7,2026-07-22,2026-07-22T21:26:47.581139+00:00,2dbb2534,ladder,al2-rot90-calibration,raw-arm,al2-rot90-calibration:train:raw-arm,f09b576b7105f07d,1,al2-L0,2,SEARCH,d4/pool200000/arity2/clim270:immediate/slim1:immediate,BottomUpSearchEngine/const=none/fill=none/poly=monomorphize/allow=0,-,-,-,-,2,0,ProgramSize,runs/2026-07-22/20260722_212647_6485231f8aa786d7,True,1,1,13,False,True,0.001,
143546b3576a0988,2026-07-22,2026-07-22T21:26:49.225911+00:00,2dbb2534,ladder,al15-shift-frame,raw-arm,al15-shift-frame:train:raw-arm,eb7f38eea4c7ef03,1,al15-L0,3,SEARCH,d5/pool200000/arity2/clim186270:immediate/slim1:immediate,BottomUpSearchEngine/const=finite-enumerate/fill=none/poly=monomorphize/allow=0,-,-,-,-,2,0,ProgramSize,runs/2026-07-22/20260722_212649_143546b3576a0988,True,0,1,186270,True,False,2.611,
6d676a2eb452c515,2026-07-22,2026-07-22T21:26:52.129535+00:00,2dbb2534,ladder,al16-layout-nest,train,al16-layout-nest:train,d59bf35ee5c80ddc,5,al16-L0,3,LEARN,d2/pool400/arity2/clim50000:immediate/slimNone:generation-end,BottomUpSearchEngine/const=finite-enumerate/fill=none/poly=monomorphize/allow=0,GreedyMDLLearnEngine,AntiunifyPairs,CompressionMetric,5,2,0,ProgramSize,runs/2026-07-22/20260722_212652_6d676a2eb452c515,True,,,,,,0,
a76e4a66e15deabb,2026-07-22,2026-07-22T21:26:52.897108+00:00,2dbb2534,ladder,al17-shift-frame-tall,train,al17-shift-frame-tall:train,ae2df1a711850a52,7,al17-L0,3,LEARN,d2/pool400/arity2/clim50000:immediate/slimNone:generation-end,BottomUpSearchEngine/const=finite-enumerate/fill=none/poly=monomorphize/allow=0,GreedyMDLLearnEngine,AntiunifyPairs,CompressionMetric,6,2,0,ProgramSize,runs/2026-07-22/20260722_212652_a76e4a66e15deabb,True,,,,,,0,
eebaa3563b431f08,2026-07-22,2026-07-22T21:26:52.273093+00:00,2dbb2534,ladder,al16-layout-nest,raw-arm,al16-layout-nest:train:raw-arm,617200b0634659f3,1,al16-L0,3,SEARCH,d4/pool200000/arity2/clim18170:immediate/slim1:immediate,BottomUpSearchEngine/const=finite-enumerate/fill=none/poly=monomorphize/allow=0,-,-,-,-,2,0,ProgramSize,runs/2026-07-22/20260722_212652_eebaa3563b431f08,True,0,1,18170,True,False,0.327,
b136f41c38ca19f7,2026-07-22,2026-07-22T21:26:55.484900+00:00,2dbb2534,ladder,al17-shift-frame-tall,raw-arm,al17-shift-frame-tall:train:raw-arm,9d3beac03f55ed9d,1,al17-L0,3,SEARCH,d6/pool200000/arity2/clim266770:immediate/slim1:immediate,BottomUpSearchEngine/const=finite-enumerate/fill=none/poly=monomorphize/allow=0,-,-,-,-,2,0,ProgramSize,runs/2026-07-22/20260722_212655_b136f41c38ca19f7,True,0,1,266770,True,False,3.822,
5ffc8f0ac58ad492,2026-07-22,2026-07-22T21:26:59.616801+00:00,2dbb2534,ladder,al18-fanin-rotate,train,al18-fanin-rotate:train,17e158e08393ae6e,5,al18-L0,4,LEARN,d2/pool400/arity2/clim50000:immediate/slimNone:generation-end,BottomUpSearchEngine/const=finite-enumerate/fill=none/poly=monomorphize/allow=0,GreedyMDLLearnEngine,AntiunifyPairs,CompressionMetric,5,2,0,ProgramSize,runs/2026-07-22/20260722_212659_5ffc8f0ac58ad492,True,,,,,,0,
91894a2afc122577,2026-07-22,2026-07-22T21:26:59.785533+00:00,2dbb2534,ladder,al18-fanin-rotate,raw-arm,al18-fanin-rotate:train:raw-arm,ebcebdc12c197031,1,al18-L0,4,SEARCH,d4/pool200000/arity2/clim21610:immediate/slim1:immediate,BottomUpSearchEngine/const=finite-enumerate/fill=none/poly=monomorphize/allow=0,-,-,-,-,2,0,ProgramSize,runs/2026-07-22/20260722_212659_91894a2afc122577,True,0,1,21610,True,False,0.399,
136c0e7ecb3b0ca5,2026-07-22,2026-07-22T21:27:00.474367+00:00,2dbb2534,ladder,al19-fanin-recolor,train,al19-fanin-recolor:train,2def1c7e4f6777a1,5,al19-L0+pair+recol,6,SEARCH,d2/pool400/arity2/clim50000:immediate/slimNone:generation-end,BottomUpSearchEngine/const=finite-enumerate/fill=none/poly=monomorphize/allow=0,-,-,-,-,2,0,ProgramSize,runs/2026-07-22/20260722_212700_136c0e7ecb3b0ca5,True,5,5,49895,False,False,1.091,
ebc72c6a4eac703a,2026-07-22,2026-07-22T21:27:01.591453+00:00,2dbb2534,ladder,al19-fanin-recolor,train,al19-fanin-recolor:train,2def1c7e4f6777a1,5,al19-L0,4,LEARN,d2/pool400/arity2/clim50000:immediate/slimNone:generation-end,BottomUpSearchEngine/const=finite-enumerate/fill=none/poly=monomorphize/allow=0,GreedyMDLLearnEngine,AntiunifyPairs,CompressionMetric,5,2,0,ProgramSize,runs/2026-07-22/20260722_212701_ebc72c6a4eac703a,True,,,,,,0,
029142bf8d57d770,2026-07-22,2026-07-22T21:27:04.767576+00:00,2dbb2534,ladder,al19-fanin-recolor,train,al19-fanin-recolor:train,2def1c7e4f6777a1,5,al19-L0+recol,5,SEARCH,d2/pool400/arity2/clim50000:immediate/slimNone:generation-end,BottomUpSearchEngine/const=finite-enumerate/fill=none/poly=monomorphize/allow=0,-,-,-,-,2,0,ProgramSize,runs/2026-07-22/20260722_212704_029142bf8d57d770,True,4,5,48145,False,False,1.053,
b109a28a518574dc,2026-07-22,2026-07-22T21:27:05.840220+00:00,2dbb2534,ladder,al19-fanin-recolor,raw-arm,al19-fanin-recolor:train:raw-arm,4ebb35b74f674832,1,al19-L0,4,SEARCH,d4/pool200000/arity2/clim478070:immediate/slim1:immediate,BottomUpSearchEngine/const=finite-enumerate/fill=none/poly=monomorphize/allow=0,-,-,-,-,2,0,ProgramSize,runs/2026-07-22/20260722_212705_b109a28a518574dc,True,0,1,478070,True,False,10.041,
a92a373ea702ab58,2026-07-22,2026-07-22T21:27:16.235270+00:00,2dbb2534,ladder,al20-recolor-telescope,train,al20-recolor-telescope:train,433ec7f01fe3430a,5,al20-L0+pair+recol,5,SEARCH,d2/pool400/arity2/clim50000:immediate/slimNone:generation-end,BottomUpSearchEngine/const=finite-enumerate/fill=none/poly=monomorphize/allow=0,-,-,-,-,2,0,ProgramSize,runs/2026-07-22/20260722_212716_a92a373ea702ab58,True,5,5,37795,False,False,0.84,
2d4ca4dcf92fd319,2026-07-22,2026-07-22T21:27:17.097928+00:00,2dbb2534,ladder,al20-recolor-telescope,train,al20-recolor-telescope:train,433ec7f01fe3430a,5,al20-L0,3,LEARN,d2/pool400/arity2/clim50000:immediate/slimNone:generation-end,BottomUpSearchEngine/const=finite-enumerate/fill=none/poly=monomorphize/allow=0,GreedyMDLLearnEngine,AntiunifyPairs,CompressionMetric,5,2,0,ProgramSize,runs/2026-07-22/20260722_212717_2d4ca4dcf92fd319,True,,,,,,0,
000682bb39586b4e,2026-07-22,2026-07-22T21:27:19.589936+00:00,2dbb2534,ladder,al20-recolor-telescope,train,al20-recolor-telescope:train,433ec7f01fe3430a,5,al20-L0+recol,4,SEARCH,d2/pool400/arity2/clim50000:immediate/slimNone:generation-end,BottomUpSearchEngine/const=finite-enumerate/fill=none/poly=monomorphize/allow=0,-,-,-,-,2,0,ProgramSize,runs/2026-07-22/20260722_212719_000682bb39586b4e,True,5,5,36525,False,False,0.83,
69c931afb11301c6,2026-07-22,2026-07-22T21:27:20.439765+00:00,2dbb2534,ladder,al20-recolor-telescope,raw-arm,al20-recolor-telescope:train:raw-arm,902a5365dcf1f510,1,al20-L0,3,SEARCH,d5/pool200000/arity2/clim362790:immediate/slim1:immediate,BottomUpSearchEngine/const=finite-enumerate/fill=none/poly=monomorphize/allow=0,-,-,-,-,2,0,ProgramSize,runs/2026-07-22/20260722_212720_69c931afb11301c6,True,0,1,362790,True,False,10.473,
3fcf057516c0e87b,2026-07-22,2026-07-22T22:07:06.437782+00:00,680258bc,ladder,al1-mirror,train,al1-mirror:train,ad9ef8d0ffda58a9,5,al1-L0,3,LEARN,d2/pool300/arity2/clim50000:immediate/slimNone:generation-end,BottomUpSearchEngine/const=finite-enumerate/fill=none/poly=monomorphize/allow=0,GreedyMDLLearnEngine,AntiunifyPairs,CompressionMetric,5,2,0,ProgramSize,runs/2026-07-22/20260722_220706_3fcf057516c0e87b,True,,,,,,0,
dd3bc10b41ce86ba,2026-07-22,2026-07-22T22:07:08.593219+00:00,680258bc,ladder,al17-shift-frame-tall,train,al17-shift-frame-tall:train,ae2df1a711850a52,7,al17-L0,3,LEARN,d2/pool400/arity2/clim50000:immediate/slimNone:generation-end,BottomUpSearchEngine/const=finite-enumerate/fill=none/poly=monomorphize/allow=0,GreedyMDLLearnEngine,AntiunifyPairs,CompressionMetric,6,2,0,ProgramSize,runs/2026-07-22/20260722_220708_dd3bc10b41ce86ba,True,,,,,,0,
72f35897725ccce6,2026-07-22,2026-07-22T23:18:42.711732+00:00,96c2c246,ladder,al1-mirror,train,al1-mirror:train,ad9ef8d0ffda58a9,5,al1-L0,3,LEARN,d2/pool300/arity2/clim50000:immediate/slimNone:generation-end,BottomUpSearchEngine/const=finite-enumerate/fill=none/poly=monomorphize/allow=0,GreedyMDLLearnEngine,AntiunifyPairs,CompressionMetric,5,2,0,ProgramSize,runs/2026-07-22/20260722_231842_72f35897725ccce6,True,,,,,,0,
df297dfc8a976936,2026-07-22,2026-07-22T23:18:44.232891+00:00,96c2c246,ladder,al15-shift-frame,train,al15-shift-frame:train,4726db5e6f42f1ef,5,al15-L0,3,LEARN,d2/pool400/arity2/clim50000:immediate/slimNone:generation-end,BottomUpSearchEngine/const=finite-enumerate/fill=none/poly=monomorphize/allow=0,GreedyMDLLearnEngine,AntiunifyPairs,CompressionMetric,5,2,0,ProgramSize,runs/2026-07-22/20260722_231844_df297dfc8a976936,True,,,,,,0,
144d36291bd5d65c,2026-07-22,2026-07-22T23:18:45.483456+00:00,96c2c246,ladder,al16-layout-nest,train,al16-layout-nest:train,d59bf35ee5c80ddc,5,al16-L0,3,LEARN,d2/pool400/arity2/clim50000:immediate/slimNone:generation-end,BottomUpSearchEngine/const=finite-enumerate/fill=none/poly=monomorphize/allow=0,GreedyMDLLearnEngine,AntiunifyPairs,CompressionMetric,5,2,0,ProgramSize,runs/2026-07-22/20260722_231845_144d36291bd5d65c,True,,,,,,0,
67326add0744d33b,2026-07-22,2026-07-22T23:18:45.023217+00:00,96c2c246,ladder,al15-shift-frame,train,al15-shift-frame:train,4726db5e6f42f1ef,5,al15-L0,3,LEARN,d2/pool400/arity2/clim50000:immediate/slimNone:generation-end,BottomUpSearchEngine/const=finite-enumerate/fill=none/poly=monomorphize/allow=0,GreedyMDLLearnEngine,AntiunifyPairs,CompressionMetric,5,2,0,ProgramSize,runs/2026-07-22/20260722_231845_67326add0744d33b,True,,,,,,0,
679253717d2d7501,2026-07-22,2026-07-22T23:18:45.635188+00:00,96c2c246,ladder,al17-shift-frame-tall,train,al17-shift-frame-tall:train,ae2df1a711850a52,7,al17-L0,3,LEARN,d2/pool400/arity2/clim50000:immediate/slimNone:generation-end,BottomUpSearchEngine/const=finite-enumerate/fill=none/poly=monomorphize/allow=0,GreedyMDLLearnEngine,AntiunifyPairs,CompressionMetric,6,2,0,ProgramSize,runs/2026-07-22/20260722_231845_679253717d2d7501,True,,,,,,0,
eed90165a30e57ff,2026-07-22,2026-07-22T23:18:45.566559+00:00,96c2c246,ladder,al16-layout-nest,train,al16-layout-nest:train,d59bf35ee5c80ddc,5,al16-L0,3,LEARN,d2/pool400/arity2/clim50000:immediate/slimNone:generation-end,BottomUpSearchEngine/const=finite-enumerate/fill=none/poly=monomorphize/allow=0,GreedyMDLLearnEngine,AntiunifyPairs,CompressionMetric,5,2,0,ProgramSize,runs/2026-07-22/20260722_231845_eed90165a30e57ff,True,,,,,,0,
118835954171b0b7,2026-07-22,2026-07-22T23:18:46.455957+00:00,96c2c246,ladder,al19-fanin-recolor,train,al19-fanin-recolor:train,2def1c7e4f6777a1,5,al19-L0,4,LEARN,d2/pool400/arity2/clim50000:immediate/slimNone:generation-end,BottomUpSearchEngine/const=finite-enumerate/fill=none/poly=monomorphize/allow=0,GreedyMDLLearnEngine,AntiunifyPairs,CompressionMetric,5,2,0,ProgramSize,runs/2026-07-22/20260722_231846_118835954171b0b7,True,,,,,,0,
9a4f7386b00008b3,2026-07-22,2026-07-22T23:18:46.385704+00:00,96c2c246,ladder,al18-fanin-rotate,train,al18-fanin-rotate:train,17e158e08393ae6e,5,al18-L0,4,LEARN,d2/pool400/arity2/clim50000:immediate/slimNone:generation-end,BottomUpSearchEngine/const=finite-enumerate/fill=none/poly=monomorphize/allow=0,GreedyMDLLearnEngine,AntiunifyPairs,CompressionMetric,5,2,0,ProgramSize,runs/2026-07-22/20260722_231846_9a4f7386b00008b3,True,,,,,,0,
a9e1ea89015a2864,2026-07-22,2026-07-22T23:18:46.287157+00:00,96c2c246,ladder,al18-fanin-rotate,train,al18-fanin-rotate:train,17e158e08393ae6e,5,al18-L0,4,LEARN,d2/pool400/arity2/clim50000:immediate/slimNone:generation-end,BottomUpSearchEngine/const=finite-enumerate/fill=none/poly=monomorphize/allow=0,GreedyMDLLearnEngine,AntiunifyPairs,CompressionMetric,5,2,0,ProgramSize,runs/2026-07-22/20260722_231846_a9e1ea89015a2864,True,,,,,,0,
8169d6a9a2682f52,2026-07-22,2026-07-22T23:18:48.341760+00:00,96c2c246,ladder,al19-fanin-recolor,train,al19-fanin-recolor:train,2def1c7e4f6777a1,5,al19-L0,4,LEARN,d2/pool400/arity2/clim50000:immediate/slimNone:generation-end,BottomUpSearchEngine/const=finite-enumerate/fill=none/poly=monomorphize/allow=0,GreedyMDLLearnEngine,AntiunifyPairs,CompressionMetric,5,2,0,ProgramSize,runs/2026-07-22/20260722_231848_8169d6a9a2682f52,True,,,,,,0,
0665c77c6c113d0c,2026-07-22,2026-07-22T23:18:49.388476+00:00,96c2c246,ladder,al20-recolor-telescope,train,al20-recolor-telescope:train,433ec7f01fe3430a,5,al20-L0,3,LEARN,d2/pool400/arity2/clim50000:immediate/slimNone:generation-end,BottomUpSearchEngine/const=finite-enumerate/fill=none/poly=monomorphize/allow=0,GreedyMDLLearnEngine,AntiunifyPairs,CompressionMetric,5,2,0,ProgramSize,runs/2026-07-22/20260722_231849_0665c77c6c113d0c,True,,,,,,0,
d64b92276cca0363,2026-07-22,2026-07-22T23:18:50.858723+00:00,96c2c246,ladder,al20-recolor-telescope,train,al20-recolor-telescope:train,433ec7f01fe3430a,5,al20-L0,3,LEARN,d2/pool400/arity2/clim50000:immediate/slimNone:generation-end,BottomUpSearchEngine/const=finite-enumerate/fill=none/poly=monomorphize/allow=0,GreedyMDLLearnEngine,AntiunifyPairs,CompressionMetric,5,2,0,ProgramSize,runs/2026-07-22/20260722_231850_d64b92276cca0363,True,,,,,,0,
fc0d550e55962832,2026-07-26,2026-07-26T20:13:49.661669+00:00,99d38b28,ladder,dae9d2b5-halves-union,train,dae9d2b5-halves-union:train,81068a7a34f1b37d,5,dae9d2b5-L0,6,SEARCH,d3/pool150/arity3/clim30000000:immediate/slimNone:generation-end,BottomUpSearchEngine/const=finite-enumerate-scalars/fill=none/poly=monomorphize/allow=0,-,-,-,-,2,0,ProgramSize,runs/2026-07-26/20260726_201349_fc0d550e55962832,False,,,,,,,
ec20e04ab9a263a4,2026-07-26,2026-07-26T20:40:31.171009+00:00,99d38b28,ladder,al5-perceiver-chain,train,al5-perceiver-chain:train,b75f64df08cab460,7,al5-L0+swap_extremes+swap_mirror+swap_stack,8,SEARCH,d2/pool1500/arity3/clim50000:immediate/slimNone:generation-end,BottomUpSearchEngine/const=finite-enumerate/fill=none/poly=monomorphize/allow=0,-,-,-,-,2,0,ProgramSize,runs/2026-07-26/20260726_204031_ec20e04ab9a263a4,True,7,7,140966,False,False,8.496,
2394300fc1908dd5,2026-07-26,2026-07-26T20:46:28.549736+00:00,99d38b28,ladder,al21-dag-siblings,train,al21-dag-siblings:train,8e7d08e122f5aae1,5,al21-L0,4,LEARN,d2/pool400/arity2/clim50000:immediate/slimNone:generation-end,BottomUpSearchEngine/const=none/fill=none/poly=monomorphize/allow=0,GreedyMDLLearnEngine,AntiunifyPairs,CompressionMetric,5,2,0,ProgramSize,runs/2026-07-26/20260726_204628_2394300fc1908dd5,True,,,,,,0,
2662694f8cf89116,2026-07-26,2026-07-26T20:46:28.468017+00:00,99d38b28,ladder,al21-dag-siblings,train,al21-dag-siblings:train,8e7d08e122f5aae1,5,al21-L0,4,SEARCH,d2/pool400/arity2/clim50000:immediate/slimNone:generation-end,BottomUpSearchEngine/const=none/fill=none/poly=monomorphize/allow=0,-,-,-,-,2,0,ProgramSize,runs/2026-07-26/20260726_204628_2662694f8cf89116,True,4,5,305,False,False,0.008,
62834c53fa225511,2026-07-26,2026-07-26T20:46:28.492590+00:00,99d38b28,ladder,al21-dag-siblings,train,al21-dag-siblings:train,8e7d08e122f5aae1,5,al21-L0+mirror_h,5,SEARCH,d2/pool400/arity2/clim50000:immediate/slimNone:generation-end,BottomUpSearchEngine/const=none/fill=none/poly=monomorphize/allow=0,-,-,-,-,2,0,ProgramSize,runs/2026-07-26/20260726_204628_62834c53fa225511,True,4,5,455,False,False,0.011,
66f89078584367ae,2026-07-26,2026-07-26T20:46:28.518546+00:00,99d38b28,ladder,al21-dag-siblings,train,al21-dag-siblings:train,8e7d08e122f5aae1,5,al21-L0+mirror_h+mirror_flip,6,SEARCH,d2/pool400/arity2/clim50000:immediate/slimNone:generation-end,BottomUpSearchEngine/const=none/fill=none/poly=monomorphize/allow=0,-,-,-,-,2,0,ProgramSize,runs/2026-07-26/20260726_204628_66f89078584367ae,True,5,5,635,False,False,0.015,
872b4d9cbdc76a2c,2026-07-26,2026-07-26T20:46:28.616136+00:00,99d38b28,ladder,al21-dag-siblings,heldout,al21-dag-siblings:heldout,7ff30f41670619ca,3,al21-L0+abs0+abs1,6,SEARCH,d2/pool400/arity2/clim50000:immediate/slimNone:generation-end,BottomUpSearchEngine/const=none/fill=none/poly=monomorphize/allow=0,-,-,-,-,2,0,ProgramSize,runs/2026-07-26/20260726_204628_872b4d9cbdc76a2c,True,3,3,381,False,False,0.008,
a88e3cd8af632d04,2026-07-26,2026-07-26T20:46:28.638616+00:00,99d38b28,ladder,al21-dag-siblings,train,al21-dag-siblings:train,8e7d08e122f5aae1,5,al21-L0+mirror_flip,5,SEARCH,d2/pool400/arity2/clim50000:immediate/slimNone:generation-end,BottomUpSearchEngine/const=none/fill=none/poly=monomorphize/allow=0,-,-,-,-,2,0,ProgramSize,runs/2026-07-26/20260726_204628_a88e3cd8af632d04,True,4,5,455,False,False,0.011,
c7cb528a9b0f5b83,2026-07-26,2026-07-26T20:46:28.664829+00:00,99d38b28,ladder,al21-dag-siblings,raw-arm,al21-dag-siblings:train:raw-arm,ffc4f7c7edb54887,1,al21-L0,4,SEARCH,d3/pool200000/arity2/clim4310:immediate/slim1:immediate,BottomUpSearchEngine/const=none/fill=none/poly=monomorphize/allow=0,-,-,-,-,2,0,ProgramSize,runs/2026-07-26/20260726_204628_c7cb528a9b0f5b83,True,1,1,514,False,True,0.009,
e91fc9cc4e64c549,2026-07-26,2026-07-26T20:46:28.587106+00:00,99d38b28,ladder,al21-dag-siblings,train,al21-dag-siblings:train,8e7d08e122f5aae1,5,al21-L0+abs0+abs1,6,SEARCH,d2/pool400/arity2/clim50000:immediate/slimNone:generation-end,BottomUpSearchEngine/const=none/fill=none/poly=monomorphize/allow=0,-,-,-,-,2,0,ProgramSize,runs/2026-07-26/20260726_204628_e91fc9cc4e64c549,True,5,5,635,False,False,0.014,
215978aa50dad334,2026-07-26,2026-07-26T21:56:33.154004+00:00,7f420cac,probe,al21-dag-siblings,probe,probe:al21-dag-siblings:al21-L0:mirror_h-01,b5e30f0d9edfae4a,1,al21-L0,4,SEARCH,d2/pool400/arity2/clim50000:immediate/slimNone:generation-end,BottomUpSearchEngine/const=none/fill=none/poly=monomorphize/allow=0,-,-,-,-,2,0,ProgramSize,runs/2026-07-26/20260726_215633_215978aa50dad334,True,1,1,61,False,False,0.002,
46ac121f6032da2e,2026-07-26,2026-07-26T21:56:33.174052+00:00,7f420cac,probe,al21-dag-siblings,probe,probe:al21-dag-siblings:al21-L0:top-00,ffc4f7c7edb54887,1,al21-L0,4,SEARCH,d2/pool400/arity2/clim50000:immediate/slimNone:generation-end,BottomUpSearchEngine/const=none/fill=none/poly=monomorphize/allow=0,-,-,-,-,2,0,ProgramSize,runs/2026-07-26/20260726_215633_46ac121f6032da2e,True,0,1,61,False,False,0.002,
5cd18badef7c6849,2026-07-26,2026-07-26T21:56:33.120267+00:00,7f420cac,probe,al21-dag-siblings,probe,probe:al21-dag-siblings:al21-L0:mirror_h-00,b135bc7d30603c0a,1,al21-L0,4,SEARCH,d2/pool400/arity2/clim50000:immediate/slimNone:generation-end,BottomUpSearchEngine/const=none/fill=none/poly=monomorphize/allow=0,-,-,-,-,2,0,ProgramSize,runs/2026-07-26/20260726_215633_5cd18badef7c6849,True,1,1,61,False,False,0.002,
77f7ba807d3ded02,2026-07-26,2026-07-26T21:56:33.137174+00:00,7f420cac,probe,al21-dag-siblings,pruned,probe:al21-dag-siblings:al21-L0:pruned:mirror_h-00,b135bc7d30603c0a,1,al21-L0:pruned,2,SEARCH,d2/pool400/arity2/clim50000:immediate/slimNone:generation-end,BottomUpSearchEngine/const=none/fill=none/poly=monomorphize/allow=0,-,-,-,-,2,0,ProgramSize,runs/2026-07-26/20260726_215633_77f7ba807d3ded02,True,1,1,13,False,False,0.001,
a0f1afcc4f05accd,2026-07-26,2026-07-26T21:56:33.291071+00:00,7f420cac,probe,al21-dag-siblings,probe,probe:al21-dag-siblings:al21-L0:top-00,da3fa57807df2691,1,al21-L0,4,SEARCH,d2/pool400/arity2/clim50000:immediate/slimNone:generation-end,BottomUpSearchEngine/const=none/fill=none/poly=monomorphize/allow=0,-,-,-,-,2,0,ProgramSize,runs/2026-07-26/20260726_215633_a0f1afcc4f05accd,True,0,1,61,False,False,0.002,
aa41860d0c605f2e,2026-07-26,2026-07-26T21:56:33.252655+00:00,7f420cac,probe,al21-dag-siblings,pruned,probe:al21-dag-siblings:al21-L0:pruned:mirror_h-00,967a80078318494d,1,al21-L0:pruned,2,SEARCH,d2/pool400/arity2/clim50000:immediate/slimNone:generation-end,BottomUpSearchEngine/const=none/fill=none/poly=monomorphize/allow=0,-,-,-,-,2,0,ProgramSize,runs/2026-07-26/20260726_215633_aa41860d0c605f2e,True,0,1,13,False,False,0.001,
adfc695c3ef3e478,2026-07-26,2026-07-26T21:56:33.272610+00:00,7f420cac,probe,al21-dag-siblings,probe,probe:al21-dag-siblings:al21-L0:mirror_h-01,03036ee1ec923d06,1,al21-L0,4,SEARCH,d2/pool400/arity2/clim50000:immediate/slimNone:generation-end,BottomUpSearchEngine/const=none/fill=none/poly=monomorphize/allow=0,-,-,-,-,2,0,ProgramSize,runs/2026-07-26/20260726_215633_adfc695c3ef3e478,True,0,1,61,False,False,0.002,
d249f49c8a80790e,2026-07-26,2026-07-26T21:56:33.233847+00:00,7f420cac,probe,al21-dag-siblings,probe,probe:al21-dag-siblings:al21-L0:mirror_h-00,967a80078318494d,1,al21-L0,4,SEARCH,d2/pool400/arity2/clim50000:immediate/slimNone:generation-end,BottomUpSearchEngine/const=none/fill=none/poly=monomorphize/allow=0,-,-,-,-,2,0,ProgramSize,runs/2026-07-26/20260726_215633_d249f49c8a80790e,True,0,1,61,False,False,0.003,
28747badd0dd9554,2026-07-26,2026-07-26T21:58:42.377821+00:00,7f420cac,probe,al21-dag-siblings,probe,probe:al21-dag-siblings:al21-L0+mirror_h:top-00,ffc4f7c7edb54887,1,al21-L0+mirror_h,5,SEARCH,d2/pool400/arity2/clim50000:immediate/slimNone:generation-end,BottomUpSearchEngine/const=none/fill=none/poly=monomorphize/allow=0,-,-,-,-,2,0,ProgramSize,runs/2026-07-26/20260726_215842_28747badd0dd9554,True,0,1,91,False,False,0.002,
6a4c0ee790ce4372,2026-07-26,2026-07-26T21:58:42.335766+00:00,7f420cac,probe,al21-dag-siblings,pruned,probe:al21-dag-siblings:al21-L0+mirror_h:pruned:mirror_flip-00,dac8f3b9ae766c99,1,al21-L0+mirror_h:pruned,2,SEARCH,d2/pool400/arity2/clim50000:immediate/slimNone:generation-end,BottomUpSearchEngine/const=none/fill=none/poly=monomorphize/allow=0,-,-,-,-,2,0,ProgramSize,runs/2026-07-26/20260726_215842_6a4c0ee790ce4372,True,1,1,13,False,False,0.001,
980e26ccfcac5380,2026-07-26,2026-07-26T21:58:42.317399+00:00,7f420cac,probe,al21-dag-siblings,probe,probe:al21-dag-siblings:al21-L0+mirror_h:mirror_flip-00,dac8f3b9ae766c99,1,al21-L0+mirror_h,5,SEARCH,d2/pool400/arity2/clim50000:immediate/slimNone:generation-end,BottomUpSearchEngine/const=none/fill=none/poly=monomorphize/allow=0,-,-,-,-,2,0,ProgramSize,runs/2026-07-26/20260726_215842_980e26ccfcac5380,True,1,1,91,False,False,0.003,
dad9505ea9924752,2026-07-26,2026-07-26T21:58:42.351624+00:00,7f420cac,probe,al21-dag-siblings,probe,probe:al21-dag-siblings:al21-L0+mirror_h:mirror_flip-01,e4a3d98f247c44a3,1,al21-L0+mirror_h,5,SEARCH,d2/pool400/arity2/clim50000:immediate/slimNone:generation-end,BottomUpSearchEngine/const=none/fill=none/poly=monomorphize/allow=0,-,-,-,-,2,0,ProgramSize,runs/2026-07-26/20260726_215842_dad9505ea9924752,True,1,1,91,False,False,0.002,
140963ac365e19e2,2026-07-26,2026-07-26T21:58:55.997349+00:00,7f420cac,probe,al1-mirror,probe,probe:al1-mirror:al1-L0:rot180-00,941ce875f0ada749,1,al1-L0,3,SEARCH,d2/pool300/arity2/clim50000:immediate/slimNone:generation-end,BottomUpSearchEngine/const=finite-enumerate/fill=none/poly=monomorphize/allow=0,-,-,-,-,2,0,ProgramSize,runs/2026-07-26/20260726_215855_140963ac365e19e2,True,1,1,6743,False,False,0.345,
46a50bd6b041b153,2026-07-26,2026-07-26T21:58:56.175540+00:00,7f420cac,probe,al1-mirror,pruned,probe:al1-mirror:al1-L0:pruned:rot180-00,941ce875f0ada749,1,al1-L0:pruned,2,SEARCH,d2/pool300/arity2/clim50000:immediate/slimNone:generation-end,BottomUpSearchEngine/const=finite-enumerate/fill=none/poly=monomorphize/allow=0,-,-,-,-,2,0,ProgramSize,runs/2026-07-26/20260726_215856_46a50bd6b041b153,True,1,1,7,False,False,0.002,
91a7f36839b83379,2026-07-26,2026-07-26T21:58:56.376240+00:00,7f420cac,probe,al1-mirror,probe,probe:al1-mirror:al1-L0:rot180-01,71bc35e32824a57e,1,al1-L0,3,SEARCH,d2/pool300/arity2/clim50000:immediate/slimNone:generation-end,BottomUpSearchEngine/const=finite-enumerate/fill=none/poly=monomorphize/allow=0,-,-,-,-,2,0,ProgramSize,runs/2026-07-26/20260726_215856_91a7f36839b83379,True,1,1,6743,False,False,0.226,
9c772b5a36f00d48,2026-07-26,2026-07-26T21:58:56.899962+00:00,7f420cac,probe,al1-mirror,probe,probe:al1-mirror:al1-L0:mirror-recolor-3-4,e6af20fcb1780f83,1,al1-L0,3,SEARCH,d2/pool300/arity2/clim50000:immediate/slimNone:generation-end,BottomUpSearchEngine/const=finite-enumerate/fill=none/poly=monomorphize/allow=0,-,-,-,-,2,0,ProgramSize,runs/2026-07-26/20260726_215856_9c772b5a36f00d48,True,0,1,6743,False,False,0.207,
a190b3c24ac4ae1b,2026-07-26,2026-07-26T21:58:56.933353+00:00,7f420cac,probe,al1-mirror,probe,probe:al1-mirror:al1-L0+rot180:mirror-recolor-1-2,39c14489bbc45686,1,al1-L0+rot180,4,SEARCH,d2/pool300/arity2/clim50000:immediate/slimNone:generation-end,BottomUpSearchEngine/const=finite-enumerate/fill=none/poly=monomorphize/allow=0,-,-,-,-,2,0,ProgramSize,runs/2026-07-26/20260726_215856_a190b3c24ac4ae1b,True,1,1,6912,False,False,0.205,
b98908df09df568b,2026-07-26,2026-07-26T21:58:56.625461+00:00,7f420cac,probe,al1-mirror,probe,probe:al1-mirror:al1-L0:mirror-recolor-1-2,39c14489bbc45686,1,al1-L0,3,SEARCH,d2/pool300/arity2/clim50000:immediate/slimNone:generation-end,BottomUpSearchEngine/const=finite-enumerate/fill=none/poly=monomorphize/allow=0,-,-,-,-,2,0,ProgramSize,runs/2026-07-26/20260726_215856_b98908df09df568b,True,0,1,6743,False,False,0.253,
20b89922b9bf8ccd,2026-07-26,2026-07-26T21:58:57.166611+00:00,7f420cac,probe,al1-mirror,pruned,probe:al1-mirror:al1-L0+rot180:pruned:mirror-recolor-1-2,39c14489bbc45686,1,al1-L0+rot180:pruned,2,SEARCH,d2/pool300/arity2/clim50000:immediate/slimNone:generation-end,BottomUpSearchEngine/const=finite-enumerate/fill=none/poly=monomorphize/allow=0,-,-,-,-,2,0,ProgramSize,runs/2026-07-26/20260726_215857_20b89922b9bf8ccd,True,1,1,6576,False,False,0.227,
669ebda147b165b5,2026-07-26,2026-07-26T21:58:57.151110+00:00,7f420cac,probe,al14-cell-row-grid,probe,probe:al14-cell-row-grid:al14-L0:move_cell_up-00,bb455a29a5792e69,1,al14-L0,3,SEARCH,d3/pool2000/arity4/clim50000:immediate/slimNone:generation-end,BottomUpSearchEngine/const=finite-enumerate/fill=none/poly=monomorphize/allow=0,-,-,-,-,2,0,ProgramSize,runs/2026-07-26/20260726_215857_669ebda147b165b5,True,1,1,50000,True,False,1.081,
72a15c01349c2abf,2026-07-26,2026-07-26T21:58:57.754605+00:00,7f420cac,probe,al1-mirror,probe,probe:al1-mirror:al1-L0+rot180:top-00,36184b435ab8e78c,1,al1-L0+rot180,4,SEARCH,d2/pool300/arity2/clim50000:immediate/slimNone:generation-end,BottomUpSearchEngine/const=finite-enumerate/fill=none/poly=monomorphize/allow=0,-,-,-,-,2,0,ProgramSize,runs/2026-07-26/20260726_215857_72a15c01349c2abf,True,0,1,6912,False,False,0.294,
b21bca5c1b656b54,2026-07-26,2026-07-26T21:58:57.412419+00:00,7f420cac,probe,al1-mirror,probe,probe:al1-mirror:al1-L0+rot180:mirror-recolor-3-4,e6af20fcb1780f83,1,al1-L0+rot180,4,SEARCH,d2/pool300/arity2/clim50000:immediate/slimNone:generation-end,BottomUpSearchEngine/const=finite-enumerate/fill=none/poly=monomorphize/allow=0,-,-,-,-,2,0,ProgramSize,runs/2026-07-26/20260726_215857_b21bca5c1b656b54,True,1,1,6912,False,False,0.236,
156f33c2e094ef5b,2026-07-26,2026-07-26T21:58:58.248995+00:00,7f420cac,probe,al17-shift-frame-tall,pruned,probe:al17-shift-frame-tall:al17-L0:pruned:shift1-00,d206281eff7d433a,1,al17-L0:pruned,2,SEARCH,d2/pool400/arity2/clim50000:immediate/slimNone:generation-end,BottomUpSearchEngine/const=finite-enumerate/fill=none/poly=monomorphize/allow=0,-,-,-,-,2,0,ProgramSize,runs/2026-07-26/20260726_215858_156f33c2e094ef5b,True,1,1,209,False,False,0.005,
21334b617716064e,2026-07-26,2026-07-26T21:58:58.446739+00:00,7f420cac,probe,al17-shift-frame-tall,probe,probe:al17-shift-frame-tall:al17-L0:frame1-00,01bf099908259fb6,1,al17-L0,3,SEARCH,d2/pool400/arity2/clim50000:immediate/slimNone:generation-end,BottomUpSearchEngine/const=finite-enumerate/fill=none/poly=monomorphize/allow=0,-,-,-,-,2,0,ProgramSize,runs/2026-07-26/20260726_215858_21334b617716064e,True,0,1,3603,False,False,0.223,
237a3c188d0b6df9,2026-07-26,2026-07-26T21:58:58.283546+00:00,7f420cac,probe,al17-shift-frame-tall,probe,probe:al17-shift-frame-tall:al17-L0:shift1-01,e4be8be78b15a17a,1,al17-L0,3,SEARCH,d2/pool400/arity2/clim50000:immediate/slimNone:generation-end,BottomUpSearchEngine/const=finite-enumerate/fill=none/poly=monomorphize/allow=0,-,-,-,-,2,0,ProgramSize,runs/2026-07-26/20260726_215858_237a3c188d0b6df9,True,1,1,3603,False,False,0.13,
43d61c6fb9a29920,2026-07-26,2026-07-26T21:58:58.938396+00:00,7f420cac,probe,al17-shift-frame-tall,probe,probe:al17-shift-frame-tall:al17-L0:shift2-01,64e4b899e644a5eb,1,al17-L0,3,SEARCH,d2/pool400/arity2/clim50000:immediate/slimNone:generation-end,BottomUpSearchEngine/const=finite-enumerate/fill=none/poly=monomorphize/allow=0,-,-,-,-,2,0,ProgramSize,runs/2026-07-26/20260726_215858_43d61c6fb9a29920,True,0,1,3603,False,False,0.096,
4773c14851f08f1a,2026-07-26,2026-07-26T21:58:58.108737+00:00,7f420cac,probe,al17-shift-frame-tall,probe,probe:al17-shift-frame-tall:al17-L0:shift1-00,d206281eff7d433a,1,al17-L0,3,SEARCH,d2/pool400/arity2/clim50000:immediate/slimNone:generation-end,BottomUpSearchEngine/const=finite-enumerate/fill=none/poly=monomorphize/allow=0,-,-,-,-,2,0,ProgramSize,runs/2026-07-26/20260726_215858_4773c14851f08f1a,True,1,1,3603,False,False,0.109,
abd656f8c1f1825d,2026-07-26,2026-07-26T21:58:58.807155+00:00,7f420cac,probe,al17-shift-frame-tall,probe,probe:al17-shift-frame-tall:al17-L0:shift2-00,6c8209faa6584641,1,al17-L0,3,SEARCH,d2/pool400/arity2/clim50000:immediate/slimNone:generation-end,BottomUpSearchEngine/const=finite-enumerate/fill=none/poly=monomorphize/allow=0,-,-,-,-,2,0,ProgramSize,runs/2026-07-26/20260726_215858_abd656f8c1f1825d,True,0,1,3603,False,False,0.102,
ac17add3ac9a9055,2026-07-26,2026-07-26T21:58:58.692140+00:00,7f420cac,probe,al17-shift-frame-tall,probe,probe:al17-shift-frame-tall:al17-L0:frame1-01,054bef59c95fd454,1,al17-L0,3,SEARCH,d2/pool400/arity2/clim50000:immediate/slimNone:generation-end,BottomUpSearchEngine/const=finite-enumerate/fill=none/poly=monomorphize/allow=0,-,-,-,-,2,0,ProgramSize,runs/2026-07-26/20260726_215858_ac17add3ac9a9055,True,0,1,3603,False,False,0.086,
de39e28b8565b509,2026-07-26,2026-07-26T21:58:58.261524+00:00,7f420cac,probe,al14-cell-row-grid,pruned,probe:al14-cell-row-grid:al14-L0:pruned:move_cell_up-00,bb455a29a5792e69,1,al14-L0:pruned,3,SEARCH,d3/pool2000/arity4/clim50000:immediate/slimNone:generation-end,BottomUpSearchEngine/const=finite-enumerate/fill=none/poly=monomorphize/allow=0,-,-,-,-,2,0,ProgramSize,runs/2026-07-26/20260726_215858_de39e28b8565b509,True,1,1,50000,True,False,1.08,
0030ca29677623f2,2026-07-26,2026-07-26T21:58:59.077000+00:00,7f420cac,probe,al1-mirror,probe,probe:al1-mirror:al1-L0:rot180-00,941ce875f0ada749,1,al1-L0,3,SEARCH,d5/pool300/arity2/clim50000:immediate/slimNone:generation-end,BottomUpSearchEngine/const=finite-enumerate/fill=none/poly=monomorphize/allow=0,-,-,-,-,2,0,ProgramSize,runs/2026-07-26/20260726_215859_0030ca29677623f2,True,1,1,36017,False,False,2.316,
58be20c1c99e6746,2026-07-26,2026-07-26T21:58:59.415559+00:00,7f420cac,probe,al14-cell-row-grid,probe,probe:al14-cell-row-grid:al14-L0:move_cell_up-01,bb94550fdfc60940,1,al14-L0,3,SEARCH,d3/pool2000/arity4/clim50000:immediate/slimNone:generation-end,BottomUpSearchEngine/const=finite-enumerate/fill=none/poly=monomorphize/allow=0,-,-,-,-,2,0,ProgramSize,runs/2026-07-26/20260726_215859_58be20c1c99e6746,True,0,1,50000,True,False,1.15,
8a3bc3db27293c28,2026-07-26,2026-07-26T21:59:00.589045+00:00,7f420cac,probe,al14-cell-row-grid,probe,probe:al14-cell-row-grid:al14-L0:move_row_up-00,bc6da65f2fcd1846,1,al14-L0,3,SEARCH,d3/pool2000/arity4/clim50000:immediate/slimNone:generation-end,BottomUpSearchEngine/const=finite-enumerate/fill=none/poly=monomorphize/allow=0,-,-,-,-,2,0,ProgramSize,runs/2026-07-26/20260726_215900_8a3bc3db27293c28,True,0,1,50000,True,False,0.99,
2ea1ae2c205f42fd,2026-07-26,2026-07-26T21:59:01.416672+00:00,7f420cac,probe,al1-mirror,pruned,probe:al1-mirror:al1-L0:pruned:rot180-00,941ce875f0ada749,1,al1-L0:pruned,2,SEARCH,d5/pool300/arity2/clim50000:immediate/slimNone:generation-end,BottomUpSearchEngine/const=finite-enumerate/fill=none/poly=monomorphize/allow=0,-,-,-,-,2,0,ProgramSize,runs/2026-07-26/20260726_215901_2ea1ae2c205f42fd,True,1,1,9,False,False,0.003,
300161300c3febfe,2026-07-26,2026-07-26T21:59:01.612818+00:00,7f420cac,probe,al14-cell-row-grid,probe,probe:al14-cell-row-grid:al14-L0:move_row_up-01,bb0394f8761c0d7c,1,al14-L0,3,SEARCH,d3/pool2000/arity4/clim50000:immediate/slimNone:generation-end,BottomUpSearchEngine/const=finite-enumerate/fill=none/poly=monomorphize/allow=0,-,-,-,-,2,0,ProgramSize,runs/2026-07-26/20260726_215901_300161300c3febfe,True,0,1,50000,True,False,1.086,
dfb08fcb675d8746,2026-07-26,2026-07-26T21:59:01.449082+00:00,7f420cac,probe,al1-mirror,probe,probe:al1-mirror:al1-L0:rot180-01,71bc35e32824a57e,1,al1-L0,3,SEARCH,d5/pool300/arity2/clim50000:immediate/slimNone:generation-end,BottomUpSearchEngine/const=finite-enumerate/fill=none/poly=monomorphize/allow=0,-,-,-,-,2,0,ProgramSize,runs/2026-07-26/20260726_215901_dfb08fcb675d8746,True,1,1,36017,False,False,2.174,
5dd5a90c93c49761,2026-07-26,2026-07-26T21:59:02.763765+00:00,7f420cac,probe,al10-skippable,pruned,probe:al10-skippable:al2-L0:pruned:rot90-00,46610bdc33178312,1,al2-L0:pruned,2,SEARCH,d4/pool4000/arity2/clim50000:immediate/slimNone:generation-end,BottomUpSearchEngine/const=none/fill=none/poly=monomorphize/allow=0,-,-,-,-,2,0,ProgramSize,runs/2026-07-26/20260726_215902_5dd5a90c93c49761,True,1,1,15,False,False,0.001,
6b96c32eb503b6f3,2026-07-26,2026-07-26T21:59:02.786294+00:00,7f420cac,probe,al10-skippable,probe,probe:al10-skippable:al2-L0:rot90-01,7b5db82ef535982d,1,al2-L0,2,SEARCH,d4/pool4000/arity2/clim50000:immediate/slimNone:generation-end,BottomUpSearchEngine/const=none/fill=none/poly=monomorphize/allow=0,-,-,-,-,2,0,ProgramSize,runs/2026-07-26/20260726_215902_6b96c32eb503b6f3,True,1,1,15,False,False,0.002,
8b24ed2e65dd0fe7,2026-07-26,2026-07-26T21:59:02.813708+00:00,7f420cac,probe,al10-skippable,probe,probe:al10-skippable:al2-L0:top-00,f09b576b7105f07d,1,al2-L0,2,SEARCH,d4/pool4000/arity2/clim50000:immediate/slimNone:generation-end,BottomUpSearchEngine/const=none/fill=none/poly=monomorphize/allow=0,-,-,-,-,2,0,ProgramSize,runs/2026-07-26/20260726_215902_8b24ed2e65dd0fe7,True,1,1,15,False,False,0.001,
aeefb9205562cbb4,2026-07-26,2026-07-26T21:59:02.737170+00:00,7f420cac,probe,al10-skippable,probe,probe:al10-skippable:al2-L0:rot90-00,46610bdc33178312,1,al2-L0,2,SEARCH,d4/pool4000/arity2/clim50000:immediate/slimNone:generation-end,BottomUpSearchEngine/const=none/fill=none/poly=monomorphize/allow=0,-,-,-,-,2,0,ProgramSize,runs/2026-07-26/20260726_215902_aeefb9205562cbb4,True,1,1,15,False,False,0.003,
cdc60a24dba0a935,2026-07-26,2026-07-26T21:59:02.852576+00:00,7f420cac,probe,al14-cell-row-grid,probe,probe:al14-cell-row-grid:al14-L0:move_cell_up-00,bb455a29a5792e69,1,al14-L0,3,SEARCH,d3/pool2000/arity4/clim400000:immediate/slimNone:generation-end,BottomUpSearchEngine/const=finite-enumerate/fill=none/poly=monomorphize/allow=0,-,-,-,-,2,0,ProgramSize,runs/2026-07-26/20260726_215902_cdc60a24dba0a935,True,1,1,400000,True,False,15.332,
dfb3ec4cba1e7166,2026-07-26,2026-07-26T21:59:03.646429+00:00,7f420cac,probe,al1-mirror,probe,probe:al1-mirror:al1-L0:mirror-recolor-1-2,39c14489bbc45686,1,al1-L0,3,SEARCH,d5/pool300/arity2/clim50000:immediate/slimNone:generation-end,BottomUpSearchEngine/const=finite-enumerate/fill=none/poly=monomorphize/allow=0,-,-,-,-,2,0,ProgramSize,runs/2026-07-26/20260726_215903_dfb3ec4cba1e7166,True,1,1,36017,False,False,1.784,
48e6843d318e33b9,2026-07-26,2026-07-26T21:59:05.451322+00:00,7f420cac,probe,al1-mirror,probe,probe:al1-mirror:al1-L0:mirror-recolor-3-4,e6af20fcb1780f83,1,al1-L0,3,SEARCH,d5/pool300/arity2/clim50000:immediate/slimNone:generation-end,BottomUpSearchEngine/const=finite-enumerate/fill=none/poly=monomorphize/allow=0,-,-,-,-,2,0,ProgramSize,runs/2026-07-26/20260726_215905_48e6843d318e33b9,True,1,1,36017,False,False,1.749,
5d2854de7940cfe4,2026-07-26,2026-07-26T21:59:18.201719+00:00,7f420cac,probe,al14-cell-row-grid,pruned,probe:al14-cell-row-grid:al14-L0:pruned:move_cell_up-00,bb455a29a5792e69,1,al14-L0:pruned,3,SEARCH,d3/pool2000/arity4/clim400000:immediate/slimNone:generation-end,BottomUpSearchEngine/const=finite-enumerate/fill=none/poly=monomorphize/allow=0,-,-,-,-,2,0,ProgramSize,runs/2026-07-26/20260726_215918_5d2854de7940cfe4,True,1,1,400000,True,False,15.182,
57ce02d4f5a825e9,2026-07-26,2026-07-26T21:59:33.401480+00:00,7f420cac,probe,al14-cell-row-grid,probe,probe:al14-cell-row-grid:al14-L0:move_cell_up-01,bb94550fdfc60940,1,al14-L0,3,SEARCH,d3/pool2000/arity4/clim400000:immediate/slimNone:generation-end,BottomUpSearchEngine/const=finite-enumerate/fill=none/poly=monomorphize/allow=0,-,-,-,-,2,0,ProgramSize,runs/2026-07-26/20260726_215933_57ce02d4f5a825e9,True,1,1,400000,True,False,14.758,
75c642252536639d,2026-07-26,2026-07-26T21:59:48.176650+00:00,7f420cac,probe,al14-cell-row-grid,probe,probe:al14-cell-row-grid:al14-L0:move_row_up-00,bc6da65f2fcd1846,1,al14-L0,3,SEARCH,d3/pool2000/arity4/clim400000:immediate/slimNone:generation-end,BottomUpSearchEngine/const=finite-enumerate/fill=none/poly=monomorphize/allow=0,-,-,-,-,2,0,ProgramSize,runs/2026-07-26/20260726_215948_75c642252536639d,True,0,1,400000,True,False,14.706,
ac262d0753f13d3b,2026-07-26,2026-07-26T22:00:02.903521+00:00,7f420cac,probe,al14-cell-row-grid,probe,probe:al14-cell-row-grid:al14-L0:move_row_up-01,bb0394f8761c0d7c,1,al14-L0,3,SEARCH,d3/pool2000/arity4/clim400000:immediate/slimNone:generation-end,BottomUpSearchEngine/const=finite-enumerate/fill=none/poly=monomorphize/allow=0,-,-,-,-,2,0,ProgramSize,runs/2026-07-26/20260726_220002_ac262d0753f13d3b,True,0,1,400000,True,False,14.427,
b745cb6a6a0dabdc,2026-07-27,2026-07-27T01:18:11.122109+00:00,dc8ae13d,probe,al14-cell-row-grid,pruned,probe:al14-cell-row-grid:al14-L0:pruned:move_cell_up-00,bb455a29a5792e69,1,al14-L0:pruned,3,SEARCH,d3/pool2000/arity4/clim50000:immediate/slimNone:generation-end,BottomUpSearchEngine/const=finite-enumerate/fill=none/poly=monomorphize/allow=3,-,-,-,-,2,0,ProgramSize,runs/2026-07-27/20260727_011811_b745cb6a6a0dabdc,True,1,1,8879,False,False,0.206,
2cad458c5fc51ebe,2026-07-27,2026-07-27T01:18:14.012500+00:00,dc8ae13d,probe,al17-shift-frame-tall,pruned,probe:al17-shift-frame-tall:al17-L0:pruned:shift1-00,d206281eff7d433a,1,al17-L0:pruned,2,SEARCH,d2/pool400/arity2/clim50000:immediate/slimNone:generation-end,BottomUpSearchEngine/const=finite-enumerate/fill=none/poly=monomorphize/allow=1,-,-,-,-,2,0,ProgramSize,runs/2026-07-27/20260727_011813_2cad458c5fc51ebe,True,1,1,14,False,False,0.004,
98d6c445dc2076cf,2026-07-27,2026-07-27T01:18:14.085095+00:00,dc8ae13d,probe,al1-mirror,pruned,probe:al1-mirror:al1-L0:pruned:rot180-00,941ce875f0ada749,1,al1-L0:pruned,2,SEARCH,d5/pool300/arity2/clim50000:immediate/slimNone:generation-end,BottomUpSearchEngine/const=finite-enumerate/fill=none/poly=monomorphize/allow=0,-,-,-,-,2,0,ProgramSize,runs/2026-07-27/20260727_011814_98d6c445dc2076cf,True,1,1,9,False,False,0.005,
c26aa10fb66e0731,2026-07-27,2026-07-27T01:18:14.137185+00:00,dc8ae13d,probe,al1-mirror,pruned,probe:al1-mirror:al1-L0:pruned:rot180-00,941ce875f0ada749,1,al1-L0:pruned,2,SEARCH,d2/pool300/arity2/clim50000:immediate/slimNone:generation-end,BottomUpSearchEngine/const=finite-enumerate/fill=none/poly=monomorphize/allow=0,-,-,-,-,2,0,ProgramSize,runs/2026-07-27/20260727_011814_c26aa10fb66e0731,True,1,1,7,False,False,0.003,
56b060294677604d,2026-07-27,2026-07-27T01:18:20.013179+00:00,dc8ae13d,probe,al10-skippable,pruned,probe:al10-skippable:al2-L0:pruned:rot90-00,46610bdc33178312,1,al2-L0:pruned,2,SEARCH,d4/pool4000/arity2/clim50000:immediate/slimNone:generation-end,BottomUpSearchEngine/const=none/fill=none/poly=monomorphize/allow=0,-,-,-,-,2,0,ProgramSize,runs/2026-07-27/20260727_011819_56b060294677604d,True,1,1,15,False,False,0.002,
421c600cb946bb17,2026-07-27,2026-07-27T01:18:20.296410+00:00,dc8ae13d,probe,al1-mirror,pruned,probe:al1-mirror:al1-L0+rot180:pruned:mirror-recolor-1-2,39c14489bbc45686,1,al1-L0+rot180:pruned,2,SEARCH,d2/pool300/arity2/clim50000:immediate/slimNone:generation-end,BottomUpSearchEngine/const=finite-enumerate/fill=none/poly=monomorphize/allow=2,-,-,-,-,2,0,ProgramSize,runs/2026-07-27/20260727_011820_421c600cb946bb17,True,1,1,23,False,False,0.002,
f18b9dc470e300d4,2026-07-27,2026-07-27T01:18:20.039627+00:00,dc8ae13d,probe,al14-cell-row-grid,pruned,probe:al14-cell-row-grid:al14-L0:pruned:move_cell_up-00,bb455a29a5792e69,1,al14-L0:pruned,3,SEARCH,d3/pool2000/arity4/clim400000:immediate/slimNone:generation-end,BottomUpSearchEngine/const=finite-enumerate/fill=none/poly=monomorphize/allow=3,-,-,-,-,2,0,ProgramSize,runs/2026-07-27/20260727_011820_f18b9dc470e300d4,True,1,1,8879,False,False,0.223,
e95c08ef0b902915,2026-07-27,2026-07-27T02:00:42.350739+00:00,272d13e5,probe,dae9d2b5-split-recolor,probe,probe:dae9d2b5-split-recolor:dae9d2b5-split-L0:west-00,abea613d48b40359,1,dae9d2b5-split-L0,4,SEARCH,d2/pool150/arity3/clim50000:immediate/slimNone:generation-end,BottomUpSearchEngine/const=finite-enumerate-scalars/fill=none/poly=monomorphize/allow=0,-,-,-,-,2,0,ProgramSize,runs/2026-07-27/20260727_020042_e95c08ef0b902915,True,1,1,50000,True,False,1.883,
4d120dab4e8354c4,2026-07-27,2026-07-27T02:00:44.250024+00:00,272d13e5,probe,dae9d2b5-split-recolor,pruned,probe:dae9d2b5-split-recolor:dae9d2b5-split-L0:pruned:west-00,abea613d48b40359,1,dae9d2b5-split-L0:pruned,2,SEARCH,d2/pool150/arity3/clim50000:immediate/slimNone:generation-end,BottomUpSearchEngine/const=finite-enumerate-scalars/fill=none/poly=monomorphize/allow=1,-,-,-,-,2,0,ProgramSize,runs/2026-07-27/20260727_020044_4d120dab4e8354c4,True,1,1,4,False,False,0.001,
aaaefc711ebade5c,2026-07-27,2026-07-27T02:00:44.266789+00:00,272d13e5,probe,dae9d2b5-split-recolor,probe,probe:dae9d2b5-split-recolor:dae9d2b5-split-L0:west-01,7a5f7f77b932be14,1,dae9d2b5-split-L0,4,SEARCH,d2/pool150/arity3/clim50000:immediate/slimNone:generation-end,BottomUpSearchEngine/const=finite-enumerate-scalars/fill=none/poly=monomorphize/allow=0,-,-,-,-,2,0,ProgramSize,runs/2026-07-27/20260727_020044_aaaefc711ebade5c,True,1,1,50000,True,False,1.9,
2032d11b7ceaa942,2026-07-27,2026-07-27T02:00:46.182693+00:00,272d13e5,probe,dae9d2b5-split-recolor,probe,probe:dae9d2b5-split-recolor:dae9d2b5-split-L0:recolored_west-00,28b0c869448e0786,1,dae9d2b5-split-L0,4,SEARCH,d2/pool150/arity3/clim50000:immediate/slimNone:generation-end,BottomUpSearchEngine/const=finite-enumerate-scalars/fill=none/poly=monomorphize/allow=0,-,-,-,-,2,0,ProgramSize,runs/2026-07-27/20260727_020046_2032d11b7ceaa942,True,0,1,50000,True,False,1.923,
7a0411cd5233f297,2026-07-27,2026-07-27T02:00:48.121147+00:00,272d13e5,probe,dae9d2b5-split-recolor,probe,probe:dae9d2b5-split-recolor:dae9d2b5-split-L0:recolored_west-01,b42f513729fe75fd,1,dae9d2b5-split-L0,4,SEARCH,d2/pool150/arity3/clim50000:immediate/slimNone:generation-end,BottomUpSearchEngine/const=finite-enumerate-scalars/fill=none/poly=monomorphize/allow=0,-,-,-,-,2,0,ProgramSize,runs/2026-07-27/20260727_020048_7a0411cd5233f297,True,0,1,50000,True,False,1.991,
a6e2ae148806ce1e,2026-07-27,2026-07-27T02:00:50.130476+00:00,272d13e5,probe,dae9d2b5-split-recolor,probe,probe:dae9d2b5-split-recolor:dae9d2b5-split-L0+west:east-00,cb252bbbd4f7a050,1,dae9d2b5-split-L0+west,5,SEARCH,d2/pool150/arity3/clim50000:immediate/slimNone:generation-end,BottomUpSearchEngine/const=finite-enumerate-scalars/fill=none/poly=monomorphize/allow=0,-,-,-,-,2,0,ProgramSize,runs/2026-07-27/20260727_020050_a6e2ae148806ce1e,True,1,1,50000,True,False,2.045,
a829f8aaebc9ca3f,2026-07-27,2026-07-27T02:00:52.212052+00:00,272d13e5,probe,dae9d2b5-split-recolor,probe,probe:dae9d2b5-split-recolor:dae9d2b5-split-L0+west:east-01,1529019d348655a3,1,dae9d2b5-split-L0+west,5,SEARCH,d2/pool150/arity3/clim50000:immediate/slimNone:generation-end,BottomUpSearchEngine/const=finite-enumerate-scalars/fill=none/poly=monomorphize/allow=0,-,-,-,-,2,0,ProgramSize,runs/2026-07-27/20260727_020052_a829f8aaebc9ca3f,True,1,1,50000,True,False,1.878,
e9038bab1fedd584,2026-07-27,2026-07-27T02:00:52.197806+00:00,272d13e5,probe,dae9d2b5-split-recolor,pruned,probe:dae9d2b5-split-recolor:dae9d2b5-split-L0+west:pruned:east-00,cb252bbbd4f7a050,1,dae9d2b5-split-L0+west:pruned,2,SEARCH,d2/pool150/arity3/clim50000:immediate/slimNone:generation-end,BottomUpSearchEngine/const=finite-enumerate-scalars/fill=none/poly=monomorphize/allow=1,-,-,-,-,2,0,ProgramSize,runs/2026-07-27/20260727_020052_e9038bab1fedd584,True,1,1,4,False,False,0.001,
27999d3d56274cbb,2026-07-27,2026-07-27T02:00:54.105660+00:00,272d13e5,probe,dae9d2b5-split-recolor,probe,probe:dae9d2b5-split-recolor:dae9d2b5-split-L0+west:recolored_east-00,9ce073cc505c94d0,1,dae9d2b5-split-L0+west,5,SEARCH,d2/pool150/arity3/clim50000:immediate/slimNone:generation-end,BottomUpSearchEngine/const=finite-enumerate-scalars/fill=none/poly=monomorphize/allow=0,-,-,-,-,2,0,ProgramSize,runs/2026-07-27/20260727_020054_27999d3d56274cbb,True,0,1,50000,True,False,1.856,
a64a0d43dbc56fe3,2026-07-27,2026-07-27T02:00:55.978208+00:00,272d13e5,probe,dae9d2b5-split-recolor,probe,probe:dae9d2b5-split-recolor:dae9d2b5-split-L0+west:recolored_east-01,3566c1bf36bc4f0d,1,dae9d2b5-split-L0+west,5,SEARCH,d2/pool150/arity3/clim50000:immediate/slimNone:generation-end,BottomUpSearchEngine/const=finite-enumerate-scalars/fill=none/poly=monomorphize/allow=0,-,-,-,-,2,0,ProgramSize,runs/2026-07-27/20260727_020055_a64a0d43dbc56fe3,True,0,1,50000,True,False,1.971,
0286e6c90c776d63,2026-07-27,2026-07-27T02:00:57.966070+00:00,272d13e5,probe,dae9d2b5-split-recolor,probe,probe:dae9d2b5-split-recolor:dae9d2b5-split-L0+west+east:recolored_west-00,28b0c869448e0786,1,dae9d2b5-split-L0+west+east,6,SEARCH,d2/pool150/arity3/clim50000:immediate/slimNone:generation-end,BottomUpSearchEngine/const=finite-enumerate-scalars/fill=none/poly=monomorphize/allow=0,-,-,-,-,2,0,ProgramSize,runs/2026-07-27/20260727_020057_0286e6c90c776d63,True,0,1,50000,True,False,1.865,
4a584072488a4fca,2026-07-27,2026-07-27T02:00:59.858563+00:00,272d13e5,probe,dae9d2b5-split-recolor,probe,probe:dae9d2b5-split-recolor:dae9d2b5-split-L0+west+east:recolored_west-01,b42f513729fe75fd,1,dae9d2b5-split-L0+west+east,6,SEARCH,d2/pool150/arity3/clim50000:immediate/slimNone:generation-end,BottomUpSearchEngine/const=finite-enumerate-scalars/fill=none/poly=monomorphize/allow=0,-,-,-,-,2,0,ProgramSize,runs/2026-07-27/20260727_020059_4a584072488a4fca,True,0,1,50000,True,False,1.873,
8ee399548086850c,2026-07-27,2026-07-27T02:00:59.845904+00:00,272d13e5,probe,dae9d2b5-split-recolor,pruned,probe:dae9d2b5-split-recolor:dae9d2b5-split-L0+west+east:pruned:recolored_west-00,28b0c869448e0786,1,dae9d2b5-split-L0+west+east:pruned,2,SEARCH,d2/pool150/arity3/clim50000:immediate/slimNone:generation-end,BottomUpSearchEngine/const=finite-enumerate-scalars/fill=none/poly=monomorphize/allow=2,-,-,-,-,2,0,ProgramSize,runs/2026-07-27/20260727_020059_8ee399548086850c,True,0,1,11,False,False,0.001,
27ed36d887bae38d,2026-07-27,2026-07-27T02:01:01.746334+00:00,272d13e5,probe,dae9d2b5-split-recolor,probe,probe:dae9d2b5-split-recolor:dae9d2b5-split-L0+west+east:dae9d2b5,0cf87ea841a219d0,1,dae9d2b5-split-L0+west+east,6,SEARCH,d2/pool150/arity3/clim50000:immediate/slimNone:generation-end,BottomUpSearchEngine/const=finite-enumerate-scalars/fill=none/poly=monomorphize/allow=0,-,-,-,-,2,0,ProgramSize,runs/2026-07-27/20260727_020101_27ed36d887bae38d,True,0,1,50000,True,False,3.516,
59f88588bdb7d110,2026-07-27,2026-07-27T02:01:05.280534+00:00,272d13e5,probe,dae9d2b5-split-recolor,probe,probe:dae9d2b5-split-recolor:dae9d2b5-split-L0+west+east+recolored_west:recolored_east-00,9ce073cc505c94d0,1,dae9d2b5-split-L0+west+east+recolored_west,7,SEARCH,d2/pool150/arity3/clim50000:immediate/slimNone:generation-end,BottomUpSearchEngine/const=finite-enumerate-scalars/fill=none/poly=monomorphize/allow=0,-,-,-,-,2,0,ProgramSize,runs/2026-07-27/20260727_020105_59f88588bdb7d110,True,0,1,50000,True,False,1.823,
366ec7d0b98c069a,2026-07-27,2026-07-27T02:01:07.134072+00:00,272d13e5,probe,dae9d2b5-split-recolor,probe,probe:dae9d2b5-split-recolor:dae9d2b5-split-L0+west+east+recolored_west:recolored_east-01,3566c1bf36bc4f0d,1,dae9d2b5-split-L0+west+east+recolored_west,7,SEARCH,d2/pool150/arity3/clim50000:immediate/slimNone:generation-end,BottomUpSearchEngine/const=finite-enumerate-scalars/fill=none/poly=monomorphize/allow=0,-,-,-,-,2,0,ProgramSize,runs/2026-07-27/20260727_020107_366ec7d0b98c069a,True,0,1,50000,True,False,1.758,
88216ccfc269245c,2026-07-27,2026-07-27T02:01:07.119430+00:00,272d13e5,probe,dae9d2b5-split-recolor,pruned,probe:dae9d2b5-split-recolor:dae9d2b5-split-L0+west+east+recolored_west:pruned:recolored_east-00,9ce073cc505c94d0,1,dae9d2b5-split-L0+west+east+recolored_west:pruned,2,SEARCH,d2/pool150/arity3/clim50000:immediate/slimNone:generation-end,BottomUpSearchEngine/const=finite-enumerate-scalars/fill=none/poly=monomorphize/allow=2,-,-,-,-,2,0,ProgramSize,runs/2026-07-27/20260727_020107_88216ccfc269245c,True,0,1,11,False,False,0.001,
f2470ca96b265db6,2026-07-27,2026-07-27T02:01:08.907696+00:00,272d13e5,probe,dae9d2b5-split-recolor,probe,probe:dae9d2b5-split-recolor:dae9d2b5-split-L0+west+east+recolored_west:dae9d2b5,0cf87ea841a219d0,1,dae9d2b5-split-L0+west+east+recolored_west,7,SEARCH,d2/pool150/arity3/clim50000:immediate/slimNone:generation-end,BottomUpSearchEngine/const=finite-enumerate-scalars/fill=none/poly=monomorphize/allow=0,-,-,-,-,2,0,ProgramSize,runs/2026-07-27/20260727_020108_f2470ca96b265db6,True,0,1,50000,True,False,3.308,
102f7402c1e91922,2026-07-27,2026-07-27T02:06:35.150827+00:00,272d13e5,probe,dae9d2b5-split-recolor,probe,probe:dae9d2b5-split-recolor:dae9d2b5-split-L0+west+east:recolored_west-00,28b0c869448e0786,1,dae9d2b5-split-L0+west+east,6,SEARCH,d2/pool150/arity3/clim3000000:immediate/slimNone:generation-end,BottomUpSearchEngine/const=finite-enumerate-scalars/fill=none/poly=monomorphize/allow=0,-,-,-,-,2,0,ProgramSize,runs/2026-07-27/20260727_020635_102f7402c1e91922,True,0,1,230497,False,False,9.038,
798dd77043b5d592,2026-07-27,2026-07-27T02:06:44.225886+00:00,272d13e5,probe,dae9d2b5-split-recolor,probe,probe:dae9d2b5-split-recolor:dae9d2b5-split-L0+west+east:recolored_west-01,b42f513729fe75fd,1,dae9d2b5-split-L0+west+east,6,SEARCH,d2/pool150/arity3/clim3000000:immediate/slimNone:generation-end,BottomUpSearchEngine/const=finite-enumerate-scalars/fill=none/poly=monomorphize/allow=0,-,-,-,-,2,0,ProgramSize,runs/2026-07-27/20260727_020644_798dd77043b5d592,True,0,1,230501,False,False,9.325,
8537cfa981b433b3,2026-07-27,2026-07-27T02:06:44.209606+00:00,272d13e5,probe,dae9d2b5-split-recolor,pruned,probe:dae9d2b5-split-recolor:dae9d2b5-split-L0+west+east:pruned:recolored_west-00,28b0c869448e0786,1,dae9d2b5-split-L0+west+east:pruned,2,SEARCH,d2/pool150/arity3/clim3000000:immediate/slimNone:generation-end,BottomUpSearchEngine/const=finite-enumerate-scalars/fill=none/poly=monomorphize/allow=2,-,-,-,-,2,0,ProgramSize,runs/2026-07-27/20260727_020644_8537cfa981b433b3,True,0,1,11,False,False,0.001,
93c34754738c78bb,2026-07-27,2026-07-27T02:06:53.575989+00:00,272d13e5,probe,dae9d2b5-split-recolor,probe,probe:dae9d2b5-split-recolor:dae9d2b5-split-L0+west+east:dae9d2b5,0cf87ea841a219d0,1,dae9d2b5-split-L0+west+east,6,SEARCH,d2/pool150/arity3/clim3000000:immediate/slimNone:generation-end,BottomUpSearchEngine/const=finite-enumerate-scalars/fill=none/poly=monomorphize/allow=0,-,-,-,-,2,0,ProgramSize,runs/2026-07-27/20260727_020653_93c34754738c78bb,True,0,1,230493,False,False,17.384,
8af2058a6ce1ab13,2026-07-27,2026-07-27T02:28:26.888361+00:00,272d13e5,probe,dae9d2b5-split-recolor,probe,probe:dae9d2b5-split-recolor:dae9d2b5-split-L0:west-00,abea613d48b40359,1,dae9d2b5-split-L0,4,SEARCH,d2/pool150/arity3/clim2000000:immediate/slimNone:generation-end,BottomUpSearchEngine/const=finite-enumerate-scalars/fill=none/poly=monomorphize/allow=0,-,-,-,-,2,0,ProgramSize,runs/2026-07-27/20260727_022826_8af2058a6ce1ab13,True,1,1,230497,False,False,8.688,
4b2549749978e5f7,2026-07-27,2026-07-27T02:28:35.605809+00:00,272d13e5,probe,dae9d2b5-split-recolor,probe,probe:dae9d2b5-split-recolor:dae9d2b5-split-L0:west-01,7a5f7f77b932be14,1,dae9d2b5-split-L0,4,SEARCH,d2/pool150/arity3/clim2000000:immediate/slimNone:generation-end,BottomUpSearchEngine/const=finite-enumerate-scalars/fill=none/poly=monomorphize/allow=0,-,-,-,-,2,0,ProgramSize,runs/2026-07-27/20260727_022835_4b2549749978e5f7,True,1,1,230501,False,False,8.757,
5716015daa121a69,2026-07-27,2026-07-27T02:28:35.592110+00:00,272d13e5,probe,dae9d2b5-split-recolor,pruned,probe:dae9d2b5-split-recolor:dae9d2b5-split-L0:pruned:west-00,abea613d48b40359,1,dae9d2b5-split-L0:pruned,2,SEARCH,d2/pool150/arity3/clim2000000:immediate/slimNone:generation-end,BottomUpSearchEngine/const=finite-enumerate-scalars/fill=none/poly=monomorphize/allow=1,-,-,-,-,2,0,ProgramSize,runs/2026-07-27/20260727_022835_5716015daa121a69,True,1,1,4,False,False,0.001,
9ebab3367d4d65fe,2026-07-27,2026-07-27T02:28:44.377720+00:00,272d13e5,probe,dae9d2b5-split-recolor,probe,probe:dae9d2b5-split-recolor:dae9d2b5-split-L0:recolored_west-00,28b0c869448e0786,1,dae9d2b5-split-L0,4,SEARCH,d2/pool150/arity3/clim2000000:immediate/slimNone:generation-end,BottomUpSearchEngine/const=finite-enumerate-scalars/fill=none/poly=monomorphize/allow=0,-,-,-,-,2,0,ProgramSize,runs/2026-07-27/20260727_022844_9ebab3367d4d65fe,True,0,1,230497,False,False,8.841,
a2e276857b951875,2026-07-27,2026-07-27T02:28:53.235822+00:00,272d13e5,probe,dae9d2b5-split-recolor,probe,probe:dae9d2b5-split-recolor:dae9d2b5-split-L0:recolored_west-01,b42f513729fe75fd,1,dae9d2b5-split-L0,4,SEARCH,d2/pool150/arity3/clim2000000:immediate/slimNone:generation-end,BottomUpSearchEngine/const=finite-enumerate-scalars/fill=none/poly=monomorphize/allow=0,-,-,-,-,2,0,ProgramSize,runs/2026-07-27/20260727_022853_a2e276857b951875,True,0,1,230501,False,False,8.732,
b959c2b1185161ec,2026-07-27,2026-07-27T02:29:01.986043+00:00,272d13e5,probe,dae9d2b5-split-recolor,probe,probe:dae9d2b5-split-recolor:dae9d2b5-split-L0+west:east-00,cb252bbbd4f7a050,1,dae9d2b5-split-L0+west,5,SEARCH,d2/pool150/arity3/clim2000000:immediate/slimNone:generation-end,BottomUpSearchEngine/const=finite-enumerate-scalars/fill=none/poly=monomorphize/allow=0,-,-,-,-,2,0,ProgramSize,runs/2026-07-27/20260727_022901_b959c2b1185161ec,True,1,1,255577,False,False,9.138,
05fef08241b50658,2026-07-27,2026-07-27T02:29:11.139133+00:00,272d13e5,probe,dae9d2b5-split-recolor,pruned,probe:dae9d2b5-split-recolor:dae9d2b5-split-L0+west:pruned:east-00,cb252bbbd4f7a050,1,dae9d2b5-split-L0+west:pruned,2,SEARCH,d2/pool150/arity3/clim2000000:immediate/slimNone:generation-end,BottomUpSearchEngine/const=finite-enumerate-scalars/fill=none/poly=monomorphize/allow=1,-,-,-,-,2,0,ProgramSize,runs/2026-07-27/20260727_022911_05fef08241b50658,True,1,1,4,False,False,0.001,
60093cbaaeb2de02,2026-07-27,2026-07-27T02:29:11.153264+00:00,272d13e5,probe,dae9d2b5-split-recolor,probe,probe:dae9d2b5-split-recolor:dae9d2b5-split-L0+west:east-01,1529019d348655a3,1,dae9d2b5-split-L0+west,5,SEARCH,d2/pool150/arity3/clim2000000:immediate/slimNone:generation-end,BottomUpSearchEngine/const=finite-enumerate-scalars/fill=none/poly=monomorphize/allow=0,-,-,-,-,2,0,ProgramSize,runs/2026-07-27/20260727_022911_60093cbaaeb2de02,True,1,1,255577,False,False,9.113,
5dc0e1ffe52eea24,2026-07-27,2026-07-27T02:29:20.283315+00:00,272d13e5,probe,dae9d2b5-split-recolor,probe,probe:dae9d2b5-split-recolor:dae9d2b5-split-L0+west:recolored_east-00,9ce073cc505c94d0,1,dae9d2b5-split-L0+west,5,SEARCH,d2/pool150/arity3/clim2000000:immediate/slimNone:generation-end,BottomUpSearchEngine/const=finite-enumerate-scalars/fill=none/poly=monomorphize/allow=0,-,-,-,-,2,0,ProgramSize,runs/2026-07-27/20260727_022920_5dc0e1ffe52eea24,True,0,1,255577,False,False,9.125,
56f527018b05681e,2026-07-27,2026-07-27T02:29:29.424448+00:00,272d13e5,probe,dae9d2b5-split-recolor,probe,probe:dae9d2b5-split-recolor:dae9d2b5-split-L0+west:recolored_east-01,3566c1bf36bc4f0d,1,dae9d2b5-split-L0+west,5,SEARCH,d2/pool150/arity3/clim2000000:immediate/slimNone:generation-end,BottomUpSearchEngine/const=finite-enumerate-scalars/fill=none/poly=monomorphize/allow=0,-,-,-,-,2,0,ProgramSize,runs/2026-07-27/20260727_022929_56f527018b05681e,True,0,1,255581,False,False,9.08,
d89f648a035105b6,2026-07-27,2026-07-27T02:29:38.521327+00:00,272d13e5,probe,dae9d2b5-split-recolor,probe,probe:dae9d2b5-split-recolor:dae9d2b5-split-L0+west+east:recolored_west-00,28b0c869448e0786,1,dae9d2b5-split-L0+west+east,6,SEARCH,d2/pool150/arity3/clim2000000:immediate/slimNone:generation-end,BottomUpSearchEngine/const=finite-enumerate-scalars/fill=none/poly=monomorphize/allow=0,-,-,-,-,2,0,ProgramSize,runs/2026-07-27/20260727_022938_d89f648a035105b6,True,1,1,282419,False,False,9.5,
207185d7828a626d,2026-07-27,2026-07-27T02:29:48.038775+00:00,272d13e5,probe,dae9d2b5-split-recolor,pruned,probe:dae9d2b5-split-recolor:dae9d2b5-split-L0+west+east:pruned:recolored_west-00,28b0c869448e0786,1,dae9d2b5-split-L0+west+east:pruned,2,SEARCH,d2/pool150/arity3/clim2000000:immediate/slimNone:generation-end,BottomUpSearchEngine/const=finite-enumerate-scalars/fill=none/poly=monomorphize/allow=2,-,-,-,-,2,0,ProgramSize,runs/2026-07-27/20260727_022948_207185d7828a626d,True,1,1,18,False,False,0.001,
333c4fd705347644,2026-07-27,2026-07-27T02:29:48.052634+00:00,272d13e5,probe,dae9d2b5-split-recolor,probe,probe:dae9d2b5-split-recolor:dae9d2b5-split-L0+west+east:recolored_west-01,b42f513729fe75fd,1,dae9d2b5-split-L0+west+east,6,SEARCH,d2/pool150/arity3/clim2000000:immediate/slimNone:generation-end,BottomUpSearchEngine/const=finite-enumerate-scalars/fill=none/poly=monomorphize/allow=0,-,-,-,-,2,0,ProgramSize,runs/2026-07-27/20260727_022948_333c4fd705347644,True,1,1,282423,False,False,9.664,
ca06dec57a4a031f,2026-07-27,2026-07-27T02:29:57.743211+00:00,272d13e5,probe,dae9d2b5-split-recolor,probe,probe:dae9d2b5-split-recolor:dae9d2b5-split-L0+west+east:dae9d2b5,0cf87ea841a219d0,1,dae9d2b5-split-L0+west+east,6,SEARCH,d2/pool150/arity3/clim2000000:immediate/slimNone:generation-end,BottomUpSearchEngine/const=finite-enumerate-scalars/fill=none/poly=monomorphize/allow=0,-,-,-,-,2,0,ProgramSize,runs/2026-07-27/20260727_022957_ca06dec57a4a031f,True,0,1,282415,False,False,17.393,
b7b42e815d916ca7,2026-07-27,2026-07-27T02:30:15.155745+00:00,272d13e5,probe,dae9d2b5-split-recolor,probe,probe:dae9d2b5-split-recolor:dae9d2b5-split-L0+west+east+recolored_west:recolored_east-00,9ce073cc505c94d0,1,dae9d2b5-split-L0+west+east+recolored_west,7,SEARCH,d2/pool150/arity3/clim2000000:immediate/slimNone:generation-end,BottomUpSearchEngine/const=finite-enumerate-scalars/fill=none/poly=monomorphize/allow=0,-,-,-,-,2,0,ProgramSize,runs/2026-07-27/20260727_023015_b7b42e815d916ca7,True,1,1,311083,False,False,10.053,
051bc257c61551ff,2026-07-27,2026-07-27T02:35:01.157715+00:00,272d13e5,probe,dae9d2b5-split-recolor,probe,probe:dae9d2b5-split-recolor:dae9d2b5-split-L0+west+east+recolored_west:recolored_east-01,3566c1bf36bc4f0d,1,dae9d2b5-split-L0+west+east+recolored_west,7,SEARCH,d2/pool150/arity3/clim2000000:immediate/slimNone:generation-end,BottomUpSearchEngine/const=finite-enumerate-scalars/fill=none/poly=monomorphize/allow=0,-,-,-,-,2,0,ProgramSize,runs/2026-07-27/20260727_023025_051bc257c61551ff,True,1,1,311087,False,False,10.23,
11bc545bf9a6f4e8,2026-07-27,2026-07-27T02:30:25.226741+00:00,272d13e5,probe,dae9d2b5-split-recolor,pruned,probe:dae9d2b5-split-recolor:dae9d2b5-split-L0+west+east+recolored_west:pruned:recolored_east-00,9ce073cc505c94d0,1,dae9d2b5-split-L0+west+east+recolored_west:pruned,2,SEARCH,d2/pool150/arity3/clim2000000:immediate/slimNone:generation-end,BottomUpSearchEngine/const=finite-enumerate-scalars/fill=none/poly=monomorphize/allow=2,-,-,-,-,2,0,ProgramSize,runs/2026-07-27/20260727_023025_11bc545bf9a6f4e8,True,1,1,18,False,False,0.001,
85b33fec341f1490,2026-07-27,2026-07-27T02:35:11.410878+00:00,272d13e5,probe,dae9d2b5-split-recolor,probe,probe:dae9d2b5-split-recolor:dae9d2b5-split-L0+west+east+recolored_west:dae9d2b5,0cf87ea841a219d0,1,dae9d2b5-split-L0+west+east+recolored_west,7,SEARCH,d2/pool150/arity3/clim2000000:immediate/slimNone:generation-end,BottomUpSearchEngine/const=finite-enumerate-scalars/fill=none/poly=monomorphize/allow=0,-,-,-,-,2,0,ProgramSize,runs/2026-07-27/20260727_023511_85b33fec341f1490,True,0,1,311079,False,False,18.286,
24a79aaeb61d509e,2026-07-27,2026-07-27T02:36:13.457868+00:00,272d13e5,probe,dae9d2b5-split-halves,probe,probe:dae9d2b5-split-halves:dae9d2b5-split-L0:west-00,abea613d48b40359,1,dae9d2b5-split-L0,4,SEARCH,d3/pool150/arity3/clim2000000:immediate/slimNone:generation-end,BottomUpSearchEngine/const=finite-enumerate-scalars/fill=none/poly=monomorphize/allow=0,-,-,-,-,2,0,ProgramSize,runs/2026-07-27/20260727_023613_24a79aaeb61d509e,True,1,1,2000000,True,False,82.43,
0103209e48742858,2026-07-27,2026-07-27T02:36:52.475971+00:00,272d13e5,ladder,dae9d2b5-split-recolor,train,dae9d2b5-split-recolor:train,7ca1848619f2df59,9,dae9d2b5-split-L0,4,SEARCH,d2/pool150/arity3/clim2000000:immediate/slimNone:generation-end,BottomUpSearchEngine/const=finite-enumerate-scalars/fill=none/poly=monomorphize/allow=0,-,-,-,-,2,0,ProgramSize,runs/2026-07-27/20260727_023652_0103209e48742858,True,4,9,2074481,False,False,88.087,
8851998f4308a874,2026-07-27,2026-07-27T02:37:35.908578+00:00,272d13e5,probe,dae9d2b5-split-halves,pruned,probe:dae9d2b5-split-halves:dae9d2b5-split-L0:pruned:west-00,abea613d48b40359,1,dae9d2b5-split-L0:pruned,2,SEARCH,d3/pool150/arity3/clim2000000:immediate/slimNone:generation-end,BottomUpSearchEngine/const=finite-enumerate-scalars/fill=none/poly=monomorphize/allow=1,-,-,-,-,2,0,ProgramSize,runs/2026-07-27/20260727_023735_8851998f4308a874,True,1,1,5,False,False,0.001,
cd6eb53fda711355,2026-07-27,2026-07-27T02:37:35.922381+00:00,272d13e5,probe,dae9d2b5-split-halves,probe,probe:dae9d2b5-split-halves:dae9d2b5-split-L0:west-01,7a5f7f77b932be14,1,dae9d2b5-split-L0,4,SEARCH,d3/pool150/arity3/clim2000000:immediate/slimNone:generation-end,BottomUpSearchEngine/const=finite-enumerate-scalars/fill=none/poly=monomorphize/allow=0,-,-,-,-,2,0,ProgramSize,runs/2026-07-27/20260727_023735_cd6eb53fda711355,True,1,1,2000000,True,False,84.948,
644c2597d91619ff,2026-07-27,2026-07-27T02:38:20.585496+00:00,272d13e5,ladder,dae9d2b5-split-recolor,train,dae9d2b5-split-recolor:train,7ca1848619f2df59,9,dae9d2b5-split-L0+west,5,SEARCH,d2/pool150/arity3/clim2000000:immediate/slimNone:generation-end,BottomUpSearchEngine/const=finite-enumerate-scalars/fill=none/poly=monomorphize/allow=0,-,-,-,-,2,0,ProgramSize,runs/2026-07-27/20260727_023820_644c2597d91619ff,True,6,9,2300201,False,False,94.929,
4c75c7213f80f92a,2026-07-27,2026-07-27T02:39:00.905755+00:00,272d13e5,probe,dae9d2b5-split-halves,probe,probe:dae9d2b5-split-halves:dae9d2b5-split-L0:dae9d2b5,0cf87ea841a219d0,1,dae9d2b5-split-L0,4,SEARCH,d3/pool150/arity3/clim2000000:immediate/slimNone:generation-end,BottomUpSearchEngine/const=finite-enumerate-scalars/fill=none/poly=monomorphize/allow=0,-,-,-,-,2,0,ProgramSize,runs/2026-07-27/20260727_023900_4c75c7213f80f92a,True,0,1,2000000,True,False,153.545,
e918fca4294f81df,2026-07-27,2026-07-27T02:39:55.539872+00:00,272d13e5,ladder,dae9d2b5-split-recolor,train,dae9d2b5-split-recolor:train,7ca1848619f2df59,9,dae9d2b5-split-L0+west+east,6,SEARCH,d2/pool150/arity3/clim2000000:immediate/slimNone:generation-end,BottomUpSearchEngine/const=finite-enumerate-scalars/fill=none/poly=monomorphize/allow=0,-,-,-,-,2,0,ProgramSize,runs/2026-07-27/20260727_023955_e918fca4294f81df,True,8,9,2541779,False,False,99.008,
21ffb683cc733b03,2026-07-27,2026-07-27T02:41:34.486582+00:00,272d13e5,probe,dae9d2b5-split-halves,probe,probe:dae9d2b5-split-halves:dae9d2b5-split-L0+west:east-00,cb252bbbd4f7a050,1,dae9d2b5-split-L0+west,5,SEARCH,d3/pool150/arity3/clim2000000:immediate/slimNone:generation-end,BottomUpSearchEngine/const=finite-enumerate-scalars/fill=none/poly=monomorphize/allow=0,-,-,-,-,2,0,ProgramSize,runs/2026-07-27/20260727_024134_21ffb683cc733b03,True,1,1,2000000,True,False,66.48,
4ff16306983f8c96,2026-07-27,2026-07-27T02:41:34.573867+00:00,272d13e5,ladder,dae9d2b5-split-recolor,train,dae9d2b5-split-recolor:train,7ca1848619f2df59,9,dae9d2b5-split-L0+west+east+recolored_west,7,SEARCH,d2/pool150/arity3/clim2000000:immediate/slimNone:generation-end,BottomUpSearchEngine/const=finite-enumerate-scalars/fill=none/poly=monomorphize/allow=0,-,-,-,-,2,0,ProgramSize,runs/2026-07-27/20260727_024134_4ff16306983f8c96,True,8,9,2799755,False,False,104.483,
4cacbd9624e11700,2026-07-27,2026-07-27T02:42:41.001648+00:00,272d13e5,probe,dae9d2b5-split-halves,pruned,probe:dae9d2b5-split-halves:dae9d2b5-split-L0+west:pruned:east-00,cb252bbbd4f7a050,1,dae9d2b5-split-L0+west:pruned,2,SEARCH,d3/pool150/arity3/clim2000000:immediate/slimNone:generation-end,BottomUpSearchEngine/const=finite-enumerate-scalars/fill=none/poly=monomorphize/allow=1,-,-,-,-,2,0,ProgramSize,runs/2026-07-27/20260727_024240_4cacbd9624e11700,True,1,1,5,False,False,0.001,
85ee09c295bc0e79,2026-07-27,2026-07-27T02:42:41.017609+00:00,272d13e5,probe,dae9d2b5-split-halves,probe,probe:dae9d2b5-split-halves:dae9d2b5-split-L0+west:east-01,1529019d348655a3,1,dae9d2b5-split-L0+west,5,SEARCH,d3/pool150/arity3/clim2000000:immediate/slimNone:generation-end,BottomUpSearchEngine/const=finite-enumerate-scalars/fill=none/poly=monomorphize/allow=0,-,-,-,-,2,0,ProgramSize,runs/2026-07-27/20260727_024241_85ee09c295bc0e79,True,1,1,2000000,True,False,66.435,
144a971546ae7d9a,2026-07-27,2026-07-27T02:43:19.096142+00:00,272d13e5,ladder,dae9d2b5-split-recolor,train,dae9d2b5-split-recolor:train,7ca1848619f2df59,9,dae9d2b5-split-L0+west+east+recolored_west+recolored_east,8,SEARCH,d2/pool150/arity3/clim2000000:immediate/slimNone:generation-end,BottomUpSearchEngine/const=finite-enumerate-scalars/fill=none/poly=monomorphize/allow=0,-,-,-,-,2,0,ProgramSize,runs/2026-07-27/20260727_024319_144a971546ae7d9a,True,9,9,3074669,False,False,109.774,
f4c1762355e607fa,2026-07-27,2026-07-27T02:43:47.472569+00:00,272d13e5,probe,dae9d2b5-split-halves,probe,probe:dae9d2b5-split-halves:dae9d2b5-split-L0+west:dae9d2b5,0cf87ea841a219d0,1,dae9d2b5-split-L0+west,5,SEARCH,d3/pool150/arity3/clim2000000:immediate/slimNone:generation-end,BottomUpSearchEngine/const=finite-enumerate-scalars/fill=none/poly=monomorphize/allow=0,-,-,-,-,2,0,ProgramSize,runs/2026-07-27/20260727_024347_f4c1762355e607fa,True,0,1,2000000,True,False,109.394,
b7a2b5699ddba30c,2026-07-27,2026-07-27T02:45:08.918762+00:00,272d13e5,ladder,dae9d2b5-split-recolor,train,dae9d2b5-split-recolor:train,7ca1848619f2df59,9,dae9d2b5-split-L0,4,LEARN,d2/pool150/arity3/clim2000000:immediate/slimNone:generation-end,BottomUpSearchEngine/const=finite-enumerate-scalars/fill=none/poly=monomorphize/allow=0,GreedyMDLLearnEngine,AntiunifyPairs,CompressionMetric,5,2,0,ProgramSize,runs/2026-07-27/20260727_024508_b7a2b5699ddba30c,True,,,,,,0,
c2f0029234a69f82,2026-07-27,2026-07-27T02:50:01.598022+00:00,272d13e5,ladder,dae9d2b5-split-recolor,train,dae9d2b5-split-recolor:train,7ca1848619f2df59,9,dae9d2b5-split-L0+abs0+abs1+abs2+abs3,8,SEARCH,d2/pool150/arity3/clim2000000:immediate/slimNone:generation-end,BottomUpSearchEngine/const=finite-enumerate-scalars/fill=none/poly=monomorphize/allow=0,-,-,-,-,2,0,ProgramSize,runs/2026-07-27/20260727_025001_c2f0029234a69f82,True,9,9,3074669,False,False,103.398,
426b3895679e02d7,2026-07-27,2026-07-27T02:51:45.032568+00:00,272d13e5,ladder,dae9d2b5-split-recolor,heldout,dae9d2b5-split-recolor:heldout,1220117c79a3b401,5,dae9d2b5-split-L0+abs0+abs1+abs2+abs3,8,SEARCH,d2/pool150/arity3/clim2000000:immediate/slimNone:generation-end,BottomUpSearchEngine/const=finite-enumerate-scalars/fill=none/poly=monomorphize/allow=0,-,-,-,-,2,0,ProgramSize,runs/2026-07-27/20260727_025145_426b3895679e02d7,True,5,5,1708149,False,False,52.616,
b0c2f9dfc0f21341,2026-07-27,2026-07-27T02:52:37.676599+00:00,272d13e5,ladder,dae9d2b5-split-recolor,train,dae9d2b5-split-recolor:train,7ca1848619f2df59,9,dae9d2b5-split-L0+recolored_east,5,SEARCH,d2/pool150/arity3/clim2000000:immediate/slimNone:generation-end,BottomUpSearchEngine/const=finite-enumerate-scalars/fill=none/poly=monomorphize/allow=0,-,-,-,-,2,0,ProgramSize,runs/2026-07-27/20260727_025237_b0c2f9dfc0f21341,True,6,9,2300201,False,False,90.839,
0b4d33c33c377526,2026-07-27,2026-07-27T02:54:08.557770+00:00,272d13e5,ladder,dae9d2b5-split-recolor,raw-arm,dae9d2b5-split-recolor:train:raw-arm,0cf87ea841a219d0,1,dae9d2b5-split-L0,4,SEARCH,d4/pool200000/arity3/clim25007890:immediate/slim1:immediate,BottomUpSearchEngine/const=finite-enumerate-scalars/fill=none/poly=monomorphize/allow=0,-,-,-,-,2,0,ProgramSize,runs/2026-07-27/20260727_025408_0b4d33c33c377526,True,0,1,25007890,True,False,1931.842,
01a9f9d2213630d1,2026-07-27,2026-07-27T13:51:23.732732+00:00,6012073d,probe,dae9d2b5-split-halves,probe,probe:dae9d2b5-split-halves:dae9d2b5-split-L0:west-00,abea613d48b40359,1,dae9d2b5-split-L0,4,SEARCH,d3/pool150/arity3/clim10000000:immediate/slimNone:generation-end,BottomUpSearchEngine/const=finite-enumerate-scalars/fill=none/poly=monomorphize/allow=0,-,-,-,-,2,0,ProgramSize,runs/2026-07-27/20260727_135123_01a9f9d2213630d1,False,,,,,,,
b8821b64356b1555,2026-07-27,2026-07-27T13:59:41.208497+00:00,6012073d,ladder,dae9d2b5-split-recolor-lean,train,dae9d2b5-split-recolor-lean:train,63d1ff6e4f772d35,9,dae9d2b5-split-L0,4,SEARCH,d2/pool30/arity3/clim2000000:immediate/slimNone:generation-end,BottomUpSearchEngine/const=finite-enumerate-scalars/fill=none/poly=monomorphize/allow=0,-,-,-,-,2,0,ProgramSize,runs/2026-07-27/20260727_135941_b8821b64356b1555,True,4,9,100815,False,False,4.446,
a8b017c16da5b386,2026-07-27,2026-07-27T13:59:45.672908+00:00,6012073d,ladder,dae9d2b5-split-recolor-lean,train,dae9d2b5-split-recolor-lean:train,63d1ff6e4f772d35,9,dae9d2b5-split-L0+west,5,SEARCH,d2/pool30/arity3/clim2000000:immediate/slimNone:generation-end,BottomUpSearchEngine/const=finite-enumerate-scalars/fill=none/poly=monomorphize/allow=0,-,-,-,-,2,0,ProgramSize,runs/2026-07-27/20260727_135945_a8b017c16da5b386,True,6,9,100901,False,False,3.893,
768c50ea212addb7,2026-07-27,2026-07-27T13:59:49.587715+00:00,6012073d,ladder,dae9d2b5-split-recolor-lean,train,dae9d2b5-split-recolor-lean:train,63d1ff6e4f772d35,9,dae9d2b5-split-L0+west+east,6,SEARCH,d2/pool30/arity3/clim2000000:immediate/slimNone:generation-end,BottomUpSearchEngine/const=finite-enumerate-scalars/fill=none/poly=monomorphize/allow=0,-,-,-,-,2,0,ProgramSize,runs/2026-07-27/20260727_135949_768c50ea212addb7,True,8,9,100987,False,False,3.245,
b0657247279af43a,2026-07-27,2026-07-27T13:59:52.856220+00:00,6012073d,ladder,dae9d2b5-split-recolor-lean,train,dae9d2b5-split-recolor-lean:train,63d1ff6e4f772d35,9,dae9d2b5-split-L0+west+east+recolored_west,7,SEARCH,d2/pool30/arity3/clim2000000:immediate/slimNone:generation-end,BottomUpSearchEngine/const=finite-enumerate-scalars/fill=none/poly=monomorphize/allow=0,-,-,-,-,2,0,ProgramSize,runs/2026-07-27/20260727_135952_b0657247279af43a,True,8,9,101073,False,False,2.882,
a37f68031985556c,2026-07-27,2026-07-27T13:59:55.758894+00:00,6012073d,ladder,dae9d2b5-split-recolor-lean,train,dae9d2b5-split-recolor-lean:train,63d1ff6e4f772d35,9,dae9d2b5-split-L0+west+east+recolored_west+recolored_east,8,SEARCH,d2/pool30/arity3/clim2000000:immediate/slimNone:generation-end,BottomUpSearchEngine/const=finite-enumerate-scalars/fill=none/poly=monomorphize/allow=0,-,-,-,-,2,0,ProgramSize,runs/2026-07-27/20260727_135955_a37f68031985556c,True,9,9,101159,False,False,2.708,
957cd8e7377170c0,2026-07-27,2026-07-27T13:59:58.499991+00:00,6012073d,ladder,dae9d2b5-split-recolor-lean,train,dae9d2b5-split-recolor-lean:train,63d1ff6e4f772d35,9,dae9d2b5-split-L0,4,LEARN,d2/pool30/arity3/clim2000000:immediate/slimNone:generation-end,BottomUpSearchEngine/const=finite-enumerate-scalars/fill=none/poly=monomorphize/allow=0,GreedyMDLLearnEngine,AntiunifyPairs,CompressionMetric,5,2,0,ProgramSize,runs/2026-07-27/20260727_135958_957cd8e7377170c0,True,,,,,,0,
0ced1b8593fc463b,2026-07-27,2026-07-27T14:00:08.852593+00:00,6012073d,ladder,dae9d2b5-split-recolor-lean,train,dae9d2b5-split-recolor-lean:train,63d1ff6e4f772d35,9,dae9d2b5-split-L0+abs0+abs1+abs2+abs3,8,SEARCH,d2/pool30/arity3/clim2000000:immediate/slimNone:generation-end,BottomUpSearchEngine/const=finite-enumerate-scalars/fill=none/poly=monomorphize/allow=0,-,-,-,-,2,0,ProgramSize,runs/2026-07-27/20260727_140008_0ced1b8593fc463b,True,9,9,101159,False,False,2.66,
f90667a0ad158e2e,2026-07-27,2026-07-27T14:00:11.534943+00:00,6012073d,ladder,dae9d2b5-split-recolor-lean,heldout,dae9d2b5-split-recolor-lean:heldout,56fe21f8b78a6825,5,dae9d2b5-split-L0+abs0+abs1+abs2+abs3,8,SEARCH,d2/pool30/arity3/clim2000000:immediate/slimNone:generation-end,BottomUpSearchEngine/const=finite-enumerate-scalars/fill=none/poly=monomorphize/allow=0,-,-,-,-,2,0,ProgramSize,runs/2026-07-27/20260727_140011_f90667a0ad158e2e,True,5,5,57909,False,False,1.369,
11527db6e95d8e49,2026-07-27,2026-07-27T14:00:12.923972+00:00,6012073d,ladder,dae9d2b5-split-recolor-lean,train,dae9d2b5-split-recolor-lean:train,63d1ff6e4f772d35,9,dae9d2b5-split-L0+recolored_east,5,SEARCH,d2/pool30/arity3/clim2000000:immediate/slimNone:generation-end,BottomUpSearchEngine/const=finite-enumerate-scalars/fill=none/poly=monomorphize/allow=0,-,-,-,-,2,0,ProgramSize,runs/2026-07-27/20260727_140012_11527db6e95d8e49,True,6,9,100901,False,False,3.779,
d4e9b864cdabeaa2,2026-07-27,2026-07-27T14:00:16.727543+00:00,6012073d,ladder,dae9d2b5-split-recolor-lean,raw-arm,dae9d2b5-split-recolor-lean:train:raw-arm,0cf87ea841a219d0,1,dae9d2b5-split-L0,4,SEARCH,d4/pool200000/arity3/clim1009730:immediate/slim1:immediate,BottomUpSearchEngine/const=finite-enumerate-scalars/fill=none/poly=monomorphize/allow=0,-,-,-,-,2,0,ProgramSize,runs/2026-07-27/20260727_140016_d4e9b864cdabeaa2,True,0,1,1009730,True,False,75.396,
92936f40e25f4bd4,2026-07-27,2026-07-27T14:03:15.804679+00:00,6012073d,ladder,dae9d2b5-split-halves-lean,train,dae9d2b5-split-halves-lean:train,008e87283521d661,5,dae9d2b5-split-L0,4,SEARCH,d2/pool30/arity3/clim2000000:immediate/slimNone:generation-end,BottomUpSearchEngine/const=finite-enumerate-scalars/fill=none/poly=monomorphize/allow=0,-,-,-,-,2,0,ProgramSize,runs/2026-07-27/20260727_140315_92936f40e25f4bd4,True,4,5,63175,False,False,2.963,
3bd8aee3e2c69268,2026-07-27,2026-07-27T14:03:18.785250+00:00,6012073d,ladder,dae9d2b5-split-halves-lean,train,dae9d2b5-split-halves-lean:train,008e87283521d661,5,dae9d2b5-split-L0+west,5,SEARCH,d2/pool30/arity3/clim2000000:immediate/slimNone:generation-end,BottomUpSearchEngine/const=finite-enumerate-scalars/fill=none/poly=monomorphize/allow=0,-,-,-,-,2,0,ProgramSize,runs/2026-07-27/20260727_140318_3bd8aee3e2c69268,True,4,5,63225,False,False,2.566,
5b740247a7326e45,2026-07-27,2026-07-27T14:03:21.368916+00:00,6012073d,ladder,dae9d2b5-split-halves-lean,train,dae9d2b5-split-halves-lean:train,008e87283521d661,5,dae9d2b5-split-L0+west+east,6,SEARCH,d3/pool30/arity3/clim2000000:immediate/slimNone:generation-end,BottomUpSearchEngine/const=finite-enumerate-scalars/fill=none/poly=monomorphize/allow=0,-,-,-,-,2,0,ProgramSize,runs/2026-07-27/20260727_140321_5b740247a7326e45,True,4,5,92534,False,False,2.802,
2afeed6124e14aaa,2026-07-27,2026-07-27T14:03:24.194849+00:00,6012073d,ladder,dae9d2b5-split-halves-lean,train,dae9d2b5-split-halves-lean:train,008e87283521d661,5,dae9d2b5-split-L0,4,LEARN,d3/pool30/arity3/clim2000000:immediate/slimNone:generation-end,BottomUpSearchEngine/const=finite-enumerate-scalars/fill=none/poly=monomorphize/allow=0,GreedyMDLLearnEngine,AntiunifyPairs,CompressionMetric,5,2,0,ProgramSize,runs/2026-07-27/20260727_140324_2afeed6124e14aaa,True,,,,,,0,
b4546440337a7de8,2026-07-27,2026-07-27T14:03:30.204100+00:00,6012073d,ladder,dae9d2b5-split-halves-lean,train,dae9d2b5-split-halves-lean:train,008e87283521d661,5,dae9d2b5-split-L0+abs0+abs1,6,SEARCH,d3/pool30/arity3/clim2000000:immediate/slimNone:generation-end,BottomUpSearchEngine/const=finite-enumerate-scalars/fill=none/poly=monomorphize/allow=0,-,-,-,-,2,0,ProgramSize,runs/2026-07-27/20260727_140330_b4546440337a7de8,True,4,5,92534,False,False,2.799,
afd1a0bbcb65429f,2026-07-27,2026-07-27T14:03:33.021254+00:00,6012073d,ladder,dae9d2b5-split-halves-lean,heldout,dae9d2b5-split-halves-lean:heldout,0cb44d63f4cab7ed,3,dae9d2b5-split-L0+abs0+abs1,6,SEARCH,d3/pool30/arity3/clim2000000:immediate/slimNone:generation-end,BottomUpSearchEngine/const=finite-enumerate-scalars/fill=none/poly=monomorphize/allow=0,-,-,-,-,2,0,ProgramSize,runs/2026-07-27/20260727_140333_afd1a0bbcb65429f,True,2,3,57356,False,False,1.435,
d2790d928ab8543e,2026-07-27,2026-07-27T14:03:34.477323+00:00,6012073d,ladder,dae9d2b5-split-halves-lean,train,dae9d2b5-split-halves-lean:train,008e87283521d661,5,dae9d2b5-split-L0+east,5,SEARCH,d3/pool30/arity3/clim2000000:immediate/slimNone:generation-end,BottomUpSearchEngine/const=finite-enumerate-scalars/fill=none/poly=monomorphize/allow=0,-,-,-,-,2,0,ProgramSize,runs/2026-07-27/20260727_140334_d2790d928ab8543e,True,4,5,75770,False,False,2.863,
77b99c75572033d2,2026-07-27,2026-07-27T14:03:37.361020+00:00,6012073d,ladder,dae9d2b5-split-halves-lean,raw-arm,dae9d2b5-split-halves-lean:train:raw-arm,0cf87ea841a219d0,1,dae9d2b5-split-L0,4,SEARCH,d4/pool200000/arity3/clim721650:immediate/slim1:immediate,BottomUpSearchEngine/const=finite-enumerate-scalars/fill=none/poly=monomorphize/allow=0,-,-,-,-,2,0,ProgramSize,runs/2026-07-27/20260727_140337_77b99c75572033d2,False,,,,,,,
f66d0b507a69a4d9,2026-07-27,2026-07-27T14:28:02.181616+00:00,ede5e258,ladder,dae9d2b5-split-asym-lean,train,dae9d2b5-split-asym-lean:train,4967810e675d0568,7,dae9d2b5-split-L0,4,SEARCH,d2/pool30/arity3/clim2000000:immediate/slimNone:generation-end,BottomUpSearchEngine/const=finite-enumerate-scalars/fill=none/poly=monomorphize/allow=0,-,-,-,-,2,0,ProgramSize,runs/2026-07-27/20260727_142802_f66d0b507a69a4d9,True,4,7,81995,False,False,3.607,
5e6323e920f3c221,2026-07-27,2026-07-27T14:28:05.806864+00:00,ede5e258,ladder,dae9d2b5-split-asym-lean,train,dae9d2b5-split-asym-lean:train,4967810e675d0568,7,dae9d2b5-split-L0+west,5,SEARCH,d2/pool30/arity3/clim2000000:immediate/slimNone:generation-end,BottomUpSearchEngine/const=finite-enumerate-scalars/fill=none/poly=monomorphize/allow=0,-,-,-,-,2,0,ProgramSize,runs/2026-07-27/20260727_142805_5e6323e920f3c221,True,6,7,82063,False,False,3.056,
4e44de37d26ee689,2026-07-27,2026-07-27T14:28:08.883278+00:00,ede5e258,ladder,dae9d2b5-split-asym-lean,train,dae9d2b5-split-asym-lean:train,4967810e675d0568,7,dae9d2b5-split-L0+west+east,6,SEARCH,d2/pool30/arity3/clim2000000:immediate/slimNone:generation-end,BottomUpSearchEngine/const=finite-enumerate-scalars/fill=none/poly=monomorphize/allow=0,-,-,-,-,2,0,ProgramSize,runs/2026-07-27/20260727_142808_4e44de37d26ee689,True,6,7,82131,False,False,2.723,
87c9e0bc6db8a749,2026-07-27,2026-07-27T14:28:11.626409+00:00,ede5e258,ladder,dae9d2b5-split-asym-lean,train,dae9d2b5-split-asym-lean:train,4967810e675d0568,7,dae9d2b5-split-L0+west+east+recolored_west,7,SEARCH,d3/pool30/arity3/clim2000000:immediate/slimNone:generation-end,BottomUpSearchEngine/const=finite-enumerate-scalars/fill=none/poly=monomorphize/allow=0,-,-,-,-,2,0,ProgramSize,runs/2026-07-27/20260727_142811_87c9e0bc6db8a749,True,6,7,147465,False,False,3.744,
106a98d6f5d3262f,2026-07-27,2026-07-27T14:28:15.396416+00:00,ede5e258,ladder,dae9d2b5-split-asym-lean,train,dae9d2b5-split-asym-lean:train,4967810e675d0568,7,dae9d2b5-split-L0,4,LEARN,d2/pool30/arity3/clim2000000:immediate/slimNone:generation-end,BottomUpSearchEngine/const=finite-enumerate-scalars/fill=none/poly=monomorphize/allow=0,GreedyMDLLearnEngine,AntiunifyPairs,CompressionMetric,5,2,0,ProgramSize,runs/2026-07-27/20260727_142815_106a98d6f5d3262f,True,,,,,,0,
51d62dcbdad6a86c,2026-07-27,2026-07-27T14:28:24.087978+00:00,ede5e258,ladder,dae9d2b5-split-asym-lean,train,dae9d2b5-split-asym-lean:train,4967810e675d0568,7,dae9d2b5-split-L0+abs0+abs1+abs2,7,SEARCH,d2/pool30/arity3/clim2000000:immediate/slimNone:generation-end,BottomUpSearchEngine/const=finite-enumerate-scalars/fill=none/poly=monomorphize/allow=0,-,-,-,-,2,0,ProgramSize,runs/2026-07-27/20260727_142824_51d62dcbdad6a86c,True,6,7,82199,False,False,2.41,
fa64a7f45c97e4a7,2026-07-27,2026-07-27T14:28:26.518242+00:00,ede5e258,ladder,dae9d2b5-split-asym-lean,heldout,dae9d2b5-split-asym-lean:heldout,38cbea6cade22165,4,dae9d2b5-split-L0+abs0+abs1+abs2,7,SEARCH,d2/pool30/arity3/clim2000000:immediate/slimNone:generation-end,BottomUpSearchEngine/const=finite-enumerate-scalars/fill=none/poly=monomorphize/allow=0,-,-,-,-,2,0,ProgramSize,runs/2026-07-27/20260727_142826_fa64a7f45c97e4a7,True,3,4,45692,False,False,1.228,
5c5abde125c8be90,2026-07-27,2026-07-27T14:28:27.766090+00:00,ede5e258,ladder,dae9d2b5-split-asym-lean,train,dae9d2b5-split-asym-lean:train,4967810e675d0568,7,dae9d2b5-split-L0+recolored_west,5,SEARCH,d2/pool30/arity3/clim2000000:immediate/slimNone:generation-end,BottomUpSearchEngine/const=finite-enumerate-scalars/fill=none/poly=monomorphize/allow=0,-,-,-,-,2,0,ProgramSize,runs/2026-07-27/20260727_142827_5c5abde125c8be90,True,6,7,82063,False,False,3.19,
931b76077ba633f8,2026-07-27,2026-07-27T14:32:30.523353+00:00,ede5e258,ladder,94f9d214-nor-recolor,train,94f9d214-nor-recolor:train,1ec2af72c0aa974e,9,nor-L0,5,SEARCH,d2/pool30/arity3/clim2000000:immediate/slimNone:generation-end,BottomUpSearchEngine/const=finite-enumerate-scalars/fill=none/poly=monomorphize/allow=0,-,-,-,-,2,0,ProgramSize,runs/2026-07-27/20260727_143230_931b76077ba633f8,True,4,9,109415,False,False,3.991,
594a9bc907f26c43,2026-07-27,2026-07-27T14:32:34.535968+00:00,ede5e258,ladder,94f9d214-nor-recolor,train,94f9d214-nor-recolor:train,1ec2af72c0aa974e,9,nor-L0+north,6,SEARCH,d2/pool30/arity3/clim2000000:immediate/slimNone:generation-end,BottomUpSearchEngine/const=finite-enumerate-scalars/fill=none/poly=monomorphize/allow=0,-,-,-,-,2,0,ProgramSize,runs/2026-07-27/20260727_143234_594a9bc907f26c43,True,6,9,109501,False,False,3.495,
543daeafaba86b85,2026-07-27,2026-07-27T14:32:38.051721+00:00,ede5e258,ladder,94f9d214-nor-recolor,train,94f9d214-nor-recolor:train,1ec2af72c0aa974e,9,nor-L0+north+south,7,SEARCH,d2/pool30/arity3/clim2000000:immediate/slimNone:generation-end,BottomUpSearchEngine/const=finite-enumerate-scalars/fill=none/poly=monomorphize/allow=0,-,-,-,-,2,0,ProgramSize,runs/2026-07-27/20260727_143238_543daeafaba86b85,True,8,9,109587,False,False,2.978,
f9694808e5ab9d1f,2026-07-27,2026-07-27T14:32:41.050182+00:00,ede5e258,ladder,94f9d214-nor-recolor,train,94f9d214-nor-recolor:train,1ec2af72c0aa974e,9,nor-L0+north+south+recolored_north,8,SEARCH,d2/pool30/arity3/clim2000000:immediate/slimNone:generation-end,BottomUpSearchEngine/const=finite-enumerate-scalars/fill=none/poly=monomorphize/allow=0,-,-,-,-,2,0,ProgramSize,runs/2026-07-27/20260727_143241_f9694808e5ab9d1f,True,8,9,109673,False,False,2.792,
5dc6b2881d82a730,2026-07-27,2026-07-27T14:32:43.863395+00:00,ede5e258,ladder,94f9d214-nor-recolor,train,94f9d214-nor-recolor:train,1ec2af72c0aa974e,9,nor-L0+north+south+recolored_north+recolored_south,9,SEARCH,d3/pool30/arity3/clim2000000:immediate/slimNone:generation-end,BottomUpSearchEngine/const=finite-enumerate-scalars/fill=none/poly=monomorphize/allow=0,-,-,-,-,2,0,ProgramSize,runs/2026-07-27/20260727_143243_5dc6b2881d82a730,True,8,9,196074,False,False,4.533,
8d18a652a669a383,2026-07-27,2026-07-27T14:32:48.427556+00:00,ede5e258,ladder,94f9d214-nor-recolor,train,94f9d214-nor-recolor:train,1ec2af72c0aa974e,9,nor-L0,5,LEARN,d3/pool30/arity3/clim2000000:immediate/slimNone:generation-end,BottomUpSearchEngine/const=finite-enumerate-scalars/fill=none/poly=monomorphize/allow=0,GreedyMDLLearnEngine,AntiunifyPairs,CompressionMetric,5,2,0,ProgramSize,runs/2026-07-27/20260727_143248_8d18a652a669a383,True,,,,,,0,
a2be237ac337bb60,2026-07-27,2026-07-27T14:33:01.315656+00:00,260fa76b,ladder,94f9d214-nor-recolor,train,94f9d214-nor-recolor:train,1ec2af72c0aa974e,9,nor-L0+abs0+abs1+abs2+abs3,9,SEARCH,d3/pool30/arity3/clim2000000:immediate/slimNone:generation-end,BottomUpSearchEngine/const=finite-enumerate-scalars/fill=none/poly=monomorphize/allow=0,-,-,-,-,2,0,ProgramSize,runs/2026-07-27/20260727_143301_a2be237ac337bb60,True,8,9,196074,False,False,4.355,
e973ba604e063a26,2026-07-27,2026-07-27T14:33:05.691553+00:00,260fa76b,ladder,94f9d214-nor-recolor,heldout,94f9d214-nor-recolor:heldout,9e42aeb3c1ff260d,5,nor-L0+abs0+abs1+abs2+abs3,9,SEARCH,d3/pool30/arity3/clim2000000:immediate/slimNone:generation-end,BottomUpSearchEngine/const=finite-enumerate-scalars/fill=none/poly=monomorphize/allow=0,-,-,-,-,2,0,ProgramSize,runs/2026-07-27/20260727_143305_e973ba604e063a26,True,4,5,84762,False,False,1.863,
8dce2a3678ea199a,2026-07-27,2026-07-27T14:33:07.573729+00:00,260fa76b,ladder,94f9d214-nor-recolor,train,94f9d214-nor-recolor:train,1ec2af72c0aa974e,9,nor-L0+recolored_south,6,SEARCH,d3/pool30/arity3/clim2000000:immediate/slimNone:generation-end,BottomUpSearchEngine/const=finite-enumerate-scalars/fill=none/poly=monomorphize/allow=0,-,-,-,-,2,0,ProgramSize,runs/2026-07-27/20260727_143307_8dce2a3678ea199a,True,6,9,130914,False,False,4.001,
8722cd7f7e0d673e,2026-07-27,2026-07-27T14:33:11.597317+00:00,260fa76b,ladder,94f9d214-nor-recolor,raw-arm,94f9d214-nor-recolor:train:raw-arm,43d11b15fe3b3e72,1,nor-L0,5,SEARCH,d5/pool200000/arity3/clim1201460:immediate/slim1:immediate,BottomUpSearchEngine/const=finite-enumerate-scalars/fill=none/poly=monomorphize/allow=0,-,-,-,-,2,0,ProgramSize,runs/2026-07-27/20260727_143311_8722cd7f7e0d673e,True,0,1,1201460,True,False,62.531,
9319a90f69646c90,2026-07-27,2026-07-27T14:34:14.822406+00:00,260fa76b,ladder,94f9d214-nor-halves,train,94f9d214-nor-halves:train,dd4e63867ec7c4f6,5,nor-L0,5,SEARCH,d2/pool30/arity3/clim2000000:immediate/slimNone:generation-end,BottomUpSearchEngine/const=finite-enumerate-scalars/fill=none/poly=monomorphize/allow=0,-,-,-,-,2,0,ProgramSize,runs/2026-07-27/20260727_143414_9319a90f69646c90,True,4,5,54379,False,False,2.089,
f2b2bf7bb00d3280,2026-07-27,2026-07-27T14:34:16.928884+00:00,260fa76b,ladder,94f9d214-nor-halves,train,94f9d214-nor-halves:train,dd4e63867ec7c4f6,5,nor-L0+north,6,SEARCH,d2/pool30/arity3/clim2000000:immediate/slimNone:generation-end,BottomUpSearchEngine/const=finite-enumerate-scalars/fill=none/poly=monomorphize/allow=0,-,-,-,-,2,0,ProgramSize,runs/2026-07-27/20260727_143416_f2b2bf7bb00d3280,True,4,5,54425,False,False,1.788,
29051b37205af491,2026-07-27,2026-07-27T14:34:18.733753+00:00,260fa76b,ladder,94f9d214-nor-halves,train,94f9d214-nor-halves:train,dd4e63867ec7c4f6,5,nor-L0+north+south,7,SEARCH,d4/pool30/arity3/clim2000000:immediate/slimNone:generation-end,BottomUpSearchEngine/const=finite-enumerate-scalars/fill=none/poly=monomorphize/allow=0,-,-,-,-,2,0,ProgramSize,runs/2026-07-27/20260727_143418_29051b37205af491,True,4,5,80807,False,False,2.202,
7bb943c5dc766395,2026-07-27,2026-07-27T14:34:20.957027+00:00,260fa76b,ladder,94f9d214-nor-halves,train,94f9d214-nor-halves:train,dd4e63867ec7c4f6,5,nor-L0,5,LEARN,d3/pool30/arity3/clim2000000:immediate/slimNone:generation-end,BottomUpSearchEngine/const=finite-enumerate-scalars/fill=none/poly=monomorphize/allow=0,GreedyMDLLearnEngine,AntiunifyPairs,CompressionMetric,5,2,0,ProgramSize,runs/2026-07-27/20260727_143420_7bb943c5dc766395,True,,,,,,0,
a709bc4d5b3db8bf,2026-07-27,2026-07-27T14:34:25.243945+00:00,260fa76b,ladder,94f9d214-nor-halves,train,94f9d214-nor-halves:train,dd4e63867ec7c4f6,5,nor-L0+abs0+abs1,7,SEARCH,d3/pool30/arity3/clim2000000:immediate/slimNone:generation-end,BottomUpSearchEngine/const=finite-enumerate-scalars/fill=none/poly=monomorphize/allow=0,-,-,-,-,2,0,ProgramSize,runs/2026-07-27/20260727_143425_a709bc4d5b3db8bf,True,4,5,80807,False,False,2.229,
dafb4e31f8a8911f,2026-07-27,2026-07-27T14:34:27.492381+00:00,260fa76b,ladder,94f9d214-nor-halves,heldout,94f9d214-nor-halves:heldout,25c536151fa1578f,3,nor-L0+abs0+abs1,7,SEARCH,d3/pool30/arity3/clim2000000:immediate/slimNone:generation-end,BottomUpSearchEngine/const=finite-enumerate-scalars/fill=none/poly=monomorphize/allow=0,-,-,-,-,2,0,ProgramSize,runs/2026-07-27/20260727_143427_dafb4e31f8a8911f,True,2,3,49898,False,False,1.244,
32f45102d8dcddee,2026-07-27,2026-07-27T14:34:28.752745+00:00,260fa76b,ladder,94f9d214-nor-halves,train,94f9d214-nor-halves:train,dd4e63867ec7c4f6,5,nor-L0+south,6,SEARCH,d3/pool30/arity3/clim2000000:immediate/slimNone:generation-end,BottomUpSearchEngine/const=finite-enumerate-scalars/fill=none/poly=monomorphize/allow=0,-,-,-,-,2,0,ProgramSize,runs/2026-07-27/20260727_143428_32f45102d8dcddee,True,4,5,65354,False,False,2.044,
af3c9215ce0b1b3b,2026-07-27,2026-07-27T14:34:31.527987+00:00,260fa76b,ladder,fafffa47-nor-recolor,train,fafffa47-nor-recolor:train,3b5419b493bf92c9,9,nor-L0,5,SEARCH,d2/pool30/arity3/clim2000000:immediate/slimNone:generation-end,BottomUpSearchEngine/const=finite-enumerate-scalars/fill=none/poly=monomorphize/allow=0,-,-,-,-,2,0,ProgramSize,runs/2026-07-27/20260727_143431_af3c9215ce0b1b3b,True,4,9,117553,False,False,4.633,
36d43203aab00015,2026-07-27,2026-07-27T14:34:36.178409+00:00,260fa76b,ladder,fafffa47-nor-recolor,train,fafffa47-nor-recolor:train,3b5419b493bf92c9,9,nor-L0+north,6,SEARCH,d2/pool30/arity3/clim2000000:immediate/slimNone:generation-end,BottomUpSearchEngine/const=finite-enumerate-scalars/fill=none/poly=monomorphize/allow=0,-,-,-,-,2,0,ProgramSize,runs/2026-07-27/20260727_143436_36d43203aab00015,True,6,9,117641,False,False,4.079,
00ab4c069d8c3c9e,2026-07-27,2026-07-27T14:34:40.276943+00:00,260fa76b,ladder,fafffa47-nor-recolor,train,fafffa47-nor-recolor:train,3b5419b493bf92c9,9,nor-L0+north+south,7,SEARCH,d2/pool30/arity3/clim2000000:immediate/slimNone:generation-end,BottomUpSearchEngine/const=finite-enumerate-scalars/fill=none/poly=monomorphize/allow=0,-,-,-,-,2,0,ProgramSize,runs/2026-07-27/20260727_143440_00ab4c069d8c3c9e,True,8,9,117729,False,False,3.553,
09259487f3bba57f,2026-07-27,2026-07-27T14:34:43.849533+00:00,260fa76b,ladder,fafffa47-nor-recolor,train,fafffa47-nor-recolor:train,3b5419b493bf92c9,9,nor-L0+north+south+recolored_north,8,SEARCH,d2/pool30/arity3/clim2000000:immediate/slimNone:generation-end,BottomUpSearchEngine/const=finite-enumerate-scalars/fill=none/poly=monomorphize/allow=0,-,-,-,-,2,0,ProgramSize,runs/2026-07-27/20260727_143443_09259487f3bba57f,True,8,9,117817,False,False,3.256,
54806d2e15a76ad6,2026-07-27,2026-07-27T14:34:47.124972+00:00,260fa76b,ladder,fafffa47-nor-recolor,train,fafffa47-nor-recolor:train,3b5419b493bf92c9,9,nor-L0+north+south+recolored_north+recolored_south,9,SEARCH,d3/pool30/arity3/clim2000000:immediate/slimNone:generation-end,BottomUpSearchEngine/const=finite-enumerate-scalars/fill=none/poly=monomorphize/allow=0,-,-,-,-,2,0,ProgramSize,runs/2026-07-27/20260727_143447_54806d2e15a76ad6,True,8,9,212370,False,False,4.953,
bdf5d38284925927,2026-07-27,2026-07-27T14:34:52.110735+00:00,260fa76b,ladder,fafffa47-nor-recolor,train,fafffa47-nor-recolor:train,3b5419b493bf92c9,9,nor-L0,5,LEARN,d3/pool30/arity3/clim2000000:immediate/slimNone:generation-end,BottomUpSearchEngine/const=finite-enumerate-scalars/fill=none/poly=monomorphize/allow=0,GreedyMDLLearnEngine,AntiunifyPairs,CompressionMetric,5,2,0,ProgramSize,runs/2026-07-27/20260727_143452_bdf5d38284925927,True,,,,,,0,
336465ae95b8f30e,2026-07-27,2026-07-27T14:35:06.707481+00:00,260fa76b,ladder,fafffa47-nor-recolor,train,fafffa47-nor-recolor:train,3b5419b493bf92c9,9,nor-L0+abs0+abs1+abs2+abs3,9,SEARCH,d3/pool30/arity3/clim2000000:immediate/slimNone:generation-end,BottomUpSearchEngine/const=finite-enumerate-scalars/fill=none/poly=monomorphize/allow=0,-,-,-,-,2,0,ProgramSize,runs/2026-07-27/20260727_143506_336465ae95b8f30e,True,8,9,212370,False,False,4.976,
1ca42ef55d4c64d8,2026-07-27,2026-07-27T14:35:11.707620+00:00,260fa76b,ladder,fafffa47-nor-recolor,heldout,fafffa47-nor-recolor:heldout,0ca2efad9f36fd9f,5,nor-L0+abs0+abs1+abs2+abs3,9,SEARCH,d3/pool30/arity3/clim2000000:immediate/slimNone:generation-end,BottomUpSearchEngine/const=finite-enumerate-scalars/fill=none/poly=monomorphize/allow=0,-,-,-,-,2,0,ProgramSize,runs/2026-07-27/20260727_143511_1ca42ef55d4c64d8,True,4,5,101058,False,False,2.171,
a6a5d884ad6d4813,2026-07-27,2026-07-27T14:35:13.896762+00:00,260fa76b,ladder,fafffa47-nor-recolor,train,fafffa47-nor-recolor:train,3b5419b493bf92c9,9,nor-L0+recolored_south,6,SEARCH,d3/pool30/arity3/clim2000000:immediate/slimNone:generation-end,BottomUpSearchEngine/const=finite-enumerate-scalars/fill=none/poly=monomorphize/allow=0,-,-,-,-,2,0,ProgramSize,runs/2026-07-27/20260727_143513_a6a5d884ad6d4813,True,6,9,140232,False,False,4.625,
bfba08520f19b20e,2026-07-27,2026-07-27T14:35:18.543983+00:00,260fa76b,ladder,fafffa47-nor-recolor,raw-arm,fafffa47-nor-recolor:train:raw-arm,adc4d1a6da003cd6,1,nor-L0,5,SEARCH,d5/pool200000/arity3/clim1364420:immediate/slim1:immediate,BottomUpSearchEngine/const=finite-enumerate-scalars/fill=none/poly=monomorphize/allow=0,-,-,-,-,2,0,ProgramSize,runs/2026-07-27/20260727_143518_bfba08520f19b20e,True,0,1,1364420,True,False,85.249,
c5b97323d802fa97,2026-07-27,2026-07-27T14:39:01.355407+00:00,260fa76b,ladder,fafffa47-nor-halves,train,fafffa47-nor-halves:train,251ad027f74f6d69,5,nor-L0,5,SEARCH,d2/pool30/arity3/clim2000000:immediate/slimNone:generation-end,BottomUpSearchEngine/const=finite-enumerate-scalars/fill=none/poly=monomorphize/allow=0,-,-,-,-,2,0,ProgramSize,runs/2026-07-27/20260727_143901_c5b97323d802fa97,True,4,5,62517,False,False,2.609,
38c4abf2b5f607e9,2026-07-27,2026-07-27T14:39:03.982205+00:00,260fa76b,ladder,fafffa47-nor-halves,train,fafffa47-nor-halves:train,251ad027f74f6d69,5,nor-L0+north,6,SEARCH,d2/pool30/arity3/clim2000000:immediate/slimNone:generation-end,BottomUpSearchEngine/const=finite-enumerate-scalars/fill=none/poly=monomorphize/allow=0,-,-,-,-,2,0,ProgramSize,runs/2026-07-27/20260727_143903_38c4abf2b5f607e9,True,4,5,62565,False,False,2.28,
8f6068aa8a30bcb0,2026-07-27,2026-07-27T14:39:06.281271+00:00,260fa76b,ladder,fafffa47-nor-halves,train,fafffa47-nor-halves:train,251ad027f74f6d69,5,nor-L0+north+south,7,SEARCH,d4/pool30/arity3/clim2000000:immediate/slimNone:generation-end,BottomUpSearchEngine/const=finite-enumerate-scalars/fill=none/poly=monomorphize/allow=0,-,-,-,-,2,0,ProgramSize,runs/2026-07-27/20260727_143906_8f6068aa8a30bcb0,True,4,5,92465,False,False,2.756,
aef137e6e22fe91d,2026-07-27,2026-07-27T14:39:09.057116+00:00,260fa76b,ladder,fafffa47-nor-halves,train,fafffa47-nor-halves:train,251ad027f74f6d69,5,nor-L0,5,LEARN,d3/pool30/arity3/clim2000000:immediate/slimNone:generation-end,BottomUpSearchEngine/const=finite-enumerate-scalars/fill=none/poly=monomorphize/allow=0,GreedyMDLLearnEngine,AntiunifyPairs,CompressionMetric,5,2,0,ProgramSize,runs/2026-07-27/20260727_143909_aef137e6e22fe91d,True,,,,,,0,
465a22efd326f66f,2026-07-27,2026-07-27T14:39:14.611145+00:00,260fa76b,ladder,fafffa47-nor-halves,train,fafffa47-nor-halves:train,251ad027f74f6d69,5,nor-L0+abs0+abs1,7,SEARCH,d3/pool30/arity3/clim2000000:immediate/slimNone:generation-end,BottomUpSearchEngine/const=finite-enumerate-scalars/fill=none/poly=monomorphize/allow=0,-,-,-,-,2,0,ProgramSize,runs/2026-07-27/20260727_143914_465a22efd326f66f,True,4,5,92465,False,False,2.629,
d2250dbddb565432,2026-07-27,2026-07-27T14:39:17.257706+00:00,260fa76b,ladder,fafffa47-nor-halves,heldout,fafffa47-nor-halves:heldout,8eceb58c74f3d769,3,nor-L0+abs0+abs1,7,SEARCH,d3/pool30/arity3/clim2000000:immediate/slimNone:generation-end,BottomUpSearchEngine/const=finite-enumerate-scalars/fill=none/poly=monomorphize/allow=0,-,-,-,-,2,0,ProgramSize,runs/2026-07-27/20260727_143917_d2250dbddb565432,True,2,3,61556,False,False,1.519,
300fe644dab0f316,2026-07-27,2026-07-27T14:39:18.793773+00:00,260fa76b,ladder,fafffa47-nor-halves,train,fafffa47-nor-halves:train,251ad027f74f6d69,5,nor-L0+south,6,SEARCH,d3/pool30/arity3/clim2000000:immediate/slimNone:generation-end,BottomUpSearchEngine/const=finite-enumerate-scalars/fill=none/poly=monomorphize/allow=0,-,-,-,-,2,0,ProgramSize,runs/2026-07-27/20260727_143918_300fe644dab0f316,True,4,5,74672,False,False,2.576,
387e4584aea363e7,2026-07-27,2026-07-27T16:11:21.936035+00:00,260fa76b,ladder,dae9d2b5-split-recolor,train,dae9d2b5-split-recolor:train,7ca1848619f2df59,9,dae9d2b5-split-L0,4,SEARCH,d2/pool150/arity3/clim2000000:immediate/slim1:immediate,BottomUpSearchEngine/const=finite-enumerate-scalars/fill=none/poly=monomorphize/allow=0,-,-,-,-,2,0,ProgramSize,runs/2026-07-27/20260727_161121_387e4584aea363e7,True,4,9,1153209,False,True,52.55,
791eb549dfcc148d,2026-07-27,2026-07-27T16:12:14.532211+00:00,260fa76b,ladder,dae9d2b5-split-recolor,train,dae9d2b5-split-recolor:train,7ca1848619f2df59,9,dae9d2b5-split-L0+west,5,SEARCH,d2/pool150/arity3/clim2000000:immediate/slim1:immediate,BottomUpSearchEngine/const=finite-enumerate-scalars/fill=none/poly=monomorphize/allow=0,-,-,-,-,2,0,ProgramSize,runs/2026-07-27/20260727_161214_791eb549dfcc148d,True,6,9,1272997,False,True,56.306,
d38f9ff8c28bff0e,2026-07-27,2026-07-27T16:13:10.876154+00:00,260fa76b,ladder,dae9d2b5-split-recolor,train,dae9d2b5-split-recolor:train,7ca1848619f2df59,9,dae9d2b5-split-L0+west+east,6,SEARCH,d2/pool150/arity3/clim2000000:immediate/slim1:immediate,BottomUpSearchEngine/const=finite-enumerate-scalars/fill=none/poly=monomorphize/allow=0,-,-,-,-,2,0,ProgramSize,runs/2026-07-27/20260727_161310_d38f9ff8c28bff0e,True,8,9,1401247,False,True,57.447,
54043ef5d1654445,2026-07-27,2026-07-27T16:14:08.355607+00:00,260fa76b,ladder,dae9d2b5-split-recolor,train,dae9d2b5-split-recolor:train,7ca1848619f2df59,9,dae9d2b5-split-L0+west+east+recolored_west,7,SEARCH,d2/pool150/arity3/clim2000000:immediate/slim1:immediate,BottomUpSearchEngine/const=finite-enumerate-scalars/fill=none/poly=monomorphize/allow=0,-,-,-,-,2,0,ProgramSize,runs/2026-07-27/20260727_161408_54043ef5d1654445,True,8,9,928265,False,True,38.469,
b75b27bfcd4b5388,2026-07-27,2026-07-27T16:14:46.933020+00:00,260fa76b,ladder,dae9d2b5-split-recolor,train,dae9d2b5-split-recolor:train,7ca1848619f2df59,9,dae9d2b5-split-L0,4,LEARN,d2/pool150/arity3/clim2000000:immediate/slim1:immediate,BottomUpSearchEngine/const=finite-enumerate-scalars/fill=none/poly=monomorphize/allow=0,GreedyMDLLearnEngine,AntiunifyPairs,CompressionMetric,5,2,0,ProgramSize,runs/2026-07-27/20260727_161446_b75b27bfcd4b5388,True,,,,,,0,
e2e2fb5a7036cdd8,2026-07-27,2026-07-27T16:14:46.855779+00:00,260fa76b,ladder,dae9d2b5-split-recolor,train,dae9d2b5-split-recolor:train,7ca1848619f2df59,9,dae9d2b5-split-L0+west+east+recolored_west+recolored_east,8,SEARCH,d2/pool150/arity3/clim2000000:immediate/slim1:immediate,BottomUpSearchEngine/const=finite-enumerate-scalars/fill=none/poly=monomorphize/allow=0,-,-,-,-,2,0,ProgramSize,runs/2026-07-27/20260727_161446_e2e2fb5a7036cdd8,True,9,9,1835,False,True,0.06,
327044764a35c525,2026-07-27,2026-07-27T16:16:34.893122+00:00,260fa76b,ladder,dae9d2b5-split-recolor,train,dae9d2b5-split-recolor:train,7ca1848619f2df59,9,dae9d2b5-split-L0+abs0+abs1+abs2+abs3,8,SEARCH,d2/pool150/arity3/clim2000000:immediate/slim1:immediate,BottomUpSearchEngine/const=finite-enumerate-scalars/fill=none/poly=monomorphize/allow=0,-,-,-,-,2,0,ProgramSize,runs/2026-07-27/20260727_161634_327044764a35c525,True,9,9,1835,False,True,0.065,
a969c568fbb63c81,2026-07-27,2026-07-27T16:16:34.975128+00:00,260fa76b,ladder,dae9d2b5-split-recolor,heldout,dae9d2b5-split-recolor:heldout,1220117c79a3b401,5,dae9d2b5-split-L0+abs0+abs1+abs2+abs3,8,SEARCH,d2/pool150/arity3/clim2000000:immediate/slim1:immediate,BottomUpSearchEngine/const=finite-enumerate-scalars/fill=none/poly=monomorphize/allow=0,-,-,-,-,2,0,ProgramSize,runs/2026-07-27/20260727_161634_a969c568fbb63c81,True,5,5,1219,False,True,0.032,
3e022eb0a5b9478d,2026-07-27,2026-07-27T16:16:35.023039+00:00,260fa76b,ladder,dae9d2b5-split-recolor,train,dae9d2b5-split-recolor:train,7ca1848619f2df59,9,dae9d2b5-split-L0+recolored_east,5,SEARCH,d2/pool150/arity3/clim2000000:immediate/slim1:immediate,BottomUpSearchEngine/const=finite-enumerate-scalars/fill=none/poly=monomorphize/allow=0,-,-,-,-,2,0,ProgramSize,runs/2026-07-27/20260727_161635_3e022eb0a5b9478d,True,6,9,767765,False,True,35.521,
d6375445aae9d8b6,2026-07-27,2026-07-27T16:31:13.118622+00:00,260fa76b,ladder,dae9d2b5-split-halves-lean,train,dae9d2b5-split-halves-lean:train,008e87283521d661,5,dae9d2b5-split-L0,4,SEARCH,d2/pool30/arity3/clim2000000:immediate/slim1:immediate,BottomUpSearchEngine/const=finite-enumerate-scalars/fill=none/poly=monomorphize/allow=0,-,-,-,-,2,0,ProgramSize,runs/2026-07-27/20260727_163113_d6375445aae9d8b6,True,4,5,20723,False,True,1.509,
d89bb69f0f492c2d,2026-07-27,2026-07-27T16:31:13.340199+00:00,260fa76b,ladder,94f9d214-nor-recolor,train,94f9d214-nor-recolor:train,1ec2af72c0aa974e,9,nor-L0,5,SEARCH,d2/pool30/arity3/clim2000000:immediate/slim1:immediate,BottomUpSearchEngine/const=finite-enumerate-scalars/fill=none/poly=monomorphize/allow=0,-,-,-,-,2,0,ProgramSize,runs/2026-07-27/20260727_163113_d89bb69f0f492c2d,True,4,9,69221,False,True,2.693,
fd927db81f8880b1,2026-07-27,2026-07-27T16:31:13.340325+00:00,260fa76b,ladder,fafffa47-nor-recolor,train,fafffa47-nor-recolor:train,3b5419b493bf92c9,9,nor-L0,5,SEARCH,d2/pool30/arity3/clim2000000:immediate/slim1:immediate,BottomUpSearchEngine/const=finite-enumerate-scalars/fill=none/poly=monomorphize/allow=0,-,-,-,-,2,0,ProgramSize,runs/2026-07-27/20260727_163113_fd927db81f8880b1,True,4,9,77359,False,True,3.317,
705f6a336647a63c,2026-07-27,2026-07-27T16:31:14.645291+00:00,260fa76b,ladder,dae9d2b5-split-halves-lean,train,dae9d2b5-split-halves-lean:train,008e87283521d661,5,dae9d2b5-split-L0+west,5,SEARCH,d2/pool30/arity3/clim2000000:immediate/slim1:immediate,BottomUpSearchEngine/const=finite-enumerate-scalars/fill=none/poly=monomorphize/allow=0,-,-,-,-,2,0,ProgramSize,runs/2026-07-27/20260727_163114_705f6a336647a63c,True,4,5,20721,False,True,1.235,
dd470ffdea52eeca,2026-07-27,2026-07-27T16:31:15.897234+00:00,260fa76b,ladder,dae9d2b5-split-halves-lean,train,dae9d2b5-split-halves-lean:train,008e87283521d661,5,dae9d2b5-split-L0+west+east,6,SEARCH,d3/pool150/arity3/clim2000000:immediate/slim1:immediate,BottomUpSearchEngine/const=finite-enumerate-scalars/fill=none/poly=monomorphize/allow=0,-,-,-,-,2,0,ProgramSize,runs/2026-07-27/20260727_163115_dd470ffdea52eeca,True,5,5,288143,False,True,19.403,
2a835be710613be5,2026-07-27,2026-07-27T16:31:16.050696+00:00,260fa76b,ladder,94f9d214-nor-recolor,train,94f9d214-nor-recolor:train,1ec2af72c0aa974e,9,nor-L0+north,6,SEARCH,d2/pool30/arity3/clim2000000:immediate/slim1:immediate,BottomUpSearchEngine/const=finite-enumerate-scalars/fill=none/poly=monomorphize/allow=0,-,-,-,-,2,0,ProgramSize,runs/2026-07-27/20260727_163116_2a835be710613be5,True,6,9,65303,False,True,2.234,
c7ed13cb5ead75e7,2026-07-27,2026-07-27T16:31:16.675393+00:00,260fa76b,ladder,fafffa47-nor-recolor,train,fafffa47-nor-recolor:train,3b5419b493bf92c9,9,nor-L0+north,6,SEARCH,d2/pool30/arity3/clim2000000:immediate/slim1:immediate,BottomUpSearchEngine/const=finite-enumerate-scalars/fill=none/poly=monomorphize/allow=0,-,-,-,-,2,0,ProgramSize,runs/2026-07-27/20260727_163116_c7ed13cb5ead75e7,True,6,9,73563,False,True,2.889,
013371ccc77e2352,2026-07-27,2026-07-27T16:31:18.303641+00:00,260fa76b,ladder,94f9d214-nor-recolor,train,94f9d214-nor-recolor:train,1ec2af72c0aa974e,9,nor-L0+north+south,7,SEARCH,d2/pool30/arity3/clim2000000:immediate/slim1:immediate,BottomUpSearchEngine/const=finite-enumerate-scalars/fill=none/poly=monomorphize/allow=0,-,-,-,-,2,0,ProgramSize,runs/2026-07-27/20260727_163118_013371ccc77e2352,True,8,9,62309,False,True,2.057,
77657cb873c850d4,2026-07-27,2026-07-27T16:31:19.583581+00:00,260fa76b,ladder,fafffa47-nor-recolor,train,fafffa47-nor-recolor:train,3b5419b493bf92c9,9,nor-L0+north+south,7,SEARCH,d2/pool30/arity3/clim2000000:immediate/slim1:immediate,BottomUpSearchEngine/const=finite-enumerate-scalars/fill=none/poly=monomorphize/allow=0,-,-,-,-,2,0,ProgramSize,runs/2026-07-27/20260727_163119_77657cb873c850d4,True,8,9,70571,False,True,2.715,
9f08c60dfa7c8ceb,2026-07-27,2026-07-27T16:31:20.381595+00:00,260fa76b,ladder,94f9d214-nor-recolor,train,94f9d214-nor-recolor:train,1ec2af72c0aa974e,9,nor-L0+north+south+recolored_north,8,SEARCH,d2/pool30/arity3/clim2000000:immediate/slim1:immediate,BottomUpSearchEngine/const=finite-enumerate-scalars/fill=none/poly=monomorphize/allow=0,-,-,-,-,2,0,ProgramSize,runs/2026-07-27/20260727_163120_9f08c60dfa7c8ceb,True,8,9,32341,False,True,1.048,
fda8beb88e35555f,2026-07-27,2026-07-27T16:31:21.459985+00:00,260fa76b,ladder,94f9d214-nor-recolor,train,94f9d214-nor-recolor:train,1ec2af72c0aa974e,9,nor-L0+north+south+recolored_north+recolored_south,9,SEARCH,d3/pool150/arity3/clim2000000:immediate/slim1:immediate,BottomUpSearchEngine/const=finite-enumerate-scalars/fill=none/poly=monomorphize/allow=0,-,-,-,-,2,0,ProgramSize,runs/2026-07-27/20260727_163121_fda8beb88e35555f,True,9,9,476020,False,True,20.106,
d5e65b02a844a3d8,2026-07-27,2026-07-27T16:31:22.317016+00:00,260fa76b,ladder,fafffa47-nor-recolor,train,fafffa47-nor-recolor:train,3b5419b493bf92c9,9,nor-L0+north+south+recolored_north,8,SEARCH,d2/pool30/arity3/clim2000000:immediate/slim1:immediate,BottomUpSearchEngine/const=finite-enumerate-scalars/fill=none/poly=monomorphize/allow=0,-,-,-,-,2,0,ProgramSize,runs/2026-07-27/20260727_163122_d5e65b02a844a3d8,True,8,9,40485,False,True,1.35,
8a8bffa735760d52,2026-07-27,2026-07-27T16:31:23.685280+00:00,260fa76b,ladder,fafffa47-nor-recolor,train,fafffa47-nor-recolor:train,3b5419b493bf92c9,9,nor-L0+north+south+recolored_north+recolored_south,9,SEARCH,d3/pool150/arity3/clim2000000:immediate/slim1:immediate,BottomUpSearchEngine/const=finite-enumerate-scalars/fill=none/poly=monomorphize/allow=0,-,-,-,-,2,0,ProgramSize,runs/2026-07-27/20260727_163123_8a8bffa735760d52,True,9,9,476453,False,True,24.059,
9295b91486953165,2026-07-27,2026-07-27T16:31:35.312938+00:00,260fa76b,ladder,dae9d2b5-split-halves-lean,train,dae9d2b5-split-halves-lean:train,008e87283521d661,5,dae9d2b5-split-L0,4,LEARN,d3/pool150/arity3/clim2000000:immediate/slim1:immediate,BottomUpSearchEngine/const=finite-enumerate-scalars/fill=none/poly=monomorphize/allow=0,GreedyMDLLearnEngine,AntiunifyPairs,CompressionMetric,5,2,0,ProgramSize,runs/2026-07-27/20260727_163135_9295b91486953165,True,,,,,,0,
d3911a32d39dae64,2026-07-27,2026-07-27T16:31:41.581666+00:00,260fa76b,ladder,94f9d214-nor-recolor,train,94f9d214-nor-recolor:train,1ec2af72c0aa974e,9,nor-L0,5,LEARN,d3/pool150/arity3/clim2000000:immediate/slim1:immediate,BottomUpSearchEngine/const=finite-enumerate-scalars/fill=none/poly=monomorphize/allow=0,GreedyMDLLearnEngine,AntiunifyPairs,CompressionMetric,5,2,0,ProgramSize,runs/2026-07-27/20260727_163141_d3911a32d39dae64,True,,,,,,0,
4d368fe3d615658f,2026-07-27,2026-07-27T16:31:47.758562+00:00,260fa76b,ladder,fafffa47-nor-recolor,train,fafffa47-nor-recolor:train,3b5419b493bf92c9,9,nor-L0,5,LEARN,d3/pool150/arity3/clim2000000:immediate/slim1:immediate,BottomUpSearchEngine/const=finite-enumerate-scalars/fill=none/poly=monomorphize/allow=0,GreedyMDLLearnEngine,AntiunifyPairs,CompressionMetric,5,2,0,ProgramSize,runs/2026-07-27/20260727_163147_4d368fe3d615658f,True,,,,,,0,
5553ed8cd524c66e,2026-07-27,2026-07-27T16:34:28.514869+00:00,260fa76b,ladder,dae9d2b5-split-halves-lean,train,dae9d2b5-split-halves-lean:train,008e87283521d661,5,dae9d2b5-split-L0+abs0+abs1,6,SEARCH,d3/pool150/arity3/clim2000000:immediate/slim1:immediate,BottomUpSearchEngine/const=finite-enumerate-scalars/fill=none/poly=monomorphize/allow=0,-,-,-,-,2,0,ProgramSize,runs/2026-07-27/20260727_163428_5553ed8cd524c66e,True,5,5,288143,False,True,18.999,
01df9553d0731b06,2026-07-27,2026-07-27T16:34:47.539962+00:00,260fa76b,ladder,dae9d2b5-split-halves-lean,heldout,dae9d2b5-split-halves-lean:heldout,0cb44d63f4cab7ed,3,dae9d2b5-split-L0+abs0+abs1,6,SEARCH,d3/pool150/arity3/clim2000000:immediate/slim1:immediate,BottomUpSearchEngine/const=finite-enumerate-scalars/fill=none/poly=monomorphize/allow=0,-,-,-,-,2,0,ProgramSize,runs/2026-07-27/20260727_163447_01df9553d0731b06,True,3,3,287838,False,True,10.706,
e83403a22b944792,2026-07-27,2026-07-27T16:34:58.265580+00:00,260fa76b,ladder,dae9d2b5-split-halves-lean,train,dae9d2b5-split-halves-lean:train,008e87283521d661,5,dae9d2b5-split-L0+east,5,SEARCH,d3/pool30/arity3/clim2000000:immediate/slim1:immediate,BottomUpSearchEngine/const=finite-enumerate-scalars/fill=none/poly=monomorphize/allow=0,-,-,-,-,2,0,ProgramSize,runs/2026-07-27/20260727_163458_e83403a22b944792,True,4,5,24356,False,True,1.419,
1e1d569e8f7bb071,2026-07-27,2026-07-27T16:35:00.220331+00:00,260fa76b,ladder,dae9d2b5-split-asym-lean,train,dae9d2b5-split-asym-lean:train,4967810e675d0568,7,dae9d2b5-split-L0,4,SEARCH,d2/pool30/arity3/clim2000000:immediate/slim1:immediate,BottomUpSearchEngine/const=finite-enumerate-scalars/fill=none/poly=monomorphize/allow=0,-,-,-,-,2,0,ProgramSize,runs/2026-07-27/20260727_163500_1e1d569e8f7bb071,True,4,7,39543,False,True,2.208,
0b6edacc0728e363,2026-07-27,2026-07-27T16:35:02.446307+00:00,260fa76b,ladder,dae9d2b5-split-asym-lean,train,dae9d2b5-split-asym-lean:train,4967810e675d0568,7,dae9d2b5-split-L0+west,5,SEARCH,d2/pool30/arity3/clim2000000:immediate/slim1:immediate,BottomUpSearchEngine/const=finite-enumerate-scalars/fill=none/poly=monomorphize/allow=0,-,-,-,-,2,0,ProgramSize,runs/2026-07-27/20260727_163502_0b6edacc0728e363,True,6,7,38037,False,True,1.978,
0df86d0422ae6b36,2026-07-27,2026-07-27T16:35:04.443845+00:00,260fa76b,ladder,dae9d2b5-split-asym-lean,train,dae9d2b5-split-asym-lean:train,4967810e675d0568,7,dae9d2b5-split-L0+west+east,6,SEARCH,d2/pool30/arity3/clim2000000:immediate/slim1:immediate,BottomUpSearchEngine/const=finite-enumerate-scalars/fill=none/poly=monomorphize/allow=0,-,-,-,-,2,0,ProgramSize,runs/2026-07-27/20260727_163504_0df86d0422ae6b36,True,6,7,38031,False,True,1.611,
8aaf60b9c1f7ba5c,2026-07-27,2026-07-27T16:35:06.073328+00:00,260fa76b,ladder,dae9d2b5-split-asym-lean,train,dae9d2b5-split-asym-lean:train,4967810e675d0568,7,dae9d2b5-split-L0+west+east+recolored_west,7,SEARCH,d3/pool150/arity3/clim2000000:immediate/slim1:immediate,BottomUpSearchEngine/const=finite-enumerate-scalars/fill=none/poly=monomorphize/allow=0,-,-,-,-,2,0,ProgramSize,runs/2026-07-27/20260727_163506_8aaf60b9c1f7ba5c,True,7,7,313242,False,True,19.582,
d916a2ee34bd947d,2026-07-27,2026-07-27T16:35:25.684410+00:00,260fa76b,ladder,dae9d2b5-split-asym-lean,train,dae9d2b5-split-asym-lean:train,4967810e675d0568,7,dae9d2b5-split-L0,4,LEARN,d2/pool30/arity3/clim2000000:immediate/slim1:immediate,BottomUpSearchEngine/const=finite-enumerate-scalars/fill=none/poly=monomorphize/allow=0,GreedyMDLLearnEngine,AntiunifyPairs,CompressionMetric,5,2,0,ProgramSize,runs/2026-07-27/20260727_163525_d916a2ee34bd947d,True,,,,,,0,
7dcba37852261793,2026-07-27,2026-07-27T16:35:30.699756+00:00,260fa76b,ladder,dae9d2b5-split-asym-lean,train,dae9d2b5-split-asym-lean:train,4967810e675d0568,7,dae9d2b5-split-L0+abs0+abs1+abs2,7,SEARCH,d2/pool30/arity3/clim2000000:immediate/slim1:immediate,BottomUpSearchEngine/const=finite-enumerate-scalars/fill=none/poly=monomorphize/allow=0,-,-,-,-,2,0,ProgramSize,runs/2026-07-27/20260727_163530_7dcba37852261793,True,6,7,21035,False,True,0.929,
0cfe92f4803f94dd,2026-07-27,2026-07-27T16:35:31.645191+00:00,260fa76b,ladder,dae9d2b5-split-asym-lean,heldout,dae9d2b5-split-asym-lean:heldout,38cbea6cade22165,4,dae9d2b5-split-L0+abs0+abs1+abs2,7,SEARCH,d2/pool30/arity3/clim2000000:immediate/slim1:immediate,BottomUpSearchEngine/const=finite-enumerate-scalars/fill=none/poly=monomorphize/allow=0,-,-,-,-,2,0,ProgramSize,runs/2026-07-27/20260727_163531_0cfe92f4803f94dd,True,3,4,20576,False,True,0.555,
7be243bdd8b38462,2026-07-27,2026-07-27T16:35:32.216467+00:00,260fa76b,ladder,dae9d2b5-split-asym-lean,train,dae9d2b5-split-asym-lean:train,4967810e675d0568,7,dae9d2b5-split-L0+recolored_west,5,SEARCH,d2/pool30/arity3/clim2000000:immediate/slim1:immediate,BottomUpSearchEngine/const=finite-enumerate-scalars/fill=none/poly=monomorphize/allow=0,-,-,-,-,2,0,ProgramSize,runs/2026-07-27/20260727_163532_7be243bdd8b38462,True,6,7,21045,False,True,1.281,
488a9742fc5b28c0,2026-07-27,2026-07-27T16:35:49.038374+00:00,260fa76b,ladder,94f9d214-nor-recolor,train,94f9d214-nor-recolor:train,1ec2af72c0aa974e,9,nor-L0+abs0+abs1+abs2+abs3+abs4+abs5+abs6+abs7+abs8+abs9+abs10+abs11+abs12+abs13+abs14+abs15,21,SEARCH,d3/pool150/arity3/clim2000000:immediate/slim1:immediate,BottomUpSearchEngine/const=finite-enumerate-scalars/fill=none/poly=monomorphize/allow=0,-,-,-,-,2,0,ProgramSize,runs/2026-07-27/20260727_163549_488a9742fc5b28c0,True,9,9,562819,False,True,22.557,
0e1134e841991441,2026-07-27,2026-07-27T16:36:11.617656+00:00,260fa76b,ladder,94f9d214-nor-recolor,heldout,94f9d214-nor-recolor:heldout,9e42aeb3c1ff260d,5,nor-L0+abs0+abs1+abs2+abs3+abs4+abs5+abs6+abs7+abs8+abs9+abs10+abs11+abs12+abs13+abs14+abs15,21,SEARCH,d3/pool150/arity3/clim2000000:immediate/slim1:immediate,BottomUpSearchEngine/const=finite-enumerate-scalars/fill=none/poly=monomorphize/allow=0,-,-,-,-,2,0,ProgramSize,runs/2026-07-27/20260727_163611_0e1134e841991441,True,5,5,561758,False,True,17.504,
20fde0cdc96a8f30,2026-07-27,2026-07-27T16:36:29.144392+00:00,260fa76b,ladder,94f9d214-nor-recolor,train,94f9d214-nor-recolor:train,1ec2af72c0aa974e,9,nor-L0+recolored_south,6,SEARCH,d3/pool30/arity3/clim2000000:immediate/slim1:immediate,BottomUpSearchEngine/const=finite-enumerate-scalars/fill=none/poly=monomorphize/allow=0,-,-,-,-,2,0,ProgramSize,runs/2026-07-27/20260727_163629_20fde0cdc96a8f30,True,6,9,58004,False,True,1.936,
e54a715f27fba43b,2026-07-27,2026-07-27T16:36:31.101691+00:00,260fa76b,ladder,94f9d214-nor-recolor,raw-arm,94f9d214-nor-recolor:train:raw-arm,43d11b15fe3b3e72,1,nor-L0,5,SEARCH,d5/pool200000/arity3/clim5231740:immediate/slim1:immediate,BottomUpSearchEngine/const=finite-enumerate-scalars/fill=none/poly=monomorphize/allow=0,-,-,-,-,2,0,ProgramSize,runs/2026-07-27/20260727_163631_e54a715f27fba43b,True,0,1,5231740,True,False,291.231,
465a0f4dbb8e3a5d,2026-07-27,2026-07-27T16:36:32.930565+00:00,260fa76b,ladder,fafffa47-nor-recolor,train,fafffa47-nor-recolor:train,3b5419b493bf92c9,9,nor-L0+abs0+abs1+abs2+abs3+abs4+abs5+abs6+abs7+abs8+abs9+abs10+abs11+abs12+abs13+abs14+abs15,21,SEARCH,d3/pool150/arity3/clim2000000:immediate/slim1:immediate,BottomUpSearchEngine/const=finite-enumerate-scalars/fill=none/poly=monomorphize/allow=0,-,-,-,-,2,0,ProgramSize,runs/2026-07-27/20260727_163632_465a0f4dbb8e3a5d,True,9,9,562671,False,True,25.962,
3c2c32271e378e2b,2026-07-27,2026-07-27T16:36:58.927398+00:00,260fa76b,ladder,fafffa47-nor-recolor,heldout,fafffa47-nor-recolor:heldout,0ca2efad9f36fd9f,5,nor-L0+abs0+abs1+abs2+abs3+abs4+abs5+abs6+abs7+abs8+abs9+abs10+abs11+abs12+abs13+abs14+abs15,21,SEARCH,d3/pool150/arity3/clim2000000:immediate/slim1:immediate,BottomUpSearchEngine/const=finite-enumerate-scalars/fill=none/poly=monomorphize/allow=0,-,-,-,-,2,0,ProgramSize,runs/2026-07-27/20260727_163658_3c2c32271e378e2b,True,5,5,561580,False,True,17.149,
6df3cdbdb8e23188,2026-07-27,2026-07-27T16:37:16.099690+00:00,260fa76b,ladder,fafffa47-nor-recolor,train,fafffa47-nor-recolor:train,3b5419b493bf92c9,9,nor-L0+recolored_south,6,SEARCH,d3/pool30/arity3/clim2000000:immediate/slim1:immediate,BottomUpSearchEngine/const=finite-enumerate-scalars/fill=none/poly=monomorphize/allow=0,-,-,-,-,2,0,ProgramSize,runs/2026-07-27/20260727_163716_6df3cdbdb8e23188,True,6,9,67322,False,True,2.601,
613c51329fb86709,2026-07-27,2026-07-27T16:37:18.722986+00:00,260fa76b,ladder,fafffa47-nor-recolor,raw-arm,fafffa47-nor-recolor:train:raw-arm,adc4d1a6da003cd6,1,nor-L0,5,SEARCH,d5/pool200000/arity3/clim5237270:immediate/slim1:immediate,BottomUpSearchEngine/const=finite-enumerate-scalars/fill=none/poly=monomorphize/allow=0,-,-,-,-,2,0,ProgramSize,runs/2026-07-27/20260727_163718_613c51329fb86709,True,0,1,5237270,True,False,349.48,
ed0724033f9763cc,2026-07-27,2026-07-27T16:41:23.772555+00:00,260fa76b,ladder,94f9d214-nor-halves,train,94f9d214-nor-halves:train,dd4e63867ec7c4f6,5,nor-L0+north,6,SEARCH,d2/pool30/arity3/clim2000000:immediate/slim1:immediate,BottomUpSearchEngine/const=finite-enumerate-scalars/fill=none/poly=monomorphize/allow=0,-,-,-,-,2,0,ProgramSize,runs/2026-07-27/20260727_164123_ed0724033f9763cc,True,4,5,14181,False,True,0.566,
f1f46ac3a09e6ac5,2026-07-27,2026-07-27T16:41:23.100415+00:00,260fa76b,ladder,94f9d214-nor-halves,train,94f9d214-nor-halves:train,dd4e63867ec7c4f6,5,nor-L0,5,SEARCH,d2/pool30/arity3/clim2000000:immediate/slim1:immediate,BottomUpSearchEngine/const=finite-enumerate-scalars/fill=none/poly=monomorphize/allow=0,-,-,-,-,2,0,ProgramSize,runs/2026-07-27/20260727_164123_f1f46ac3a09e6ac5,True,4,5,14185,False,True,0.646,
0299175e19df43c8,2026-07-27,2026-07-27T16:41:24.359055+00:00,260fa76b,ladder,94f9d214-nor-halves,train,94f9d214-nor-halves:train,dd4e63867ec7c4f6,5,nor-L0+north+south,7,SEARCH,d4/pool750/arity3/clim2000000:immediate/slim1:immediate,BottomUpSearchEngine/const=finite-enumerate-scalars/fill=none/poly=monomorphize/allow=0,-,-,-,-,2,0,ProgramSize,runs/2026-07-27/20260727_164124_0299175e19df43c8,True,4,5,2001014,True,True,100.015,
2d5aa49b6ebf28b6,2026-07-27,2026-07-27T16:43:04.410913+00:00,260fa76b,ladder,94f9d214-nor-halves,train,94f9d214-nor-halves:train,dd4e63867ec7c4f6,5,nor-L0,5,LEARN,d3/pool150/arity3/clim2000000:immediate/slim1:immediate,BottomUpSearchEngine/const=finite-enumerate-scalars/fill=none/poly=monomorphize/allow=0,GreedyMDLLearnEngine,AntiunifyPairs,CompressionMetric,5,2,0,ProgramSize,runs/2026-07-27/20260727_164304_2d5aa49b6ebf28b6,True,,,,,,0,
c8947371140b122a,2026-07-27,2026-07-27T16:43:08.965525+00:00,260fa76b,ladder,fafffa47-nor-halves,train,fafffa47-nor-halves:train,251ad027f74f6d69,5,nor-L0,5,SEARCH,d2/pool30/arity3/clim2000000:immediate/slim1:immediate,BottomUpSearchEngine/const=finite-enumerate-scalars/fill=none/poly=monomorphize/allow=0,-,-,-,-,2,0,ProgramSize,runs/2026-07-27/20260727_164308_c8947371140b122a,True,4,5,22323,False,True,1.345,
06747f5253225076,2026-07-27,2026-07-27T16:43:10.330914+00:00,260fa76b,ladder,fafffa47-nor-halves,train,fafffa47-nor-halves:train,251ad027f74f6d69,5,nor-L0+north,6,SEARCH,d2/pool30/arity3/clim2000000:immediate/slim1:immediate,BottomUpSearchEngine/const=finite-enumerate-scalars/fill=none/poly=monomorphize/allow=0,-,-,-,-,2,0,ProgramSize,runs/2026-07-27/20260727_164310_06747f5253225076,True,4,5,22321,False,True,1.088,
8ea526f68c0f0de9,2026-07-27,2026-07-27T16:43:11.437791+00:00,260fa76b,ladder,fafffa47-nor-halves,train,fafffa47-nor-halves:train,251ad027f74f6d69,5,nor-L0+north+south,7,SEARCH,d4/pool750/arity3/clim2000000:immediate/slim1:immediate,BottomUpSearchEngine/const=finite-enumerate-scalars/fill=none/poly=monomorphize/allow=0,-,-,-,-,2,0,ProgramSize,runs/2026-07-27/20260727_164311_8ea526f68c0f0de9,True,4,5,2001014,True,True,117.12,
77d752c36f9629a8,2026-07-27,2026-07-27T16:45:08.597978+00:00,260fa76b,ladder,fafffa47-nor-halves,train,fafffa47-nor-halves:train,251ad027f74f6d69,5,nor-L0,5,LEARN,d3/pool150/arity3/clim2000000:immediate/slim1:immediate,BottomUpSearchEngine/const=finite-enumerate-scalars/fill=none/poly=monomorphize/allow=0,GreedyMDLLearnEngine,AntiunifyPairs,CompressionMetric,5,2,0,ProgramSize,runs/2026-07-27/20260727_164508_77d752c36f9629a8,True,,,,,,0,
cb137e96cf6caa14,2026-07-27,2026-07-27T16:45:58.553767+00:00,260fa76b,ladder,94f9d214-nor-halves,train,94f9d214-nor-halves:train,dd4e63867ec7c4f6,5,nor-L0+abs0+abs1,7,SEARCH,d3/pool150/arity3/clim2000000:immediate/slim1:immediate,BottomUpSearchEngine/const=finite-enumerate-scalars/fill=none/poly=monomorphize/allow=0,-,-,-,-,2,0,ProgramSize,runs/2026-07-27/20260727_164558_cb137e96cf6caa14,True,4,5,2001014,True,True,66.541,
b3deba9f3179b702,2026-07-27,2026-07-27T16:47:05.128038+00:00,260fa76b,ladder,94f9d214-nor-halves,heldout,94f9d214-nor-halves:heldout,25c536151fa1578f,3,nor-L0+abs0+abs1,7,SEARCH,d3/pool150/arity3/clim2000000:immediate/slim1:immediate,BottomUpSearchEngine/const=finite-enumerate-scalars/fill=none/poly=monomorphize/allow=0,-,-,-,-,2,0,ProgramSize,runs/2026-07-27/20260727_164705_b3deba9f3179b702,True,2,3,2000507,True,True,55.794,
ee256a5081ff62c2,2026-07-27,2026-07-27T16:48:00.961235+00:00,260fa76b,ladder,94f9d214-nor-halves,train,94f9d214-nor-halves:train,dd4e63867ec7c4f6,5,nor-L0+south,6,SEARCH,d3/pool30/arity3/clim2000000:immediate/slim1:immediate,BottomUpSearchEngine/const=finite-enumerate-scalars/fill=none/poly=monomorphize/allow=0,-,-,-,-,2,0,ProgramSize,runs/2026-07-27/20260727_164800_ee256a5081ff62c2,True,4,5,16740,False,True,0.624,
292b2b78b5a36b2d,2026-07-27,2026-07-27T16:48:33.279597+00:00,260fa76b,ladder,fafffa47-nor-halves,train,fafffa47-nor-halves:train,251ad027f74f6d69,5,nor-L0+abs0+abs1,7,SEARCH,d3/pool150/arity3/clim2000000:immediate/slim1:immediate,BottomUpSearchEngine/const=finite-enumerate-scalars/fill=none/poly=monomorphize/allow=0,-,-,-,-,2,0,ProgramSize,runs/2026-07-27/20260727_164833_292b2b78b5a36b2d,True,4,5,2001014,True,True,76.315,
612ea3ddd8f3fa9a,2026-07-27,2026-07-27T16:49:49.635565+00:00,260fa76b,ladder,fafffa47-nor-halves,heldout,fafffa47-nor-halves:heldout,8eceb58c74f3d769,3,nor-L0+abs0+abs1,7,SEARCH,d3/pool150/arity3/clim2000000:immediate/slim1:immediate,BottomUpSearchEngine/const=finite-enumerate-scalars/fill=none/poly=monomorphize/allow=0,-,-,-,-,2,0,ProgramSize,runs/2026-07-27/20260727_164949_612ea3ddd8f3fa9a,True,2,3,2000507,True,True,55.642,
e101b7a10d48f686,2026-07-27,2026-07-27T16:50:45.310993+00:00,260fa76b,ladder,fafffa47-nor-halves,train,fafffa47-nor-halves:train,251ad027f74f6d69,5,nor-L0+south,6,SEARCH,d3/pool30/arity3/clim2000000:immediate/slim1:immediate,BottomUpSearchEngine/const=finite-enumerate-scalars/fill=none/poly=monomorphize/allow=0,-,-,-,-,2,0,ProgramSize,runs/2026-07-27/20260727_165045_e101b7a10d48f686,True,4,5,26058,False,True,1.208,
052ecbd55da8fa27,2026-07-27,2026-07-27T18:03:16.463345+00:00,260fa76b,ladder,dae9d2b5-split-asym-lean,train,dae9d2b5-split-asym-lean:train,4967810e675d0568,7,dae9d2b5-split-L0,4,LEARN,d3/pool150/arity3/clim2000000:immediate/slim1:immediate,BottomUpSearchEngine/const=finite-enumerate-scalars/fill=none/poly=monomorphize/allow=0,GreedyMDLLearnEngine,AntiunifyPairs,CompressionMetric,5,2,0,ProgramSize,runs/2026-07-27/20260727_180316_052ecbd55da8fa27,True,,,,,,0,
9c38928ccf904e8b,2026-07-27,2026-07-27T18:06:28.141608+00:00,260fa76b,ladder,dae9d2b5-split-asym-lean,train,dae9d2b5-split-asym-lean:train,4967810e675d0568,7,dae9d2b5-split-L0+abs0+abs1+abs2,7,SEARCH,d3/pool150/arity3/clim2000000:immediate/slim1:immediate,BottomUpSearchEngine/const=finite-enumerate-scalars/fill=none/poly=monomorphize/allow=0,-,-,-,-,2,0,ProgramSize,runs/2026-07-27/20260727_180628_9c38928ccf904e8b,True,7,7,313100,False,True,19.609,
b5026f4940b03f71,2026-07-27,2026-07-27T18:06:47.776146+00:00,260fa76b,ladder,dae9d2b5-split-asym-lean,heldout,dae9d2b5-split-asym-lean:heldout,38cbea6cade22165,4,dae9d2b5-split-L0+abs0+abs1+abs2,7,SEARCH,d3/pool150/arity3/clim2000000:immediate/slim1:immediate,BottomUpSearchEngine/const=finite-enumerate-scalars/fill=none/poly=monomorphize/allow=0,-,-,-,-,2,0,ProgramSize,runs/2026-07-27/20260727_180647_b5026f4940b03f71,True,4,4,312641,False,True,10.729,
525897a0b2f35e07,2026-07-27,2026-07-27T18:06:58.527456+00:00,260fa76b,ladder,dae9d2b5-split-asym-lean,train,dae9d2b5-split-asym-lean:train,4967810e675d0568,7,dae9d2b5-split-L0+recolored_west,5,SEARCH,d3/pool30/arity3/clim2000000:immediate/slim1:immediate,BottomUpSearchEngine/const=finite-enumerate-scalars/fill=none/poly=monomorphize/allow=0,-,-,-,-,2,0,ProgramSize,runs/2026-07-27/20260727_180658_525897a0b2f35e07,True,6,7,24684,False,True,1.347,
3738b67bdf034a10,2026-07-27,2026-07-27T18:37:26.599467+00:00,1b43b3a4,probe,94f9d214-nor-merged,probe,probe:94f9d214-nor-merged:nor-L0:recolored_north-00,d123053226fe7e12,1,nor-L0,5,SEARCH,d2/pool30/arity3/clim2000000:immediate/slim1:immediate,BottomUpSearchEngine/const=finite-enumerate-scalars/fill=none/poly=monomorphize/allow=0,-,-,-,-,2,0,ProgramSize,runs/2026-07-27/20260727_183726_3738b67bdf034a10,True,0,1,21277,False,False,1.148,
79e12289a4064a05,2026-07-27,2026-07-27T18:37:26.576883+00:00,1b43b3a4,probe,94f9d214-nor-merged,probe,probe:94f9d214-nor-merged:nor-L0:north-01,8150e7becab54504,1,nor-L0,5,SEARCH,d2/pool30/arity3/clim2000000:immediate/slim1:immediate,BottomUpSearchEngine/const=finite-enumerate-scalars/fill=none/poly=monomorphize/allow=0,-,-,-,-,2,0,ProgramSize,runs/2026-07-27/20260727_183726_79e12289a4064a05,True,1,1,261,False,True,0.007,
c6832e3f0fca0c81,2026-07-27,2026-07-27T18:37:26.561230+00:00,1b43b3a4,probe,94f9d214-nor-merged,pruned,probe:94f9d214-nor-merged:nor-L0:pruned:north-00,58ce153e1bf20b0a,1,nor-L0:pruned,2,SEARCH,d2/pool30/arity3/clim2000000:immediate/slim1:immediate,BottomUpSearchEngine/const=finite-enumerate-scalars/fill=none/poly=monomorphize/allow=1,-,-,-,-,2,0,ProgramSize,runs/2026-07-27/20260727_183726_c6832e3f0fca0c81,True,1,1,4,False,True,0.001,
d25b543b4a944a60,2026-07-27,2026-07-27T18:37:26.535173+00:00,1b43b3a4,probe,94f9d214-nor-merged,probe,probe:94f9d214-nor-merged:nor-L0:north-00,58ce153e1bf20b0a,1,nor-L0,5,SEARCH,d2/pool30/arity3/clim2000000:immediate/slim1:immediate,BottomUpSearchEngine/const=finite-enumerate-scalars/fill=none/poly=monomorphize/allow=0,-,-,-,-,2,0,ProgramSize,runs/2026-07-27/20260727_183726_d25b543b4a944a60,True,1,1,261,False,True,0.007,
38f76e7d220fadfb,2026-07-27,2026-07-27T18:37:27.768124+00:00,1b43b3a4,probe,94f9d214-nor-merged,probe,probe:94f9d214-nor-merged:nor-L0:recolored_north-01,55bd9fd9c3eb51b4,1,nor-L0,5,SEARCH,d2/pool30/arity3/clim2000000:immediate/slim1:immediate,BottomUpSearchEngine/const=finite-enumerate-scalars/fill=none/poly=monomorphize/allow=0,-,-,-,-,2,0,ProgramSize,runs/2026-07-27/20260727_183727_38f76e7d220fadfb,True,0,1,13139,False,False,0.505,
20a343e238685467,2026-07-27,2026-07-27T18:37:28.316318+00:00,1b43b3a4,probe,94f9d214-nor-merged,pruned,probe:94f9d214-nor-merged:nor-L0+north:pruned:south-00,5418599b0823434c,1,nor-L0+north:pruned,2,SEARCH,d2/pool30/arity3/clim2000000:immediate/slim1:immediate,BottomUpSearchEngine/const=finite-enumerate-scalars/fill=none/poly=monomorphize/allow=1,-,-,-,-,2,0,ProgramSize,runs/2026-07-27/20260727_183728_20a343e238685467,True,1,1,4,False,True,0.001,
560826443970e539,2026-07-27,2026-07-27T18:37:28.293236+00:00,1b43b3a4,probe,94f9d214-nor-merged,probe,probe:94f9d214-nor-merged:nor-L0+north:south-00,5418599b0823434c,1,nor-L0+north,6,SEARCH,d2/pool30/arity3/clim2000000:immediate/slim1:immediate,BottomUpSearchEngine/const=finite-enumerate-scalars/fill=none/poly=monomorphize/allow=0,-,-,-,-,2,0,ProgramSize,runs/2026-07-27/20260727_183728_560826443970e539,True,1,1,263,False,True,0.007,
68c74c5f62fa87dd,2026-07-27,2026-07-27T18:37:28.604469+00:00,1b43b3a4,probe,94f9d214-nor-merged,probe,probe:94f9d214-nor-merged:nor-L0+north:recolored_south-01,d92a36f7c5d8d7f7,1,nor-L0+north,6,SEARCH,d2/pool30/arity3/clim2000000:immediate/slim1:immediate,BottomUpSearchEngine/const=finite-enumerate-scalars/fill=none/poly=monomorphize/allow=0,-,-,-,-,2,0,ProgramSize,runs/2026-07-27/20260727_183728_68c74c5f62fa87dd,True,0,1,13149,False,False,0.416,
96b8dbd36c8d8767,2026-07-27,2026-07-27T18:37:28.334657+00:00,1b43b3a4,probe,94f9d214-nor-merged,probe,probe:94f9d214-nor-merged:nor-L0+north:south-01,fab57a0f35794240,1,nor-L0+north,6,SEARCH,d2/pool30/arity3/clim2000000:immediate/slim1:immediate,BottomUpSearchEngine/const=finite-enumerate-scalars/fill=none/poly=monomorphize/allow=0,-,-,-,-,2,0,ProgramSize,runs/2026-07-27/20260727_183728_96b8dbd36c8d8767,True,1,1,263,False,True,0.007,
ab7cce97ef0c3f0d,2026-07-27,2026-07-27T18:37:28.358967+00:00,1b43b3a4,probe,94f9d214-nor-merged,probe,probe:94f9d214-nor-merged:nor-L0+north:recolored_south-00,bcacd71d34a881da,1,nor-L0+north,6,SEARCH,d2/pool30/arity3/clim2000000:immediate/slim1:immediate,BottomUpSearchEngine/const=finite-enumerate-scalars/fill=none/poly=monomorphize/allow=0,-,-,-,-,2,0,ProgramSize,runs/2026-07-27/20260727_183728_ab7cce97ef0c3f0d,True,0,1,7489,False,False,0.227,
254e94bfaa4b6399,2026-07-27,2026-07-27T18:37:29.625586+00:00,1b43b3a4,probe,94f9d214-nor-merged,pruned,probe:94f9d214-nor-merged:nor-L0+north+south:pruned:recolored_north-00,d123053226fe7e12,1,nor-L0+north+south:pruned,2,SEARCH,d2/pool30/arity3/clim2000000:immediate/slim1:immediate,BottomUpSearchEngine/const=finite-enumerate-scalars/fill=none/poly=monomorphize/allow=2,-,-,-,-,2,0,ProgramSize,runs/2026-07-27/20260727_183729_254e94bfaa4b6399,True,1,1,11,False,True,0.001,
565852d893d075aa,2026-07-27,2026-07-27T18:37:29.989135+00:00,1b43b3a4,probe,94f9d214-nor-merged,probe,probe:94f9d214-nor-merged:nor-L0+north+south:merged-00,1de537d121eaa834,1,nor-L0+north+south,7,SEARCH,d2/pool30/arity3/clim2000000:immediate/slim1:immediate,BottomUpSearchEngine/const=finite-enumerate-scalars/fill=none/poly=monomorphize/allow=0,-,-,-,-,2,0,ProgramSize,runs/2026-07-27/20260727_183729_565852d893d075aa,True,0,1,21301,False,False,0.621,
8174fad088726cfa,2026-07-27,2026-07-27T18:37:29.641125+00:00,1b43b3a4,probe,94f9d214-nor-merged,probe,probe:94f9d214-nor-merged:nor-L0+north+south:recolored_north-01,55bd9fd9c3eb51b4,1,nor-L0+north+south,7,SEARCH,d2/pool30/arity3/clim2000000:immediate/slim1:immediate,BottomUpSearchEngine/const=finite-enumerate-scalars/fill=none/poly=monomorphize/allow=0,-,-,-,-,2,0,ProgramSize,runs/2026-07-27/20260727_183729_8174fad088726cfa,True,1,1,11374,False,True,0.332,
8b03e6338bda5c81,2026-07-27,2026-07-27T18:37:29.037300+00:00,1b43b3a4,probe,94f9d214-nor-merged,probe,probe:94f9d214-nor-merged:nor-L0+north+south:recolored_north-00,d123053226fe7e12,1,nor-L0+north+south,7,SEARCH,d2/pool30/arity3/clim2000000:immediate/slim1:immediate,BottomUpSearchEngine/const=finite-enumerate-scalars/fill=none/poly=monomorphize/allow=0,-,-,-,-,2,0,ProgramSize,runs/2026-07-27/20260727_183729_8b03e6338bda5c81,True,1,1,19112,False,True,0.572,
a932c76162f3393d,2026-07-27,2026-07-27T18:37:30.626641+00:00,1b43b3a4,probe,94f9d214-nor-merged,probe,probe:94f9d214-nor-merged:nor-L0+north+south:merged-01,b9be5a766bc53a02,1,nor-L0+north+south,7,SEARCH,d2/pool30/arity3/clim2000000:immediate/slim1:immediate,BottomUpSearchEngine/const=finite-enumerate-scalars/fill=none/poly=monomorphize/allow=0,-,-,-,-,2,0,ProgramSize,runs/2026-07-27/20260727_183730_a932c76162f3393d,True,0,1,13159,False,False,0.371,
259de09dc09dbfe5,2026-07-27,2026-07-27T18:37:31.199119+00:00,1b43b3a4,probe,94f9d214-nor-merged,probe,probe:94f9d214-nor-merged:nor-L0+north+south+recolored_north:recolored_south-01,d92a36f7c5d8d7f7,1,nor-L0+north+south+recolored_north,8,SEARCH,d2/pool30/arity3/clim2000000:immediate/slim1:immediate,BottomUpSearchEngine/const=finite-enumerate-scalars/fill=none/poly=monomorphize/allow=0,-,-,-,-,2,0,ProgramSize,runs/2026-07-27/20260727_183731_259de09dc09dbfe5,True,1,1,11455,False,True,0.381,
29ab3be7a24429a3,2026-07-27,2026-07-27T18:37:31.183478+00:00,1b43b3a4,probe,94f9d214-nor-merged,pruned,probe:94f9d214-nor-merged:nor-L0+north+south+recolored_north:pruned:recolored_south-00,bcacd71d34a881da,1,nor-L0+north+south+recolored_north:pruned,2,SEARCH,d2/pool30/arity3/clim2000000:immediate/slim1:immediate,BottomUpSearchEngine/const=finite-enumerate-scalars/fill=none/poly=monomorphize/allow=2,-,-,-,-,2,0,ProgramSize,runs/2026-07-27/20260727_183731_29ab3be7a24429a3,True,1,1,10,False,True,0.001,
de822d4d7f1dad00,2026-07-27,2026-07-27T18:37:31.596231+00:00,1b43b3a4,probe,94f9d214-nor-merged,probe,probe:94f9d214-nor-merged:nor-L0+north+south+recolored_north:merged-00,1de537d121eaa834,1,nor-L0+north+south+recolored_north,8,SEARCH,d2/pool30/arity3/clim2000000:immediate/slim1:immediate,BottomUpSearchEngine/const=finite-enumerate-scalars/fill=none/poly=monomorphize/allow=0,-,-,-,-,2,0,ProgramSize,runs/2026-07-27/20260727_183731_de822d4d7f1dad00,True,0,1,21313,False,False,0.564,
fe3f623c31db0c60,2026-07-27,2026-07-27T18:37:31.014605+00:00,1b43b3a4,probe,94f9d214-nor-merged,probe,probe:94f9d214-nor-merged:nor-L0+north+south+recolored_north:recolored_south-00,bcacd71d34a881da,1,nor-L0+north+south+recolored_north,8,SEARCH,d2/pool30/arity3/clim2000000:immediate/slim1:immediate,BottomUpSearchEngine/const=finite-enumerate-scalars/fill=none/poly=monomorphize/allow=0,-,-,-,-,2,0,ProgramSize,runs/2026-07-27/20260727_183731_fe3f623c31db0c60,True,1,1,6197,False,True,0.152,
244009ea52f3eb72,2026-07-27,2026-07-27T18:37:32.604507+00:00,1b43b3a4,probe,94f9d214-nor-merged,probe,probe:94f9d214-nor-merged:nor-L0+north+south+recolored_north+recolored_south:merged-01,b9be5a766bc53a02,1,nor-L0+north+south+recolored_north+recolored_south,9,SEARCH,d2/pool30/arity3/clim2000000:immediate/slim1:immediate,BottomUpSearchEngine/const=finite-enumerate-scalars/fill=none/poly=monomorphize/allow=0,-,-,-,-,2,0,ProgramSize,runs/2026-07-27/20260727_183732_244009ea52f3eb72,True,1,1,397,False,True,0.012,
660095dc21e58e8a,2026-07-27,2026-07-27T18:37:32.582249+00:00,1b43b3a4,probe,94f9d214-nor-merged,pruned,probe:94f9d214-nor-merged:nor-L0+north+south+recolored_north+recolored_south:pruned:merged-00,1de537d121eaa834,1,nor-L0+north+south+recolored_north+recolored_south:pruned,3,SEARCH,d2/pool30/arity3/clim2000000:immediate/slim1:immediate,BottomUpSearchEngine/const=finite-enumerate-scalars/fill=none/poly=monomorphize/allow=1,-,-,-,-,2,0,ProgramSize,runs/2026-07-27/20260727_183732_660095dc21e58e8a,True,1,1,14,False,True,0.002,
9470aa179ea99649,2026-07-27,2026-07-27T18:37:32.637408+00:00,1b43b3a4,probe,94f9d214-nor-merged,probe,probe:94f9d214-nor-merged:nor-L0+north+south+recolored_north+recolored_south:94f9d214,43d11b15fe3b3e72,1,nor-L0+north+south+recolored_north+recolored_south,9,SEARCH,d2/pool30/arity3/clim2000000:immediate/slim1:immediate,BottomUpSearchEngine/const=finite-enumerate-scalars/fill=none/poly=monomorphize/allow=0,-,-,-,-,2,0,ProgramSize,runs/2026-07-27/20260727_183732_9470aa179ea99649,True,0,1,13179,False,False,0.43,
ae6b6979b32ee1ef,2026-07-27,2026-07-27T18:37:32.553650+00:00,1b43b3a4,probe,94f9d214-nor-merged,probe,probe:94f9d214-nor-merged:nor-L0+north+south+recolored_north+recolored_south:merged-00,1de537d121eaa834,1,nor-L0+north+south+recolored_north+recolored_south,9,SEARCH,d2/pool30/arity3/clim2000000:immediate/slim1:immediate,BottomUpSearchEngine/const=finite-enumerate-scalars/fill=none/poly=monomorphize/allow=0,-,-,-,-,2,0,ProgramSize,runs/2026-07-27/20260727_183732_ae6b6979b32ee1ef,True,1,1,421,False,True,0.012,
c4304612c18474ec,2026-07-27,2026-07-27T18:37:32.178979+00:00,1b43b3a4,probe,94f9d214-nor-merged,probe,probe:94f9d214-nor-merged:nor-L0+north+south+recolored_north:merged-01,b9be5a766bc53a02,1,nor-L0+north+south+recolored_north,8,SEARCH,d2/pool30/arity3/clim2000000:immediate/slim1:immediate,BottomUpSearchEngine/const=finite-enumerate-scalars/fill=none/poly=monomorphize/allow=0,-,-,-,-,2,0,ProgramSize,runs/2026-07-27/20260727_183732_c4304612c18474ec,True,0,1,13169,False,False,0.354,
324dc248c9d22edc,2026-07-27,2026-07-27T18:39:48.285941+00:00,1b43b3a4,ladder,94f9d214-nor-merged,train,94f9d214-nor-merged:train,f21c8a90516d7774,11,nor-L0,5,SEARCH,d2/pool30/arity3/clim2000000:immediate/slim1:immediate,BottomUpSearchEngine/const=finite-enumerate-scalars/fill=none/poly=monomorphize/allow=0,-,-,-,-,2,0,ProgramSize,runs/2026-07-27/20260727_183948_324dc248c9d22edc,True,4,11,103637,False,True,3.797,
81a078cfb4e3e954,2026-07-27,2026-07-27T18:39:52.102425+00:00,1b43b3a4,ladder,94f9d214-nor-merged,train,94f9d214-nor-merged:train,f21c8a90516d7774,11,nor-L0+north,6,SEARCH,d2/pool30/arity3/clim2000000:immediate/slim1:immediate,BottomUpSearchEngine/const=finite-enumerate-scalars/fill=none/poly=monomorphize/allow=0,-,-,-,-,2,0,ProgramSize,runs/2026-07-27/20260727_183952_81a078cfb4e3e954,True,6,11,99741,False,True,3.221,
f8a61fa40f55750e,2026-07-27,2026-07-27T18:39:55.342314+00:00,1b43b3a4,ladder,94f9d214-nor-merged,train,94f9d214-nor-merged:train,f21c8a90516d7774,11,nor-L0+north+south,7,SEARCH,d2/pool30/arity3/clim2000000:immediate/slim1:immediate,BottomUpSearchEngine/const=finite-enumerate-scalars/fill=none/poly=monomorphize/allow=0,-,-,-,-,2,0,ProgramSize,runs/2026-07-27/20260727_183955_f8a61fa40f55750e,True,8,11,96769,False,True,2.798,
d65732d711762100,2026-07-27,2026-07-27T18:39:58.159343+00:00,1b43b3a4,ladder,94f9d214-nor-merged,train,94f9d214-nor-merged:train,f21c8a90516d7774,11,nor-L0+north+south+recolored_north,8,SEARCH,d2/pool30/arity3/clim2000000:immediate/slim1:immediate,BottomUpSearchEngine/const=finite-enumerate-scalars/fill=none/poly=monomorphize/allow=0,-,-,-,-,2,0,ProgramSize,runs/2026-07-27/20260727_183958_d65732d711762100,True,8,11,66823,False,True,1.78,
80c24d43aba523bc,2026-07-27,2026-07-27T18:39:59.959199+00:00,1b43b3a4,ladder,94f9d214-nor-merged,train,94f9d214-nor-merged:train,f21c8a90516d7774,11,nor-L0+north+south+recolored_north+recolored_south,9,SEARCH,d2/pool30/arity3/clim2000000:immediate/slim1:immediate,BottomUpSearchEngine/const=finite-enumerate-scalars/fill=none/poly=monomorphize/allow=0,-,-,-,-,2,0,ProgramSize,runs/2026-07-27/20260727_183959_80c24d43aba523bc,True,10,11,16029,False,True,0.43,
9a66276c7593a1ae,2026-07-27,2026-07-27T18:40:00.830548+00:00,1b43b3a4,ladder,94f9d214-nor-merged,train,94f9d214-nor-merged:train,f21c8a90516d7774,11,nor-L0,5,LEARN,d2/pool30/arity3/clim2000000:immediate/slim1:immediate,BottomUpSearchEngine/const=finite-enumerate-scalars/fill=none/poly=monomorphize/allow=0,GreedyMDLLearnEngine,AntiunifyPairs,CompressionMetric,5,2,0,ProgramSize,runs/2026-07-27/20260727_184000_9a66276c7593a1ae,True,,,,,,0,
f63afcd3a5de9119,2026-07-27,2026-07-27T18:40:00.408584+00:00,1b43b3a4,ladder,94f9d214-nor-merged,train,94f9d214-nor-merged:train,f21c8a90516d7774,11,nor-L0+north+south+recolored_north+recolored_south+merged,10,SEARCH,d2/pool30/arity3/clim2000000:immediate/slim1:immediate,BottomUpSearchEngine/const=finite-enumerate-scalars/fill=none/poly=monomorphize/allow=0,-,-,-,-,2,0,ProgramSize,runs/2026-07-27/20260727_184000_f63afcd3a5de9119,True,11,11,15189,False,True,0.4,
5a0e32a2ea51258a,2026-07-27,2026-07-27T18:40:08.281461+00:00,1b43b3a4,ladder,94f9d214-nor-merged,train,94f9d214-nor-merged:train,f21c8a90516d7774,11,nor-L0+abs0+abs1+abs2+abs3+abs4,10,SEARCH,d2/pool30/arity3/clim2000000:immediate/slim1:immediate,BottomUpSearchEngine/const=finite-enumerate-scalars/fill=none/poly=monomorphize/allow=0,-,-,-,-,2,0,ProgramSize,runs/2026-07-27/20260727_184008_5a0e32a2ea51258a,True,11,11,15189,False,True,0.393,
bfc7c606fdad0e44,2026-07-27,2026-07-27T18:40:08.691086+00:00,1b43b3a4,ladder,94f9d214-nor-merged,heldout,94f9d214-nor-merged:heldout,0f8c5bb5e5856d4a,6,nor-L0+abs0+abs1+abs2+abs3+abs4,10,SEARCH,d2/pool30/arity3/clim2000000:immediate/slim1:immediate,BottomUpSearchEngine/const=finite-enumerate-scalars/fill=none/poly=monomorphize/allow=0,-,-,-,-,2,0,ProgramSize,runs/2026-07-27/20260727_184008_bfc7c606fdad0e44,True,6,6,13925,False,True,0.313,
a1dc934f46b1e1dd,2026-07-27,2026-07-27T18:40:09.020979+00:00,1b43b3a4,ladder,94f9d214-nor-merged,train,94f9d214-nor-merged:train,f21c8a90516d7774,11,nor-L0+merged,6,SEARCH,d2/pool30/arity3/clim2000000:immediate/slim1:immediate,BottomUpSearchEngine/const=finite-enumerate-scalars/fill=none/poly=monomorphize/allow=0,-,-,-,-,2,0,ProgramSize,runs/2026-07-27/20260727_184009_a1dc934f46b1e1dd,True,8,11,68871,False,True,2.404,
292c34ddceecc48e,2026-07-27,2026-07-27T18:44:08.853594+00:00,1b43b3a4,probe,fafffa47-nor-merged,probe,probe:fafffa47-nor-merged:nor-L0:north-00,8d60787230b17ab3,1,nor-L0,5,SEARCH,d2/pool30/arity3/clim2000000:immediate/slim1:immediate,BottomUpSearchEngine/const=finite-enumerate-scalars/fill=none/poly=monomorphize/allow=0,-,-,-,-,2,0,ProgramSize,runs/2026-07-27/20260727_184408_292c34ddceecc48e,True,1,1,261,False,True,0.007,
8747dbb1870f18b0,2026-07-27,2026-07-27T18:44:08.891084+00:00,1b43b3a4,probe,fafffa47-nor-merged,probe,probe:fafffa47-nor-merged:nor-L0:north-01,7cd4f88dc9cbfce6,1,nor-L0,5,SEARCH,d2/pool30/arity3/clim2000000:immediate/slim1:immediate,BottomUpSearchEngine/const=finite-enumerate-scalars/fill=none/poly=monomorphize/allow=0,-,-,-,-,2,0,ProgramSize,runs/2026-07-27/20260727_184408_8747dbb1870f18b0,True,1,1,261,False,True,0.006,
8fa3ec36e858fbc1,2026-07-27,2026-07-27T18:44:08.914586+00:00,1b43b3a4,probe,fafffa47-nor-merged,probe,probe:fafffa47-nor-merged:nor-L0:recolored_north-00,3015d776cd1b44c4,1,nor-L0,5,SEARCH,d2/pool30/arity3/clim2000000:immediate/slim1:immediate,BottomUpSearchEngine/const=finite-enumerate-scalars/fill=none/poly=monomorphize/allow=0,-,-,-,-,2,0,ProgramSize,runs/2026-07-27/20260727_184408_8fa3ec36e858fbc1,True,0,1,21277,False,False,0.786,
eebfb231c5d030c9,2026-07-27,2026-07-27T18:44:08.876163+00:00,1b43b3a4,probe,fafffa47-nor-merged,pruned,probe:fafffa47-nor-merged:nor-L0:pruned:north-00,8d60787230b17ab3,1,nor-L0:pruned,2,SEARCH,d2/pool30/arity3/clim2000000:immediate/slim1:immediate,BottomUpSearchEngine/const=finite-enumerate-scalars/fill=none/poly=monomorphize/allow=1,-,-,-,-,2,0,ProgramSize,runs/2026-07-27/20260727_184408_eebfb231c5d030c9,True,1,1,4,False,True,0.001,
3436dfe0d0506678,2026-07-27,2026-07-27T18:44:09.715767+00:00,1b43b3a4,probe,fafffa47-nor-merged,probe,probe:fafffa47-nor-merged:nor-L0:recolored_north-01,32c68fea523dd68e,1,nor-L0,5,SEARCH,d2/pool30/arity3/clim2000000:immediate/slim1:immediate,BottomUpSearchEngine/const=finite-enumerate-scalars/fill=none/poly=monomorphize/allow=0,-,-,-,-,2,0,ProgramSize,runs/2026-07-27/20260727_184409_3436dfe0d0506678,True,0,1,13139,False,False,0.475,
148b0e97c97255dc,2026-07-27,2026-07-27T18:44:10.234368+00:00,1b43b3a4,probe,fafffa47-nor-merged,pruned,probe:fafffa47-nor-merged:nor-L0+north:pruned:south-00,81b1ec6ae3f331fe,1,nor-L0+north:pruned,2,SEARCH,d2/pool30/arity3/clim2000000:immediate/slim1:immediate,BottomUpSearchEngine/const=finite-enumerate-scalars/fill=none/poly=monomorphize/allow=1,-,-,-,-,2,0,ProgramSize,runs/2026-07-27/20260727_184410_148b0e97c97255dc,True,1,1,4,False,True,0.001,
1c1ee2a506733f5d,2026-07-27,2026-07-27T18:44:10.211100+00:00,1b43b3a4,probe,fafffa47-nor-merged,probe,probe:fafffa47-nor-merged:nor-L0+north:south-00,81b1ec6ae3f331fe,1,nor-L0+north,6,SEARCH,d2/pool30/arity3/clim2000000:immediate/slim1:immediate,BottomUpSearchEngine/const=finite-enumerate-scalars/fill=none/poly=monomorphize/allow=0,-,-,-,-,2,0,ProgramSize,runs/2026-07-27/20260727_184410_1c1ee2a506733f5d,True,1,1,263,False,True,0.007,
7ad1080f444d8c82,2026-07-27,2026-07-27T18:44:10.275890+00:00,1b43b3a4,probe,fafffa47-nor-merged,probe,probe:fafffa47-nor-merged:nor-L0+north:recolored_south-00,be37cf6455a52e8d,1,nor-L0+north,6,SEARCH,d2/pool30/arity3/clim2000000:immediate/slim1:immediate,BottomUpSearchEngine/const=finite-enumerate-scalars/fill=none/poly=monomorphize/allow=0,-,-,-,-,2,0,ProgramSize,runs/2026-07-27/20260727_184410_7ad1080f444d8c82,True,0,1,7489,False,False,0.224,
af401d08a1635298,2026-07-27,2026-07-27T18:44:10.957221+00:00,1b43b3a4,probe,fafffa47-nor-merged,probe,probe:fafffa47-nor-merged:nor-L0+north+south:recolored_north-00,3015d776cd1b44c4,1,nor-L0+north+south,7,SEARCH,d2/pool30/arity3/clim2000000:immediate/slim1:immediate,BottomUpSearchEngine/const=finite-enumerate-scalars/fill=none/poly=monomorphize/allow=0,-,-,-,-,2,0,ProgramSize,runs/2026-07-27/20260727_184410_af401d08a1635298,True,1,1,19172,False,True,0.564,
bcf561539aa0df47,2026-07-27,2026-07-27T18:44:10.519455+00:00,1b43b3a4,probe,fafffa47-nor-merged,probe,probe:fafffa47-nor-merged:nor-L0+north:recolored_south-01,7a58e82c77d15be9,1,nor-L0+north,6,SEARCH,d2/pool30/arity3/clim2000000:immediate/slim1:immediate,BottomUpSearchEngine/const=finite-enumerate-scalars/fill=none/poly=monomorphize/allow=0,-,-,-,-,2,0,ProgramSize,runs/2026-07-27/20260727_184410_bcf561539aa0df47,True,0,1,13149,False,False,0.421,
ea0214bc5238682a,2026-07-27,2026-07-27T18:44:10.251464+00:00,1b43b3a4,probe,fafffa47-nor-merged,probe,probe:fafffa47-nor-merged:nor-L0+north:south-01,34b544b531d6ea30,1,nor-L0+north,6,SEARCH,d2/pool30/arity3/clim2000000:immediate/slim1:immediate,BottomUpSearchEngine/const=finite-enumerate-scalars/fill=none/poly=monomorphize/allow=0,-,-,-,-,2,0,ProgramSize,runs/2026-07-27/20260727_184410_ea0214bc5238682a,True,1,1,263,False,True,0.007,
417305d850abeb81,2026-07-27,2026-07-27T18:44:11.541672+00:00,1b43b3a4,probe,fafffa47-nor-merged,pruned,probe:fafffa47-nor-merged:nor-L0+north+south:pruned:recolored_north-00,3015d776cd1b44c4,1,nor-L0+north+south:pruned,2,SEARCH,d2/pool30/arity3/clim2000000:immediate/slim1:immediate,BottomUpSearchEngine/const=finite-enumerate-scalars/fill=none/poly=monomorphize/allow=2,-,-,-,-,2,0,ProgramSize,runs/2026-07-27/20260727_184411_417305d850abeb81,True,1,1,11,False,True,0.001,
4a010a4b5756930f,2026-07-27,2026-07-27T18:44:11.896840+00:00,1b43b3a4,probe,fafffa47-nor-merged,probe,probe:fafffa47-nor-merged:nor-L0+north+south:merged-00,b7b2e4a5157b1f8e,1,nor-L0+north+south,7,SEARCH,d2/pool30/arity3/clim2000000:immediate/slim1:immediate,BottomUpSearchEngine/const=finite-enumerate-scalars/fill=none/poly=monomorphize/allow=0,-,-,-,-,2,0,ProgramSize,runs/2026-07-27/20260727_184411_4a010a4b5756930f,True,0,1,21301,False,False,0.628,
ce86a9e4341cdeef,2026-07-27,2026-07-27T18:44:11.554798+00:00,1b43b3a4,probe,fafffa47-nor-merged,probe,probe:fafffa47-nor-merged:nor-L0+north+south:recolored_north-01,32c68fea523dd68e,1,nor-L0+north+south,7,SEARCH,d2/pool30/arity3/clim2000000:immediate/slim1:immediate,BottomUpSearchEngine/const=finite-enumerate-scalars/fill=none/poly=monomorphize/allow=0,-,-,-,-,2,0,ProgramSize,runs/2026-07-27/20260727_184411_ce86a9e4341cdeef,True,1,1,11434,False,True,0.325,
86baca0689201345,2026-07-27,2026-07-27T18:44:12.544060+00:00,1b43b3a4,probe,fafffa47-nor-merged,probe,probe:fafffa47-nor-merged:nor-L0+north+south:merged-01,1824c617bea9a53a,1,nor-L0+north+south,7,SEARCH,d2/pool30/arity3/clim2000000:immediate/slim1:immediate,BottomUpSearchEngine/const=finite-enumerate-scalars/fill=none/poly=monomorphize/allow=0,-,-,-,-,2,0,ProgramSize,runs/2026-07-27/20260727_184412_86baca0689201345,True,0,1,13159,False,False,0.367,
e4a52f03a9466b7c,2026-07-27,2026-07-27T18:44:12.927981+00:00,1b43b3a4,probe,fafffa47-nor-merged,probe,probe:fafffa47-nor-merged:nor-L0+north+south+recolored_north:recolored_south-00,be37cf6455a52e8d,1,nor-L0+north+south+recolored_north,8,SEARCH,d2/pool30/arity3/clim2000000:immediate/slim1:immediate,BottomUpSearchEngine/const=finite-enumerate-scalars/fill=none/poly=monomorphize/allow=0,-,-,-,-,2,0,ProgramSize,runs/2026-07-27/20260727_184412_e4a52f03a9466b7c,True,1,1,6197,False,True,0.149,
245ddfe00e334bda,2026-07-27,2026-07-27T18:44:13.110840+00:00,1b43b3a4,probe,fafffa47-nor-merged,probe,probe:fafffa47-nor-merged:nor-L0+north+south+recolored_north:recolored_south-01,7a58e82c77d15be9,1,nor-L0+north+south+recolored_north,8,SEARCH,d2/pool30/arity3/clim2000000:immediate/slim1:immediate,BottomUpSearchEngine/const=finite-enumerate-scalars/fill=none/poly=monomorphize/allow=0,-,-,-,-,2,0,ProgramSize,runs/2026-07-27/20260727_184413_245ddfe00e334bda,True,1,1,11455,False,True,0.289,
50858e5d46aaa36f,2026-07-27,2026-07-27T18:44:13.980355+00:00,1b43b3a4,probe,fafffa47-nor-merged,probe,probe:fafffa47-nor-merged:nor-L0+north+south+recolored_north:merged-01,1824c617bea9a53a,1,nor-L0+north+south+recolored_north,8,SEARCH,d2/pool30/arity3/clim2000000:immediate/slim1:immediate,BottomUpSearchEngine/const=finite-enumerate-scalars/fill=none/poly=monomorphize/allow=0,-,-,-,-,2,0,ProgramSize,runs/2026-07-27/20260727_184413_50858e5d46aaa36f,True,0,1,13169,False,False,0.321,
772243a23e08f933,2026-07-27,2026-07-27T18:44:13.414591+00:00,1b43b3a4,probe,fafffa47-nor-merged,probe,probe:fafffa47-nor-merged:nor-L0+north+south+recolored_north:merged-00,b7b2e4a5157b1f8e,1,nor-L0+north+south+recolored_north,8,SEARCH,d2/pool30/arity3/clim2000000:immediate/slim1:immediate,BottomUpSearchEngine/const=finite-enumerate-scalars/fill=none/poly=monomorphize/allow=0,-,-,-,-,2,0,ProgramSize,runs/2026-07-27/20260727_184413_772243a23e08f933,True,0,1,21313,False,False,0.545,
96e275fbeb237df1,2026-07-27,2026-07-27T18:44:13.096761+00:00,1b43b3a4,probe,fafffa47-nor-merged,pruned,probe:fafffa47-nor-merged:nor-L0+north+south+recolored_north:pruned:recolored_south-00,be37cf6455a52e8d,1,nor-L0+north+south+recolored_north:pruned,2,SEARCH,d2/pool30/arity3/clim2000000:immediate/slim1:immediate,BottomUpSearchEngine/const=finite-enumerate-scalars/fill=none/poly=monomorphize/allow=2,-,-,-,-,2,0,ProgramSize,runs/2026-07-27/20260727_184413_96e275fbeb237df1,True,1,1,10,False,True,0.001,
3135b01069f2f4e4,2026-07-27,2026-07-27T18:44:14.317054+00:00,1b43b3a4,probe,fafffa47-nor-merged,probe,probe:fafffa47-nor-merged:nor-L0+north+south+recolored_north+recolored_south:merged-00,b7b2e4a5157b1f8e,1,nor-L0+north+south+recolored_north+recolored_south,9,SEARCH,d2/pool30/arity3/clim2000000:immediate/slim1:immediate,BottomUpSearchEngine/const=finite-enumerate-scalars/fill=none/poly=monomorphize/allow=0,-,-,-,-,2,0,ProgramSize,runs/2026-07-27/20260727_184414_3135b01069f2f4e4,True,1,1,421,False,True,0.011,
7dd57f8e1c788c48,2026-07-27,2026-07-27T18:44:14.341804+00:00,1b43b3a4,probe,fafffa47-nor-merged,pruned,probe:fafffa47-nor-merged:nor-L0+north+south+recolored_north+recolored_south:pruned:merged-00,b7b2e4a5157b1f8e,1,nor-L0+north+south+recolored_north+recolored_south:pruned,3,SEARCH,d2/pool30/arity3/clim2000000:immediate/slim1:immediate,BottomUpSearchEngine/const=finite-enumerate-scalars/fill=none/poly=monomorphize/allow=1,-,-,-,-,2,0,ProgramSize,runs/2026-07-27/20260727_184414_7dd57f8e1c788c48,True,1,1,14,False,True,0.001,
a3f593ec90e3a0cf,2026-07-27,2026-07-27T18:44:14.356988+00:00,1b43b3a4,probe,fafffa47-nor-merged,probe,probe:fafffa47-nor-merged:nor-L0+north+south+recolored_north+recolored_south:merged-01,1824c617bea9a53a,1,nor-L0+north+south+recolored_north+recolored_south,9,SEARCH,d2/pool30/arity3/clim2000000:immediate/slim1:immediate,BottomUpSearchEngine/const=finite-enumerate-scalars/fill=none/poly=monomorphize/allow=0,-,-,-,-,2,0,ProgramSize,runs/2026-07-27/20260727_184414_a3f593ec90e3a0cf,True,1,1,397,False,True,0.011,
ea4411a02aa216c1,2026-07-27,2026-07-27T18:44:14.380700+00:00,1b43b3a4,probe,fafffa47-nor-merged,probe,probe:fafffa47-nor-merged:nor-L0+north+south+recolored_north+recolored_south:fafffa47,adc4d1a6da003cd6,1,nor-L0+north+south+recolored_north+recolored_south,9,SEARCH,d2/pool30/arity3/clim2000000:immediate/slim1:immediate,BottomUpSearchEngine/const=finite-enumerate-scalars/fill=none/poly=monomorphize/allow=0,-,-,-,-,2,0,ProgramSize,runs/2026-07-27/20260727_184414_ea4411a02aa216c1,True,0,1,21325,False,False,0.711,
d972b943783c5b67,2026-07-27,2026-07-27T18:44:16.105898+00:00,1b43b3a4,ladder,fafffa47-nor-merged,train,fafffa47-nor-merged:train,e1732273af655dea,11,nor-L0,5,SEARCH,d2/pool30/arity3/clim2000000:immediate/slim1:immediate,BottomUpSearchEngine/const=finite-enumerate-scalars/fill=none/poly=monomorphize/allow=0,-,-,-,-,2,0,ProgramSize,runs/2026-07-27/20260727_184416_d972b943783c5b67,True,4,11,111775,False,True,4.563,
602b8c2bd8c83878,2026-07-27,2026-07-27T18:44:20.689703+00:00,1b43b3a4,ladder,fafffa47-nor-merged,train,fafffa47-nor-merged:train,e1732273af655dea,11,nor-L0+north,6,SEARCH,d2/pool30/arity3/clim2000000:immediate/slim1:immediate,BottomUpSearchEngine/const=finite-enumerate-scalars/fill=none/poly=monomorphize/allow=0,-,-,-,-,2,0,ProgramSize,runs/2026-07-27/20260727_184420_602b8c2bd8c83878,True,6,11,108001,False,True,3.882,
6d3198116787f07c,2026-07-27,2026-07-27T18:44:24.590532+00:00,1b43b3a4,ladder,fafffa47-nor-merged,train,fafffa47-nor-merged:train,e1732273af655dea,11,nor-L0+north+south,7,SEARCH,d2/pool30/arity3/clim2000000:immediate/slim1:immediate,BottomUpSearchEngine/const=finite-enumerate-scalars/fill=none/poly=monomorphize/allow=0,-,-,-,-,2,0,ProgramSize,runs/2026-07-27/20260727_184424_6d3198116787f07c,True,8,11,105031,False,True,3.523,
2d1077aa780e4869,2026-07-27,2026-07-27T18:44:28.136745+00:00,1b43b3a4,ladder,fafffa47-nor-merged,train,fafffa47-nor-merged:train,e1732273af655dea,11,nor-L0+north+south+recolored_north,8,SEARCH,d2/pool30/arity3/clim2000000:immediate/slim1:immediate,BottomUpSearchEngine/const=finite-enumerate-scalars/fill=none/poly=monomorphize/allow=0,-,-,-,-,2,0,ProgramSize,runs/2026-07-27/20260727_184428_2d1077aa780e4869,True,8,11,74967,False,True,2.174,
5fc2117c0be7786a,2026-07-27,2026-07-27T18:44:30.330058+00:00,1b43b3a4,ladder,fafffa47-nor-merged,train,fafffa47-nor-merged:train,e1732273af655dea,11,nor-L0+north+south+recolored_north+recolored_south,9,SEARCH,d2/pool30/arity3/clim2000000:immediate/slim1:immediate,BottomUpSearchEngine/const=finite-enumerate-scalars/fill=none/poly=monomorphize/allow=0,-,-,-,-,2,0,ProgramSize,runs/2026-07-27/20260727_184430_5fc2117c0be7786a,True,10,11,24175,False,True,0.795,
66ccca87c35b8c4a,2026-07-27,2026-07-27T18:44:31.996307+00:00,1b43b3a4,ladder,fafffa47-nor-merged,train,fafffa47-nor-merged:train,e1732273af655dea,11,nor-L0,5,LEARN,d2/pool30/arity3/clim2000000:immediate/slim1:immediate,BottomUpSearchEngine/const=finite-enumerate-scalars/fill=none/poly=monomorphize/allow=0,GreedyMDLLearnEngine,AntiunifyPairs,CompressionMetric,5,2,0,ProgramSize,runs/2026-07-27/20260727_184431_66ccca87c35b8c4a,True,,,,,,0,
c59921c7e6a5d618,2026-07-27,2026-07-27T18:44:31.143055+00:00,1b43b3a4,ladder,fafffa47-nor-merged,train,fafffa47-nor-merged:train,e1732273af655dea,11,nor-L0+north+south+recolored_north+recolored_south+merged,10,SEARCH,d2/pool30/arity3/clim2000000:immediate/slim1:immediate,BottomUpSearchEngine/const=finite-enumerate-scalars/fill=none/poly=monomorphize/allow=0,-,-,-,-,2,0,ProgramSize,runs/2026-07-27/20260727_184431_c59921c7e6a5d618,True,11,11,23127,False,True,0.823,
68a97e7b7cdb601e,2026-07-27,2026-07-27T18:44:41.244642+00:00,1b43b3a4,ladder,fafffa47-nor-merged,train,fafffa47-nor-merged:train,e1732273af655dea,11,nor-L0+abs0+abs1+abs2+abs3+abs4,10,SEARCH,d2/pool30/arity3/clim2000000:immediate/slim1:immediate,BottomUpSearchEngine/const=finite-enumerate-scalars/fill=none/poly=monomorphize/allow=0,-,-,-,-,2,0,ProgramSize,runs/2026-07-27/20260727_184441_68a97e7b7cdb601e,True,11,11,23127,False,True,0.712,
a11adc3423c20f24,2026-07-27,2026-07-27T18:44:41.974053+00:00,1b43b3a4,ladder,fafffa47-nor-merged,heldout,fafffa47-nor-merged:heldout,e17539bc6f0bba0e,6,nor-L0+abs0+abs1+abs2+abs3+abs4,10,SEARCH,d2/pool30/arity3/clim2000000:immediate/slim1:immediate,BottomUpSearchEngine/const=finite-enumerate-scalars/fill=none/poly=monomorphize/allow=0,-,-,-,-,2,0,ProgramSize,runs/2026-07-27/20260727_184441_a11adc3423c20f24,True,6,6,21863,False,True,0.493,
6c0ed798aa173fd5,2026-07-27,2026-07-27T18:44:42.483966+00:00,1b43b3a4,ladder,fafffa47-nor-merged,train,fafffa47-nor-merged:train,e1732273af655dea,11,nor-L0+merged,6,SEARCH,d2/pool30/arity3/clim2000000:immediate/slim1:immediate,BottomUpSearchEngine/const=finite-enumerate-scalars/fill=none/poly=monomorphize/allow=0,-,-,-,-,2,0,ProgramSize,runs/2026-07-27/20260727_184442_6c0ed798aa173fd5,True,8,11,76809,False,True,2.732,
c2cf731bd54f23ef,2026-07-27,2026-07-27T19:05:04.549530+00:00,1b43b3a4,ladder,94f9d214-nor-merged,train,94f9d214-nor-merged:train,f21c8a90516d7774,11,nor-L0,5,SEARCH,d2/pool30/arity3/clim2000000:immediate/slimNone:generation-end,BottomUpSearchEngine/const=finite-enumerate-scalars/fill=none/poly=monomorphize/allow=0,-,-,-,-,2,0,ProgramSize,runs/2026-07-27/20260727_190504_c2cf731bd54f23ef,True,4,11,143831,False,False,5.206,
f714af44c67f70df,2026-07-27,2026-07-27T19:05:09.774843+00:00,1b43b3a4,ladder,94f9d214-nor-merged,train,94f9d214-nor-merged:train,f21c8a90516d7774,11,nor-L0+north,6,SEARCH,d2/pool30/arity3/clim2000000:immediate/slimNone:generation-end,BottomUpSearchEngine/const=finite-enumerate-scalars/fill=none/poly=monomorphize/allow=0,-,-,-,-,2,0,ProgramSize,runs/2026-07-27/20260727_190509_f714af44c67f70df,True,6,11,143939,False,False,4.653,
88a83f394961cb10,2026-07-27,2026-07-27T19:05:14.447804+00:00,1b43b3a4,ladder,94f9d214-nor-merged,train,94f9d214-nor-merged:train,f21c8a90516d7774,11,nor-L0+north+south,7,SEARCH,d2/pool30/arity3/clim2000000:immediate/slimNone:generation-end,BottomUpSearchEngine/const=finite-enumerate-scalars/fill=none/poly=monomorphize/allow=0,-,-,-,-,2,0,ProgramSize,runs/2026-07-27/20260727_190514_88a83f394961cb10,True,8,11,144047,False,False,4.009,
880171c35ed55edd,2026-07-27,2026-07-27T19:05:18.477523+00:00,1b43b3a4,ladder,94f9d214-nor-merged,train,94f9d214-nor-merged:train,f21c8a90516d7774,11,nor-L0+north+south+recolored_north,8,SEARCH,d2/pool30/arity3/clim2000000:immediate/slimNone:generation-end,BottomUpSearchEngine/const=finite-enumerate-scalars/fill=none/poly=monomorphize/allow=0,-,-,-,-,2,0,ProgramSize,runs/2026-07-27/20260727_190518_880171c35ed55edd,True,8,11,144155,False,False,3.64,
48f37ff961981902,2026-07-27,2026-07-27T19:05:22.140420+00:00,1b43b3a4,ladder,94f9d214-nor-merged,train,94f9d214-nor-merged:train,f21c8a90516d7774,11,nor-L0+north+south+recolored_north+recolored_south,9,SEARCH,d2/pool30/arity3/clim2000000:immediate/slimNone:generation-end,BottomUpSearchEngine/const=finite-enumerate-scalars/fill=none/poly=monomorphize/allow=0,-,-,-,-,2,0,ProgramSize,runs/2026-07-27/20260727_190522_48f37ff961981902,True,10,11,144263,False,False,3.402,
7092328d5f864194,2026-07-27,2026-07-27T19:05:25.567752+00:00,1b43b3a4,ladder,94f9d214-nor-merged,train,94f9d214-nor-merged:train,f21c8a90516d7774,11,nor-L0+north+south+recolored_north+recolored_south+merged,10,SEARCH,d2/pool30/arity3/clim2000000:immediate/slimNone:generation-end,BottomUpSearchEngine/const=finite-enumerate-scalars/fill=none/poly=monomorphize/allow=0,-,-,-,-,2,0,ProgramSize,runs/2026-07-27/20260727_190525_7092328d5f864194,True,11,11,144371,False,False,3.476,
7c8d723f82019b49,2026-07-27,2026-07-27T19:05:29.086104+00:00,1b43b3a4,ladder,94f9d214-nor-merged,train,94f9d214-nor-merged:train,f21c8a90516d7774,11,nor-L0,5,LEARN,d2/pool30/arity3/clim2000000:immediate/slimNone:generation-end,BottomUpSearchEngine/const=finite-enumerate-scalars/fill=none/poly=monomorphize/allow=0,GreedyMDLLearnEngine,AntiunifyPairs,CompressionMetric,5,2,0,ProgramSize,runs/2026-07-27/20260727_190529_7c8d723f82019b49,True,,,,,,0,
28b32f421b6ea48c,2026-07-27,2026-07-27T19:05:45.107362+00:00,1b43b3a4,ladder,94f9d214-nor-merged,train,94f9d214-nor-merged:train,f21c8a90516d7774,11,nor-L0+abs0+abs1+abs2+abs3+abs4,10,SEARCH,d2/pool30/arity3/clim2000000:immediate/slimNone:generation-end,BottomUpSearchEngine/const=finite-enumerate-scalars/fill=none/poly=monomorphize/allow=0,-,-,-,-,2,0,ProgramSize,runs/2026-07-27/20260727_190545_28b32f421b6ea48c,True,11,11,144371,False,False,3.357,
682dfad7ec480d50,2026-07-27,2026-07-27T19:05:48.485449+00:00,1b43b3a4,ladder,94f9d214-nor-merged,heldout,94f9d214-nor-merged:heldout,0f8c5bb5e5856d4a,6,nor-L0+abs0+abs1+abs2+abs3+abs4,10,SEARCH,d2/pool30/arity3/clim2000000:immediate/slimNone:generation-end,BottomUpSearchEngine/const=finite-enumerate-scalars/fill=none/poly=monomorphize/allow=0,-,-,-,-,2,0,ProgramSize,runs/2026-07-27/20260727_190548_682dfad7ec480d50,True,6,6,56462,False,False,1.282,
0ac43164e26b022c,2026-07-27,2026-07-27T19:05:49.786503+00:00,1b43b3a4,ladder,94f9d214-nor-merged,train,94f9d214-nor-merged:train,f21c8a90516d7774,11,nor-L0+merged,6,SEARCH,d2/pool30/arity3/clim2000000:immediate/slimNone:generation-end,BottomUpSearchEngine/const=finite-enumerate-scalars/fill=none/poly=monomorphize/allow=0,-,-,-,-,2,0,ProgramSize,runs/2026-07-27/20260727_190549_0ac43164e26b022c,True,8,11,143939,False,False,4.548,
0e64a7c863882b5d,2026-07-27,2026-07-27T19:05:55.245889+00:00,1b43b3a4,ladder,fafffa47-nor-merged,train,fafffa47-nor-merged:train,e1732273af655dea,11,nor-L0,5,SEARCH,d2/pool30/arity3/clim2000000:immediate/slimNone:generation-end,BottomUpSearchEngine/const=finite-enumerate-scalars/fill=none/poly=monomorphize/allow=0,-,-,-,-,2,0,ProgramSize,runs/2026-07-27/20260727_190555_0e64a7c863882b5d,True,4,11,151969,False,False,5.82,
cd89f46b2d7c5d29,2026-07-27,2026-07-27T19:06:01.084245+00:00,1b43b3a4,ladder,fafffa47-nor-merged,train,fafffa47-nor-merged:train,e1732273af655dea,11,nor-L0+north,6,SEARCH,d2/pool30/arity3/clim2000000:immediate/slimNone:generation-end,BottomUpSearchEngine/const=finite-enumerate-scalars/fill=none/poly=monomorphize/allow=0,-,-,-,-,2,0,ProgramSize,runs/2026-07-27/20260727_190601_cd89f46b2d7c5d29,True,6,11,152079,False,False,5.25,
64877e8889da7205,2026-07-27,2026-07-27T19:06:06.356035+00:00,1b43b3a4,ladder,fafffa47-nor-merged,train,fafffa47-nor-merged:train,e1732273af655dea,11,nor-L0+north+south,7,SEARCH,d2/pool30/arity3/clim2000000:immediate/slimNone:generation-end,BottomUpSearchEngine/const=finite-enumerate-scalars/fill=none/poly=monomorphize/allow=0,-,-,-,-,2,0,ProgramSize,runs/2026-07-27/20260727_190606_64877e8889da7205,True,8,11,152189,False,False,4.573,
00ab13a658a51375,2026-07-27,2026-07-27T19:06:10.950116+00:00,1b43b3a4,ladder,fafffa47-nor-merged,train,fafffa47-nor-merged:train,e1732273af655dea,11,nor-L0+north+south+recolored_north,8,SEARCH,d2/pool30/arity3/clim2000000:immediate/slimNone:generation-end,BottomUpSearchEngine/const=finite-enumerate-scalars/fill=none/poly=monomorphize/allow=0,-,-,-,-,2,0,ProgramSize,runs/2026-07-27/20260727_190610_00ab13a658a51375,True,8,11,152299,False,False,4.128,
b9af3e2987859164,2026-07-27,2026-07-27T19:06:15.099437+00:00,1b43b3a4,ladder,fafffa47-nor-merged,train,fafffa47-nor-merged:train,e1732273af655dea,11,nor-L0+north+south+recolored_north+recolored_south,9,SEARCH,d2/pool30/arity3/clim2000000:immediate/slimNone:generation-end,BottomUpSearchEngine/const=finite-enumerate-scalars/fill=none/poly=monomorphize/allow=0,-,-,-,-,2,0,ProgramSize,runs/2026-07-27/20260727_190615_b9af3e2987859164,True,10,11,152409,False,False,3.82,
0fdf76902a7de584,2026-07-27,2026-07-27T19:06:18.943533+00:00,1b43b3a4,ladder,fafffa47-nor-merged,train,fafffa47-nor-merged:train,e1732273af655dea,11,nor-L0+north+south+recolored_north+recolored_south+merged,10,SEARCH,d2/pool30/arity3/clim2000000:immediate/slimNone:generation-end,BottomUpSearchEngine/const=finite-enumerate-scalars/fill=none/poly=monomorphize/allow=0,-,-,-,-,2,0,ProgramSize,runs/2026-07-27/20260727_190618_0fdf76902a7de584,True,11,11,152519,False,False,3.672,
27ddfe7df5afa38b,2026-07-27,2026-07-27T19:06:22.651956+00:00,1b43b3a4,ladder,fafffa47-nor-merged,train,fafffa47-nor-merged:train,e1732273af655dea,11,nor-L0,5,LEARN,d2/pool30/arity3/clim2000000:immediate/slimNone:generation-end,BottomUpSearchEngine/const=finite-enumerate-scalars/fill=none/poly=monomorphize/allow=0,GreedyMDLLearnEngine,AntiunifyPairs,CompressionMetric,5,2,0,ProgramSize,runs/2026-07-27/20260727_190622_27ddfe7df5afa38b,True,,,,,,0,
6d6853f2904f19d7,2026-07-27,2026-07-27T19:06:41.065791+00:00,1b43b3a4,ladder,fafffa47-nor-merged,train,fafffa47-nor-merged:train,e1732273af655dea,11,nor-L0+abs0+abs1+abs2+abs3+abs4,10,SEARCH,d2/pool30/arity3/clim2000000:immediate/slimNone:generation-end,BottomUpSearchEngine/const=finite-enumerate-scalars/fill=none/poly=monomorphize/allow=0,-,-,-,-,2,0,ProgramSize,runs/2026-07-27/20260727_190641_6d6853f2904f19d7,True,11,11,152519,False,False,3.759,
caf0d0b5425484bc,2026-07-27,2026-07-27T19:06:44.847991+00:00,1b43b3a4,ladder,fafffa47-nor-merged,heldout,fafffa47-nor-merged:heldout,e17539bc6f0bba0e,6,nor-L0+abs0+abs1+abs2+abs3+abs4,10,SEARCH,d2/pool30/arity3/clim2000000:immediate/slimNone:generation-end,BottomUpSearchEngine/const=finite-enumerate-scalars/fill=none/poly=monomorphize/allow=0,-,-,-,-,2,0,ProgramSize,runs/2026-07-27/20260727_190644_caf0d0b5425484bc,True,6,6,64610,False,False,1.534,
1cc5a57e8436f2ec,2026-07-27,2026-07-27T19:06:46.422692+00:00,1b43b3a4,ladder,fafffa47-nor-merged,train,fafffa47-nor-merged:train,e1732273af655dea,11,nor-L0+merged,6,SEARCH,d2/pool30/arity3/clim2000000:immediate/slimNone:generation-end,BottomUpSearchEngine/const=finite-enumerate-scalars/fill=none/poly=monomorphize/allow=0,-,-,-,-,2,0,ProgramSize,runs/2026-07-27/20260727_190646_1cc5a57e8436f2ec,True,8,11,152079,False,False,5.476,
055d417068a8fd80,2026-07-27,2026-07-27T19:29:24.160915+00:00,1b43b3a4,probe,dae9d2b5-recolor-first,probe,probe:dae9d2b5-recolor-first:dae9d2b5-split-L0:recolored_west-00,28b0c869448e0786,1,dae9d2b5-split-L0,4,SEARCH,d3/pool30/arity3/clim2000000:immediate/slimNone:generation-end,BottomUpSearchEngine/const=finite-enumerate-scalars/fill=none/poly=monomorphize/allow=0,-,-,-,-,2,0,ProgramSize,runs/2026-07-27/20260727_192924_055d417068a8fd80,True,0,1,12139,False,False,0.479,
9684edc169d61f28,2026-07-27,2026-07-27T19:29:24.657345+00:00,1b43b3a4,probe,dae9d2b5-recolor-first,pruned,probe:dae9d2b5-recolor-first:dae9d2b5-split-L0:pruned:recolored_west-00,28b0c869448e0786,1,dae9d2b5-split-L0:pruned,3,SEARCH,d3/pool30/arity3/clim2000000:immediate/slimNone:generation-end,BottomUpSearchEngine/const=finite-enumerate-scalars/fill=none/poly=monomorphize/allow=3,-,-,-,-,2,0,ProgramSize,runs/2026-07-27/20260727_192924_9684edc169d61f28,True,1,1,21,False,False,0.002,
a7248a0a0f373691,2026-07-27,2026-07-27T19:29:24.678984+00:00,1b43b3a4,probe,dae9d2b5-recolor-first,probe,probe:dae9d2b5-recolor-first:dae9d2b5-split-L0:recolored_west-01,b42f513729fe75fd,1,dae9d2b5-split-L0,4,SEARCH,d3/pool30/arity3/clim2000000:immediate/slimNone:generation-end,BottomUpSearchEngine/const=finite-enumerate-scalars/fill=none/poly=monomorphize/allow=0,-,-,-,-,2,0,ProgramSize,runs/2026-07-27/20260727_192924_a7248a0a0f373691,True,0,1,6681,False,False,0.256,
e96628c7bf019a1c,2026-07-27,2026-07-27T19:29:24.954333+00:00,1b43b3a4,probe,dae9d2b5-recolor-first,probe,probe:dae9d2b5-recolor-first:dae9d2b5-split-L0:dae9d2b5,0cf87ea841a219d0,1,dae9d2b5-split-L0,4,SEARCH,d3/pool30/arity3/clim2000000:immediate/slimNone:generation-end,BottomUpSearchEngine/const=finite-enumerate-scalars/fill=none/poly=monomorphize/allow=0,-,-,-,-,2,0,ProgramSize,runs/2026-07-27/20260727_192924_e96628c7bf019a1c,True,0,1,20077,False,False,1.407,
32745e5285e9a490,2026-07-27,2026-07-27T19:29:26.845443+00:00,1b43b3a4,probe,dae9d2b5-recolor-first,probe,probe:dae9d2b5-recolor-first:dae9d2b5-split-L0+recolored_west:recolored_east-01,3566c1bf36bc4f0d,1,dae9d2b5-split-L0+recolored_west,5,SEARCH,d3/pool30/arity3/clim2000000:immediate/slimNone:generation-end,BottomUpSearchEngine/const=finite-enumerate-scalars/fill=none/poly=monomorphize/allow=0,-,-,-,-,2,0,ProgramSize,runs/2026-07-27/20260727_192926_32745e5285e9a490,True,0,1,8212,False,False,0.24,
e97e4260668af5d9,2026-07-27,2026-07-27T19:29:26.377668+00:00,1b43b3a4,probe,dae9d2b5-recolor-first,probe,probe:dae9d2b5-recolor-first:dae9d2b5-split-L0+recolored_west:recolored_east-00,9ce073cc505c94d0,1,dae9d2b5-split-L0+recolored_west,5,SEARCH,d3/pool30/arity3/clim2000000:immediate/slimNone:generation-end,BottomUpSearchEngine/const=finite-enumerate-scalars/fill=none/poly=monomorphize/allow=0,-,-,-,-,2,0,ProgramSize,runs/2026-07-27/20260727_192926_e97e4260668af5d9,True,0,1,14610,False,False,0.437,
f1dad93eff3bc64e,2026-07-27,2026-07-27T19:29:26.830378+00:00,1b43b3a4,probe,dae9d2b5-recolor-first,pruned,probe:dae9d2b5-recolor-first:dae9d2b5-split-L0+recolored_west:pruned:recolored_east-00,9ce073cc505c94d0,1,dae9d2b5-split-L0+recolored_west:pruned,3,SEARCH,d3/pool30/arity3/clim2000000:immediate/slimNone:generation-end,BottomUpSearchEngine/const=finite-enumerate-scalars/fill=none/poly=monomorphize/allow=3,-,-,-,-,2,0,ProgramSize,runs/2026-07-27/20260727_192926_f1dad93eff3bc64e,True,1,1,21,False,False,0.001,
290033a9b8b15498,2026-07-27,2026-07-27T19:29:27.112212+00:00,1b43b3a4,probe,dae9d2b5-recolor-first,probe,probe:dae9d2b5-recolor-first:dae9d2b5-split-L0+recolored_west:dae9d2b5,0cf87ea841a219d0,1,dae9d2b5-split-L0+recolored_west,5,SEARCH,d3/pool30/arity3/clim2000000:immediate/slimNone:generation-end,BottomUpSearchEngine/const=finite-enumerate-scalars/fill=none/poly=monomorphize/allow=0,-,-,-,-,2,0,ProgramSize,runs/2026-07-27/20260727_192927_290033a9b8b15498,True,0,1,23728,False,False,1.432,
085b4ebf06160346,2026-07-27,2026-07-27T19:31:47.836756+00:00,1b43b3a4,probe,al14-cell-row-grid,probe,probe:al14-cell-row-grid:al14-L0:move_cell_up-00,bb455a29a5792e69,1,al14-L0,3,SEARCH,d3/pool10000/arity4/clim50000:immediate/slimNone:generation-end,BottomUpSearchEngine/const=finite-enumerate/fill=none/poly=monomorphize/allow=0,-,-,-,-,2,0,ProgramSize,runs/2026-07-27/20260727_193147_085b4ebf06160346,True,1,1,50000,True,False,0.728,
9e693f5bc328d768,2026-07-27,2026-07-27T19:31:48.793690+00:00,1b43b3a4,probe,al14-cell-row-grid,probe,probe:al14-cell-row-grid:al14-L0:move_cell_up-01,bb94550fdfc60940,1,al14-L0,3,SEARCH,d3/pool10000/arity4/clim50000:immediate/slimNone:generation-end,BottomUpSearchEngine/const=finite-enumerate/fill=none/poly=monomorphize/allow=0,-,-,-,-,2,0,ProgramSize,runs/2026-07-27/20260727_193148_9e693f5bc328d768,True,0,1,50000,True,False,0.734,
ded1f462e316f364,2026-07-27,2026-07-27T19:31:48.579530+00:00,1b43b3a4,probe,al14-cell-row-grid,pruned,probe:al14-cell-row-grid:al14-L0:pruned:move_cell_up-00,bb455a29a5792e69,1,al14-L0:pruned,3,SEARCH,d3/pool10000/arity4/clim50000:immediate/slimNone:generation-end,BottomUpSearchEngine/const=finite-enumerate/fill=none/poly=monomorphize/allow=3,-,-,-,-,2,0,ProgramSize,runs/2026-07-27/20260727_193148_ded1f462e316f364,True,1,1,8879,False,False,0.198,
b4211c4388e810d3,2026-07-27,2026-07-27T19:31:49.547230+00:00,1b43b3a4,probe,al14-cell-row-grid,probe,probe:al14-cell-row-grid:al14-L0:move_row_up-00,bc6da65f2fcd1846,1,al14-L0,3,SEARCH,d3/pool10000/arity4/clim50000:immediate/slimNone:generation-end,BottomUpSearchEngine/const=finite-enumerate/fill=none/poly=monomorphize/allow=0,-,-,-,-,2,0,ProgramSize,runs/2026-07-27/20260727_193149_b4211c4388e810d3,True,0,1,50000,True,False,0.736,
71b717844bb1993d,2026-07-27,2026-07-27T19:31:50.298620+00:00,1b43b3a4,probe,al14-cell-row-grid,probe,probe:al14-cell-row-grid:al14-L0:move_row_up-01,bb0394f8761c0d7c,1,al14-L0,3,SEARCH,d3/pool10000/arity4/clim50000:immediate/slimNone:generation-end,BottomUpSearchEngine/const=finite-enumerate/fill=none/poly=monomorphize/allow=0,-,-,-,-,2,0,ProgramSize,runs/2026-07-27/20260727_193150_71b717844bb1993d,True,0,1,50000,True,False,0.738,
24ba6fe0dc3f9e59,2026-07-27,2026-07-27T19:31:51.073730+00:00,1b43b3a4,probe,al10-skippable,pruned,probe:al10-skippable:al2-L0:pruned:rot90-00,46610bdc33178312,1,al2-L0:pruned,2,SEARCH,d4/pool100000/arity2/clim50000:immediate/slimNone:generation-end,BottomUpSearchEngine/const=none/fill=none/poly=monomorphize/allow=0,-,-,-,-,2,0,ProgramSize,runs/2026-07-27/20260727_193151_24ba6fe0dc3f9e59,True,1,1,15,False,False,0.001,
5983d4fa0e2f2a9e,2026-07-27,2026-07-27T19:31:51.057981+00:00,1b43b3a4,probe,al10-skippable,probe,probe:al10-skippable:al2-L0:rot90-00,46610bdc33178312,1,al2-L0,2,SEARCH,d4/pool100000/arity2/clim50000:immediate/slimNone:generation-end,BottomUpSearchEngine/const=none/fill=none/poly=monomorphize/allow=0,-,-,-,-,2,0,ProgramSize,runs/2026-07-27/20260727_193151_5983d4fa0e2f2a9e,True,1,1,15,False,False,0.001,
8953e28051e24dad,2026-07-27,2026-07-27T19:31:51.089448+00:00,1b43b3a4,probe,al10-skippable,probe,probe:al10-skippable:al2-L0:rot90-01,7b5db82ef535982d,1,al2-L0,2,SEARCH,d4/pool100000/arity2/clim50000:immediate/slimNone:generation-end,BottomUpSearchEngine/const=none/fill=none/poly=monomorphize/allow=0,-,-,-,-,2,0,ProgramSize,runs/2026-07-27/20260727_193151_8953e28051e24dad,True,1,1,15,False,False,0.002,
e09c3cf189aa9f3d,2026-07-27,2026-07-27T19:31:51.104667+00:00,1b43b3a4,probe,al10-skippable,probe,probe:al10-skippable:al2-L0:top-00,f09b576b7105f07d,1,al2-L0,2,SEARCH,d4/pool100000/arity2/clim50000:immediate/slimNone:generation-end,BottomUpSearchEngine/const=none/fill=none/poly=monomorphize/allow=0,-,-,-,-,2,0,ProgramSize,runs/2026-07-27/20260727_193151_e09c3cf189aa9f3d,True,1,1,15,False,False,0.001,
172ada823ebcb484,2026-07-27,2026-07-27T19:35:25.790466+00:00,1b43b3a4,probe,dae9d2b5-recolor-first,probe,probe:dae9d2b5-recolor-first:dae9d2b5-split-L0:recolored_west-00,28b0c869448e0786,1,dae9d2b5-split-L0,4,SEARCH,d3/pool150/arity3/clim2000000:immediate/slimNone:generation-end,BottomUpSearchEngine/const=finite-enumerate-scalars/fill=none/poly=monomorphize/allow=0,-,-,-,-,2,0,ProgramSize,runs/2026-07-27/20260727_193525_172ada823ebcb484,True,1,1,2000000,True,False,83.959,
9cd3589d2b50e9bb,2026-07-27,2026-07-27T19:36:49.787172+00:00,1b43b3a4,probe,dae9d2b5-recolor-first,probe,probe:dae9d2b5-recolor-first:dae9d2b5-split-L0:recolored_west-01,b42f513729fe75fd,1,dae9d2b5-split-L0,4,SEARCH,d3/pool150/arity3/clim2000000:immediate/slimNone:generation-end,BottomUpSearchEngine/const=finite-enumerate-scalars/fill=none/poly=monomorphize/allow=0,-,-,-,-,2,0,ProgramSize,runs/2026-07-27/20260727_193649_9cd3589d2b50e9bb,True,1,1,2000000,True,False,82.415,
df9ffe271aada1e9,2026-07-27,2026-07-27T19:36:49.773176+00:00,1b43b3a4,probe,dae9d2b5-recolor-first,pruned,probe:dae9d2b5-recolor-first:dae9d2b5-split-L0:pruned:recolored_west-00,28b0c869448e0786,1,dae9d2b5-split-L0:pruned,3,SEARCH,d3/pool150/arity3/clim2000000:immediate/slimNone:generation-end,BottomUpSearchEngine/const=finite-enumerate-scalars/fill=none/poly=monomorphize/allow=3,-,-,-,-,2,0,ProgramSize,runs/2026-07-27/20260727_193649_df9ffe271aada1e9,True,1,1,21,False,False,0.001,
a55e4764b60c7e5b,2026-07-27,2026-07-27T19:38:12.232299+00:00,1b43b3a4,probe,dae9d2b5-recolor-first,probe,probe:dae9d2b5-recolor-first:dae9d2b5-split-L0+recolored_west:recolored_east-00,9ce073cc505c94d0,1,dae9d2b5-split-L0+recolored_west,5,SEARCH,d3/pool150/arity3/clim2000000:immediate/slimNone:generation-end,BottomUpSearchEngine/const=finite-enumerate-scalars/fill=none/poly=monomorphize/allow=0,-,-,-,-,2,0,ProgramSize,runs/2026-07-27/20260727_193812_a55e4764b60c7e5b,True,1,1,2000000,True,False,64.113,
3d8c86679b72af90,2026-07-27,2026-07-27T19:39:16.392741+00:00,1b43b3a4,probe,dae9d2b5-recolor-first,probe,probe:dae9d2b5-recolor-first:dae9d2b5-split-L0+recolored_west:recolored_east-01,3566c1bf36bc4f0d,1,dae9d2b5-split-L0+recolored_west,5,SEARCH,d3/pool150/arity3/clim2000000:immediate/slimNone:generation-end,BottomUpSearchEngine/const=finite-enumerate-scalars/fill=none/poly=monomorphize/allow=0,-,-,-,-,2,0,ProgramSize,runs/2026-07-27/20260727_193916_3d8c86679b72af90,True,1,1,2000000,True,False,63.212,
c1af6b4e29871435,2026-07-27,2026-07-27T19:39:16.375825+00:00,1b43b3a4,probe,dae9d2b5-recolor-first,pruned,probe:dae9d2b5-recolor-first:dae9d2b5-split-L0+recolored_west:pruned:recolored_east-00,9ce073cc505c94d0,1,dae9d2b5-split-L0+recolored_west:pruned,3,SEARCH,d3/pool150/arity3/clim2000000:immediate/slimNone:generation-end,BottomUpSearchEngine/const=finite-enumerate-scalars/fill=none/poly=monomorphize/allow=3,-,-,-,-,2,0,ProgramSize,runs/2026-07-27/20260727_193916_c1af6b4e29871435,True,1,1,21,False,False,0.002,
54c1e0fdc5c899af,2026-07-27,2026-07-27T19:40:19.643067+00:00,1b43b3a4,probe,dae9d2b5-recolor-first,probe,probe:dae9d2b5-recolor-first:dae9d2b5-split-L0+recolored_west:dae9d2b5,0cf87ea841a219d0,1,dae9d2b5-split-L0+recolored_west,5,SEARCH,d3/pool150/arity3/clim2000000:immediate/slimNone:generation-end,BottomUpSearchEngine/const=finite-enumerate-scalars/fill=none/poly=monomorphize/allow=0,-,-,-,-,2,0,ProgramSize,runs/2026-07-27/20260727_194019_54c1e0fdc5c899af,True,0,1,2000000,True,False,103.611,
267ba427b6d70c86,2026-07-27,2026-07-27T19:47:28.060603+00:00,1b43b3a4,probe,94f9d214-recolor-first,probe,probe:94f9d214-recolor-first:nor-L0:recolored_north-00,d123053226fe7e12,1,nor-L0,5,SEARCH,d3/pool150/arity3/clim2000000:immediate/slim1:immediate,BottomUpSearchEngine/const=finite-enumerate-scalars/fill=none/poly=monomorphize/allow=0,-,-,-,-,2,0,ProgramSize,runs/2026-07-27/20260727_194728_267ba427b6d70c86,True,1,1,314298,False,True,12.327,
27c868438bd03e86,2026-07-27,2026-07-27T19:47:40.407594+00:00,1b43b3a4,probe,94f9d214-recolor-first,pruned,probe:94f9d214-recolor-first:nor-L0:pruned:recolored_north-00,d123053226fe7e12,1,nor-L0:pruned,3,SEARCH,d3/pool150/arity3/clim2000000:immediate/slim1:immediate,BottomUpSearchEngine/const=finite-enumerate-scalars/fill=none/poly=monomorphize/allow=3,-,-,-,-,2,0,ProgramSize,runs/2026-07-27/20260727_194740_27c868438bd03e86,True,1,1,17,False,True,0.001,
b1784917a5d1ab51,2026-07-27,2026-07-27T19:47:40.422194+00:00,1b43b3a4,probe,94f9d214-recolor-first,probe,probe:94f9d214-recolor-first:nor-L0:recolored_north-01,55bd9fd9c3eb51b4,1,nor-L0,5,SEARCH,d3/pool150/arity3/clim2000000:immediate/slim1:immediate,BottomUpSearchEngine/const=finite-enumerate-scalars/fill=none/poly=monomorphize/allow=0,-,-,-,-,2,0,ProgramSize,runs/2026-07-27/20260727_194740_b1784917a5d1ab51,True,1,1,314340,False,True,12.272,
89e70633da520457,2026-07-27,2026-07-27T19:47:52.714368+00:00,1b43b3a4,probe,94f9d214-recolor-first,probe,probe:94f9d214-recolor-first:nor-L0:94f9d214,43d11b15fe3b3e72,1,nor-L0,5,SEARCH,d3/pool150/arity3/clim2000000:immediate/slim1:immediate,BottomUpSearchEngine/const=finite-enumerate-scalars/fill=none/poly=monomorphize/allow=0,-,-,-,-,2,0,ProgramSize,runs/2026-07-27/20260727_194752_89e70633da520457,True,0,1,2000000,True,False,107.383,
60572188e449a720,2026-07-27,2026-07-27T19:49:40.123239+00:00,1b43b3a4,probe,94f9d214-recolor-first,probe,probe:94f9d214-recolor-first:nor-L0+recolored_north:recolored_south-00,bcacd71d34a881da,1,nor-L0+recolored_north,6,SEARCH,d3/pool150/arity3/clim2000000:immediate/slim1:immediate,BottomUpSearchEngine/const=finite-enumerate-scalars/fill=none/poly=monomorphize/allow=0,-,-,-,-,2,0,ProgramSize,runs/2026-07-27/20260727_194940_60572188e449a720,True,1,1,344925,False,True,12.986,
2b838c2fd5f23e97,2026-07-27,2026-07-27T19:49:53.150066+00:00,1b43b3a4,probe,94f9d214-recolor-first,probe,probe:94f9d214-recolor-first:nor-L0+recolored_north:recolored_south-01,d92a36f7c5d8d7f7,1,nor-L0+recolored_north,6,SEARCH,d3/pool150/arity3/clim2000000:immediate/slim1:immediate,BottomUpSearchEngine/const=finite-enumerate-scalars/fill=none/poly=monomorphize/allow=0,-,-,-,-,2,0,ProgramSize,runs/2026-07-27/20260727_194953_2b838c2fd5f23e97,True,1,1,344901,False,True,13.344,
3c4123f87c185233,2026-07-27,2026-07-27T19:49:53.135450+00:00,1b43b3a4,probe,94f9d214-recolor-first,pruned,probe:94f9d214-recolor-first:nor-L0+recolored_north:pruned:recolored_south-00,bcacd71d34a881da,1,nor-L0+recolored_north:pruned,3,SEARCH,d3/pool150/arity3/clim2000000:immediate/slim1:immediate,BottomUpSearchEngine/const=finite-enumerate-scalars/fill=none/poly=monomorphize/allow=3,-,-,-,-,2,0,ProgramSize,runs/2026-07-27/20260727_194953_3c4123f87c185233,True,1,1,17,False,True,0.001,
a6357d6beaf01993,2026-07-27,2026-07-27T19:50:06.512607+00:00,1b43b3a4,probe,94f9d214-recolor-first,probe,probe:94f9d214-recolor-first:nor-L0+recolored_north:94f9d214,43d11b15fe3b3e72,1,nor-L0+recolored_north,6,SEARCH,d3/pool150/arity3/clim2000000:immediate/slim1:immediate,BottomUpSearchEngine/const=finite-enumerate-scalars/fill=none/poly=monomorphize/allow=0,-,-,-,-,2,0,ProgramSize,runs/2026-07-27/20260727_195006_a6357d6beaf01993,True,0,1,2000000,True,False,79.753,
d72a5c36a7075a2d,2026-07-27,2026-07-27T19:50:42.910679+00:00,1b43b3a4,probe,dae9d2b5-recolor-solo,probe,probe:dae9d2b5-recolor-solo:dae9d2b5-split-L0:recolored_west-00,28b0c869448e0786,1,dae9d2b5-split-L0,4,SEARCH,d3/pool150/arity3/clim500000:immediate/slimNone:generation-end,BottomUpSearchEngine/const=finite-enumerate-scalars/fill=none/poly=monomorphize/allow=0,-,-,-,-,2,0,ProgramSize,runs/2026-07-27/20260727_195042_d72a5c36a7075a2d,True,1,1,500000,True,False,20.315,
3d53912e8c6c89c1,2026-07-27,2026-07-27T19:51:03.248969+00:00,1b43b3a4,probe,dae9d2b5-recolor-solo,pruned,probe:dae9d2b5-recolor-solo:dae9d2b5-split-L0:pruned:recolored_west-00,28b0c869448e0786,1,dae9d2b5-split-L0:pruned,3,SEARCH,d3/pool150/arity3/clim500000:immediate/slimNone:generation-end,BottomUpSearchEngine/const=finite-enumerate-scalars/fill=none/poly=monomorphize/allow=3,-,-,-,-,2,0,ProgramSize,runs/2026-07-27/20260727_195103_3d53912e8c6c89c1,True,1,1,21,False,False,0.002,
9547303aca608734,2026-07-27,2026-07-27T19:51:03.264440+00:00,1b43b3a4,probe,dae9d2b5-recolor-solo,probe,probe:dae9d2b5-recolor-solo:dae9d2b5-split-L0:recolored_west-01,b42f513729fe75fd,1,dae9d2b5-split-L0,4,SEARCH,d3/pool150/arity3/clim500000:immediate/slimNone:generation-end,BottomUpSearchEngine/const=finite-enumerate-scalars/fill=none/poly=monomorphize/allow=0,-,-,-,-,2,0,ProgramSize,runs/2026-07-27/20260727_195103_9547303aca608734,True,1,1,500000,True,False,19.874,
ec3fb3258a87cc58,2026-07-27,2026-07-27T19:51:23.163150+00:00,1b43b3a4,probe,dae9d2b5-recolor-solo,probe,probe:dae9d2b5-recolor-solo:dae9d2b5-split-L0:dae9d2b5,0cf87ea841a219d0,1,dae9d2b5-split-L0,4,SEARCH,d3/pool150/arity3/clim500000:immediate/slimNone:generation-end,BottomUpSearchEngine/const=finite-enumerate-scalars/fill=none/poly=monomorphize/allow=0,-,-,-,-,2,0,ProgramSize,runs/2026-07-27/20260727_195123_ec3fb3258a87cc58,True,0,1,500000,True,False,37.433,
21e42d16229e3f41,2026-07-27,2026-07-27T19:53:13.198169+00:00,1b43b3a4,probe,fafffa47-recolor-first,probe,probe:fafffa47-recolor-first:nor-L0:recolored_north-00,3015d776cd1b44c4,1,nor-L0,5,SEARCH,d3/pool150/arity3/clim2000000:immediate/slim1:immediate,BottomUpSearchEngine/const=finite-enumerate-scalars/fill=none/poly=monomorphize/allow=0,-,-,-,-,2,0,ProgramSize,runs/2026-07-27/20260727_195313_21e42d16229e3f41,True,1,1,314298,False,True,12.818,
2caa9748b0f6e006,2026-07-27,2026-07-27T19:53:26.023353+00:00,1b43b3a4,probe,fafffa47-recolor-first,pruned,probe:fafffa47-recolor-first:nor-L0:pruned:recolored_north-00,3015d776cd1b44c4,1,nor-L0:pruned,3,SEARCH,d3/pool150/arity3/clim2000000:immediate/slim1:immediate,BottomUpSearchEngine/const=finite-enumerate-scalars/fill=none/poly=monomorphize/allow=3,-,-,-,-,2,0,ProgramSize,runs/2026-07-27/20260727_195326_2caa9748b0f6e006,True,1,1,17,False,True,0.001,
87a36d69c4331cf8,2026-07-27,2026-07-27T19:53:26.036893+00:00,1b43b3a4,probe,fafffa47-recolor-first,probe,probe:fafffa47-recolor-first:nor-L0:recolored_north-01,32c68fea523dd68e,1,nor-L0,5,SEARCH,d3/pool150/arity3/clim2000000:immediate/slim1:immediate,BottomUpSearchEngine/const=finite-enumerate-scalars/fill=none/poly=monomorphize/allow=0,-,-,-,-,2,0,ProgramSize,runs/2026-07-27/20260727_195326_87a36d69c4331cf8,True,1,1,314340,False,True,12.753,
2d6152cb0c377592,2026-07-27,2026-07-27T19:53:38.802349+00:00,1b43b3a4,probe,fafffa47-recolor-first,probe,probe:fafffa47-recolor-first:nor-L0:fafffa47,adc4d1a6da003cd6,1,nor-L0,5,SEARCH,d3/pool150/arity3/clim2000000:immediate/slim1:immediate,BottomUpSearchEngine/const=finite-enumerate-scalars/fill=none/poly=monomorphize/allow=0,-,-,-,-,2,0,ProgramSize,runs/2026-07-27/20260727_195338_2d6152cb0c377592,True,0,1,2000000,True,False,130.776,
19efb28e062e6ea6,2026-07-27,2026-07-27T19:55:49.599929+00:00,1b43b3a4,probe,fafffa47-recolor-first,probe,probe:fafffa47-recolor-first:nor-L0+recolored_north:recolored_south-00,be37cf6455a52e8d,1,nor-L0+recolored_north,6,SEARCH,d3/pool150/arity3/clim2000000:immediate/slim1:immediate,BottomUpSearchEngine/const=finite-enumerate-scalars/fill=none/poly=monomorphize/allow=0,-,-,-,-,2,0,ProgramSize,runs/2026-07-27/20260727_195549_19efb28e062e6ea6,True,1,1,344925,False,True,12.99,
26095b5bbb256caf,2026-07-27,2026-07-27T19:56:02.635534+00:00,1b43b3a4,probe,fafffa47-recolor-first,probe,probe:fafffa47-recolor-first:nor-L0+recolored_north:recolored_south-01,7a58e82c77d15be9,1,nor-L0+recolored_north,6,SEARCH,d3/pool150/arity3/clim2000000:immediate/slim1:immediate,BottomUpSearchEngine/const=finite-enumerate-scalars/fill=none/poly=monomorphize/allow=0,-,-,-,-,2,0,ProgramSize,runs/2026-07-27/20260727_195602_26095b5bbb256caf,True,1,1,344901,False,True,12.948,
7aa7d71f371c138a,2026-07-27,2026-07-27T19:56:02.612067+00:00,1b43b3a4,probe,fafffa47-recolor-first,pruned,probe:fafffa47-recolor-first:nor-L0+recolored_north:pruned:recolored_south-00,be37cf6455a52e8d,1,nor-L0+recolored_north:pruned,3,SEARCH,d3/pool150/arity3/clim2000000:immediate/slim1:immediate,BottomUpSearchEngine/const=finite-enumerate-scalars/fill=none/poly=monomorphize/allow=3,-,-,-,-,2,0,ProgramSize,runs/2026-07-27/20260727_195602_7aa7d71f371c138a,True,1,1,17,False,True,0.002,
64f6628866f4d96b,2026-07-27,2026-07-27T19:56:15.604017+00:00,1b43b3a4,probe,fafffa47-recolor-first,probe,probe:fafffa47-recolor-first:nor-L0+recolored_north:fafffa47,adc4d1a6da003cd6,1,nor-L0+recolored_north,6,SEARCH,d3/pool150/arity3/clim2000000:immediate/slim1:immediate,BottomUpSearchEngine/const=finite-enumerate-scalars/fill=none/poly=monomorphize/allow=0,-,-,-,-,2,0,ProgramSize,runs/2026-07-27/20260727_195615_64f6628866f4d96b,True,0,1,2000000,True,False,90.775,
d1bcad1699209c38,2026-07-27,2026-07-27T20:33:16.017081+00:00,1b43b3a4,ladder,dae9d2b5-split-halves-lean,raw-arm,dae9d2b5-split-halves-lean:train:raw-arm,0cf87ea841a219d0,1,dae9d2b5-split-L0,4,SEARCH,d4/pool200000/arity3/clim2881790:immediate/slim1:immediate,BottomUpSearchEngine/const=finite-enumerate-scalars/fill=none/poly=monomorphize/allow=0,-,-,-,-,2,0,ProgramSize,runs/2026-07-27/20260727_203316_d1bcad1699209c38,True,0,1,2881790,True,False,215.374,
f3bfb5d7a4020588,2026-07-27,2026-07-27T20:36:51.467850+00:00,1b43b3a4,ladder,dae9d2b5-split-asym-lean,raw-arm,dae9d2b5-split-asym-lean:train:raw-arm,0cf87ea841a219d0,1,dae9d2b5-split-L0,4,SEARCH,d4/pool200000/arity3/clim3302860:immediate/slim1:immediate,BottomUpSearchEngine/const=finite-enumerate-scalars/fill=none/poly=monomorphize/allow=0,-,-,-,-,2,0,ProgramSize,runs/2026-07-27/20260727_203651_f3bfb5d7a4020588,True,0,1,3302860,True,False,245.395,
35244d9c59010da9,2026-07-27,2026-07-27T20:40:57.179523+00:00,1b43b3a4,ladder,94f9d214-nor-merged,raw-arm,94f9d214-nor-merged:train:raw-arm,43d11b15fe3b3e72,1,nor-L0,5,SEARCH,d5/pool200000/arity3/clim1440850:immediate/slim1:immediate,BottomUpSearchEngine/const=finite-enumerate-scalars/fill=none/poly=monomorphize/allow=0,-,-,-,-,2,0,ProgramSize,runs/2026-07-27/20260727_204057_35244d9c59010da9,True,0,1,1440850,True,False,75.311,
713179906b35867a,2026-07-27,2026-07-27T20:42:12.808126+00:00,1b43b3a4,ladder,fafffa47-nor-merged,raw-arm,fafffa47-nor-merged:train:raw-arm,adc4d1a6da003cd6,1,nor-L0,5,SEARCH,d5/pool200000/arity3/clim1522330:immediate/slim1:immediate,BottomUpSearchEngine/const=finite-enumerate-scalars/fill=none/poly=monomorphize/allow=0,-,-,-,-,2,0,ProgramSize,runs/2026-07-27/20260727_204212_713179906b35867a,True,0,1,1522330,True,False,95.564,
43fffe51611f1f4f,2026-07-27,2026-07-27T21:04:15.759742+00:00,1b43b3a4,ladder,dae9d2b5-split-recolor-lean,heldout,dae9d2b5-split-recolor-lean:heldout,56fe21f8b78a6825,5,dae9d2b5-split-L0,4,SEARCH,d2/pool30/arity3/clim2000000:immediate/slimNone:generation-end,BottomUpSearchEngine/const=finite-enumerate-scalars/fill=none/poly=monomorphize/allow=0,-,-,-,-,2,0,ProgramSize,runs/2026-07-27/20260727_210415_43fffe51611f1f4f,True,2,5,57717,False,False,2.209,
148f0323a3baee59,2026-07-27,2026-07-27T21:04:18.025858+00:00,1b43b3a4,ladder,dae9d2b5-split-halves-lean,heldout,dae9d2b5-split-halves-lean:heldout,0cb44d63f4cab7ed,3,dae9d2b5-split-L0,4,SEARCH,d3/pool150/arity3/clim2000000:immediate/slim1:immediate,BottomUpSearchEngine/const=finite-enumerate-scalars/fill=none/poly=monomorphize/allow=0,-,-,-,-,2,0,ProgramSize,runs/2026-07-27/20260727_210418_148f0323a3baee59,True,2,3,2000361,True,True,85.16,
de75cab061ac4aaf,2026-07-27,2026-07-27T21:05:43.265566+00:00,1b43b3a4,ladder,dae9d2b5-split-asym-lean,heldout,dae9d2b5-split-asym-lean:heldout,38cbea6cade22165,4,dae9d2b5-split-L0,4,SEARCH,d3/pool150/arity3/clim2000000:immediate/slim1:immediate,BottomUpSearchEngine/const=finite-enumerate-scalars/fill=none/poly=monomorphize/allow=0,-,-,-,-,2,0,ProgramSize,runs/2026-07-27/20260727_210543_de75cab061ac4aaf,True,3,4,2231189,True,True,98.103,
c88da0bded6397dd,2026-07-27,2026-07-27T21:06:33.054209+00:00,1b43b3a4,ladder,dae9d2b5-split-recolor-lean,train,dae9d2b5-split-recolor-lean:train,63d1ff6e4f772d35,9,dae9d2b5-split-L0,4,LEARN,d2/pool30/arity3/clim2000000:immediate/slimNone:generation-end,BottomUpSearchEngine/const=finite-enumerate-scalars/fill=none/poly=monomorphize/allow=0,GreedyMDLLearnEngine,FrequentSubtree,CompressionMetric,5,2,0,ProgramSize,runs/2026-07-27/20260727_210633_c88da0bded6397dd,True,,,,,,0,
bf9a0bedc1eab30c,2026-07-27,2026-07-27T21:06:37.573263+00:00,1b43b3a4,ladder,dae9d2b5-split-recolor-lean,train,dae9d2b5-split-recolor-lean:train,63d1ff6e4f772d35,9,dae9d2b5-split-L0,4,LEARN,d2/pool30/arity3/clim2000000:immediate/slimNone:generation-end,BottomUpSearchEngine/const=finite-enumerate-scalars/fill=none/poly=monomorphize/allow=0,GreedyMDLLearnEngine,TypeScopedFrequentSubtree,CompressionMetric,5,2,0,ProgramSize,runs/2026-07-27/20260727_210637_bf9a0bedc1eab30c,True,,,,,,0,
babb31d54eda942b,2026-07-27,2026-07-27T21:06:42.109159+00:00,1b43b3a4,ladder,dae9d2b5-split-recolor-lean,train,dae9d2b5-split-recolor-lean:train,63d1ff6e4f772d35,9,dae9d2b5-split-L0,4,LEARN,d2/pool30/arity3/clim2000000:immediate/slimNone:generation-end,BottomUpSearchEngine/const=finite-enumerate-scalars/fill=none/poly=monomorphize/allow=0,GreedyMDLLearnEngine,StitchProposer,CompressionMetric,5,2,0,ProgramSize,runs/2026-07-27/20260727_210642_babb31d54eda942b,True,,,,,,0,
0cfc18c0c11df16b,2026-07-27,2026-07-27T21:06:47.652089+00:00,1b43b3a4,ladder,94f9d214-nor-merged,train,94f9d214-nor-merged:train,f21c8a90516d7774,11,nor-L0,5,LEARN,d2/pool30/arity3/clim2000000:immediate/slimNone:generation-end,BottomUpSearchEngine/const=finite-enumerate-scalars/fill=none/poly=monomorphize/allow=0,GreedyMDLLearnEngine,FrequentSubtree,CompressionMetric,5,2,0,ProgramSize,runs/2026-07-27/20260727_210647_0cfc18c0c11df16b,True,,,,,,0,
2f93e3fd0052d51a,2026-07-27,2026-07-27T21:06:52.982515+00:00,1b43b3a4,ladder,94f9d214-nor-merged,heldout,94f9d214-nor-merged:heldout,0f8c5bb5e5856d4a,6,nor-L0,5,SEARCH,d2/pool30/arity3/clim2000000:immediate/slimNone:generation-end,BottomUpSearchEngine/const=finite-enumerate-scalars/fill=none/poly=monomorphize/allow=0,-,-,-,-,2,0,ProgramSize,runs/2026-07-27/20260727_210652_2f93e3fd0052d51a,True,2,6,56202,False,False,2.081,
2ab6f6d404649629,2026-07-27,2026-07-27T21:06:55.280726+00:00,1b43b3a4,ladder,94f9d214-nor-merged,train,94f9d214-nor-merged:train,f21c8a90516d7774,11,nor-L0,5,LEARN,d2/pool30/arity3/clim2000000:immediate/slimNone:generation-end,BottomUpSearchEngine/const=finite-enumerate-scalars/fill=none/poly=monomorphize/allow=0,GreedyMDLLearnEngine,TypeScopedFrequentSubtree,CompressionMetric,5,2,0,ProgramSize,runs/2026-07-27/20260727_210655_2ab6f6d404649629,True,,,,,,0,
f709e98c2357fda6,2026-07-27,2026-07-27T21:07:03.112409+00:00,1b43b3a4,ladder,94f9d214-nor-merged,train,94f9d214-nor-merged:train,f21c8a90516d7774,11,nor-L0,5,LEARN,d2/pool30/arity3/clim2000000:immediate/slimNone:generation-end,BottomUpSearchEngine/const=finite-enumerate-scalars/fill=none/poly=monomorphize/allow=0,GreedyMDLLearnEngine,StitchProposer,CompressionMetric,5,2,0,ProgramSize,runs/2026-07-27/20260727_210703_f709e98c2357fda6,True,,,,,,0,
fc9200b99f57e1dd,2026-07-27,2026-07-27T21:07:08.922816+00:00,1b43b3a4,ladder,al1-mirror,train,al1-mirror:train,ad9ef8d0ffda58a9,5,al1-L0,3,LEARN,d2/pool300/arity2/clim50000:immediate/slimNone:generation-end,BottomUpSearchEngine/const=finite-enumerate/fill=none/poly=monomorphize/allow=0,GreedyMDLLearnEngine,FrequentSubtree,CompressionMetric,5,2,0,ProgramSize,runs/2026-07-27/20260727_210708_fc9200b99f57e1dd,True,,,,,,0,
1f69fc6224a5b4b7,2026-07-27,2026-07-27T21:07:09.702751+00:00,1b43b3a4,ladder,al1-mirror,heldout,al1-mirror:heldout,26bb1f1993eb3a12,3,al1-L0,3,SEARCH,d2/pool300/arity2/clim50000:immediate/slimNone:generation-end,BottomUpSearchEngine/const=finite-enumerate/fill=none/poly=monomorphize/allow=0,-,-,-,-,2,0,ProgramSize,runs/2026-07-27/20260727_210709_1f69fc6224a5b4b7,True,1,3,20229,False,False,0.458,
2de3df0f0af5b24f,2026-07-27,2026-07-27T21:07:10.205869+00:00,1b43b3a4,ladder,al1-mirror,train,al1-mirror:train,ad9ef8d0ffda58a9,5,al1-L0,3,LEARN,d2/pool300/arity2/clim50000:immediate/slimNone:generation-end,BottomUpSearchEngine/const=finite-enumerate/fill=none/poly=monomorphize/allow=0,GreedyMDLLearnEngine,TypeScopedFrequentSubtree,CompressionMetric,5,2,0,ProgramSize,runs/2026-07-27/20260727_210710_2de3df0f0af5b24f,True,,,,,,0,
a04072b70a3f2ee7,2026-07-27,2026-07-27T21:07:11.028927+00:00,1b43b3a4,ladder,al1-mirror,train,al1-mirror:train,ad9ef8d0ffda58a9,5,al1-L0,3,LEARN,d2/pool300/arity2/clim50000:immediate/slimNone:generation-end,BottomUpSearchEngine/const=finite-enumerate/fill=none/poly=monomorphize/allow=0,GreedyMDLLearnEngine,StitchProposer,CompressionMetric,5,2,0,ProgramSize,runs/2026-07-27/20260727_210711_a04072b70a3f2ee7,True,,,,,,0,
05b115ab4d272d73,2026-07-27,2026-07-27T21:07:12.779250+00:00,1b43b3a4,ladder,al1-mirror,train,al1-mirror:train,ad9ef8d0ffda58a9,5,al1-L0+abs0,4,SEARCH,d2/pool300/arity2/clim50000:immediate/slimNone:generation-end,BottomUpSearchEngine/const=finite-enumerate/fill=none/poly=monomorphize/allow=0,-,-,-,-,2,0,ProgramSize,runs/2026-07-27/20260727_210712_05b115ab4d272d73,True,4,5,34560,False,False,0.887,
05ca08b1d55f1ec9,2026-07-27,2026-07-27T21:07:13.697430+00:00,1b43b3a4,ladder,al1-mirror,heldout,al1-mirror:heldout,26bb1f1993eb3a12,3,al1-L0+abs0,4,SEARCH,d2/pool300/arity2/clim50000:immediate/slimNone:generation-end,BottomUpSearchEngine/const=finite-enumerate/fill=none/poly=monomorphize/allow=0,-,-,-,-,2,0,ProgramSize,runs/2026-07-27/20260727_210713_05ca08b1d55f1ec9,True,2,3,20736,False,False,0.563,
14d421100e0855a6,2026-07-27,2026-07-27T21:07:21.501655+00:00,1b43b3a4,ladder,94f9d214-nor-recolor,heldout,94f9d214-nor-recolor:heldout,9e42aeb3c1ff260d,5,nor-L0,5,SEARCH,d3/pool150/arity3/clim2000000:immediate/slim1:immediate,BottomUpSearchEngine/const=finite-enumerate-scalars/fill=none/poly=monomorphize/allow=0,-,-,-,-,2,0,ProgramSize,runs/2026-07-27/20260727_210721_14d421100e0855a6,True,4,5,2629222,True,True,111.853,
0c76398f490c8d2c,2026-07-27,2026-07-27T21:09:13.725172+00:00,1b43b3a4,ladder,fafffa47-nor-recolor,heldout,fafffa47-nor-recolor:heldout,0ca2efad9f36fd9f,5,nor-L0,5,SEARCH,d3/pool150/arity3/clim2000000:immediate/slim1:immediate,BottomUpSearchEngine/const=finite-enumerate-scalars/fill=none/poly=monomorphize/allow=0,-,-,-,-,2,0,ProgramSize,runs/2026-07-27/20260727_210913_0c76398f490c8d2c,True,4,5,2629222,True,True,112.551,
acdab2434fa702e9,2026-07-27,2026-07-27T21:11:06.477818+00:00,1b43b3a4,ladder,fafffa47-nor-merged,heldout,fafffa47-nor-merged:heldout,e17539bc6f0bba0e,6,nor-L0,5,SEARCH,d2/pool30/arity3/clim2000000:immediate/slimNone:generation-end,BottomUpSearchEngine/const=finite-enumerate-scalars/fill=none/poly=monomorphize/allow=0,-,-,-,-,2,0,ProgramSize,runs/2026-07-27/20260727_211106_acdab2434fa702e9,True,2,6,64340,False,False,2.41,
10fbed341119267c,2026-07-27,2026-07-27T21:36:08.877008+00:00,1b43b3a4,probe,dae9d2b5-half-param,probe,probe:dae9d2b5-half-param:dae9d2b5-split-L0:half-w1,f4e059e75c0a74bd,1,dae9d2b5-split-L0,4,SEARCH,d2/pool30/arity3/clim2000000:immediate/slimNone:generation-end,BottomUpSearchEngine/const=finite-enumerate-scalars/fill=none/poly=monomorphize/allow=0,-,-,-,-,2,0,ProgramSize,runs/2026-07-27/20260727_213608_10fbed341119267c,True,1,1,6681,False,False,0.244,
cdfa045af7fe40d6,2026-07-27,2026-07-27T21:36:08.388061+00:00,1b43b3a4,probe,dae9d2b5-half-param,probe,probe:dae9d2b5-half-param:dae9d2b5-split-L0:half-w0,e8541650b9414c42,1,dae9d2b5-split-L0,4,SEARCH,d2/pool30/arity3/clim2000000:immediate/slimNone:generation-end,BottomUpSearchEngine/const=finite-enumerate-scalars/fill=none/poly=monomorphize/allow=0,-,-,-,-,2,0,ProgramSize,runs/2026-07-27/20260727_213608_cdfa045af7fe40d6,True,1,1,12139,False,False,0.46,
e06f1b1bff6d18de,2026-07-27,2026-07-27T21:36:08.863653+00:00,1b43b3a4,probe,dae9d2b5-half-param,pruned,probe:dae9d2b5-half-param:dae9d2b5-split-L0:pruned:half-w0,e8541650b9414c42,1,dae9d2b5-split-L0:pruned,2,SEARCH,d2/pool30/arity3/clim2000000:immediate/slimNone:generation-end,BottomUpSearchEngine/const=finite-enumerate-scalars/fill=none/poly=monomorphize/allow=1,-,-,-,-,2,0,ProgramSize,runs/2026-07-27/20260727_213608_e06f1b1bff6d18de,True,1,1,4,False,False,0.001,
3308a366d372fd67,2026-07-27,2026-07-27T21:36:09.135985+00:00,1b43b3a4,probe,dae9d2b5-half-param,probe,probe:dae9d2b5-half-param:dae9d2b5-split-L0:half-e0,fed1ed2100fdd470,1,dae9d2b5-split-L0,4,SEARCH,d2/pool30/arity3/clim2000000:immediate/slimNone:generation-end,BottomUpSearchEngine/const=finite-enumerate-scalars/fill=none/poly=monomorphize/allow=0,-,-,-,-,2,0,ProgramSize,runs/2026-07-27/20260727_213609_3308a366d372fd67,True,1,1,12139,False,False,0.448,
7828e756722a4e15,2026-07-27,2026-07-27T21:36:09.600822+00:00,1b43b3a4,probe,dae9d2b5-half-param,probe,probe:dae9d2b5-half-param:dae9d2b5-split-L0:half-e1,395918e797eab322,1,dae9d2b5-split-L0,4,SEARCH,d2/pool30/arity3/clim2000000:immediate/slimNone:generation-end,BottomUpSearchEngine/const=finite-enumerate-scalars/fill=none/poly=monomorphize/allow=0,-,-,-,-,2,0,ProgramSize,runs/2026-07-27/20260727_213609_7828e756722a4e15,True,1,1,12139,False,False,0.432,
7fde89488acd3cec,2026-07-27,2026-07-27T21:36:10.047882+00:00,1b43b3a4,probe,dae9d2b5-half-param,probe,probe:dae9d2b5-half-param:dae9d2b5-split-L0:recolored_west-00,28b0c869448e0786,1,dae9d2b5-split-L0,4,SEARCH,d2/pool30/arity3/clim2000000:immediate/slimNone:generation-end,BottomUpSearchEngine/const=finite-enumerate-scalars/fill=none/poly=monomorphize/allow=0,-,-,-,-,2,0,ProgramSize,runs/2026-07-27/20260727_213610_7fde89488acd3cec,True,0,1,12139,False,False,0.44,
845384ebd6b8953b,2026-07-27,2026-07-27T21:36:10.503002+00:00,1b43b3a4,probe,dae9d2b5-half-param,probe,probe:dae9d2b5-half-param:dae9d2b5-split-L0:recolored_west-01,b42f513729fe75fd,1,dae9d2b5-split-L0,4,SEARCH,d2/pool30/arity3/clim2000000:immediate/slimNone:generation-end,BottomUpSearchEngine/const=finite-enumerate-scalars/fill=none/poly=monomorphize/allow=0,-,-,-,-,2,0,ProgramSize,runs/2026-07-27/20260727_213610_845384ebd6b8953b,True,0,1,6681,False,False,0.234,
8c279fb99ea3e5f0,2026-07-27,2026-07-27T21:36:10.751114+00:00,1b43b3a4,probe,dae9d2b5-half-param,probe,probe:dae9d2b5-half-param:dae9d2b5-split-L0:recolored_east-00,9ce073cc505c94d0,1,dae9d2b5-split-L0,4,SEARCH,d2/pool30/arity3/clim2000000:immediate/slimNone:generation-end,BottomUpSearchEngine/const=finite-enumerate-scalars/fill=none/poly=monomorphize/allow=0,-,-,-,-,2,0,ProgramSize,runs/2026-07-27/20260727_213610_8c279fb99ea3e5f0,True,0,1,12139,False,False,0.439,
4038a295f3b9323a,2026-07-27,2026-07-27T21:36:11.462114+00:00,1b43b3a4,probe,dae9d2b5-half-param,probe,probe:dae9d2b5-half-param:dae9d2b5-split-L0+half:recolored_west-00,28b0c869448e0786,1,dae9d2b5-split-L0+half,5,SEARCH,d2/pool30/arity3/clim2000000:immediate/slimNone:generation-end,BottomUpSearchEngine/const=finite-enumerate-scalars/fill=none/poly=monomorphize/allow=0,-,-,-,-,2,0,ProgramSize,runs/2026-07-27/20260727_213611_4038a295f3b9323a,True,1,1,12229,False,False,0.338,
45c3aeae2b3c62ea,2026-07-27,2026-07-27T21:36:11.814557+00:00,1b43b3a4,probe,dae9d2b5-half-param,pruned,probe:dae9d2b5-half-param:dae9d2b5-split-L0+half:pruned:recolored_west-00,28b0c869448e0786,1,dae9d2b5-split-L0+half:pruned,2,SEARCH,d2/pool30/arity3/clim2000000:immediate/slimNone:generation-end,BottomUpSearchEngine/const=finite-enumerate-scalars/fill=none/poly=monomorphize/allow=3,-,-,-,-,2,0,ProgramSize,runs/2026-07-27/20260727_213611_45c3aeae2b3c62ea,True,1,1,19,False,False,0.001,
5acf441c9cac9eac,2026-07-27,2026-07-27T21:36:11.831084+00:00,1b43b3a4,probe,dae9d2b5-half-param,probe,probe:dae9d2b5-half-param:dae9d2b5-split-L0+half:recolored_west-01,b42f513729fe75fd,1,dae9d2b5-split-L0+half,5,SEARCH,d2/pool30/arity3/clim2000000:immediate/slimNone:generation-end,BottomUpSearchEngine/const=finite-enumerate-scalars/fill=none/poly=monomorphize/allow=0,-,-,-,-,2,0,ProgramSize,runs/2026-07-27/20260727_213611_5acf441c9cac9eac,True,1,1,6769,False,False,0.178,
e89ee2a082b4dc73,2026-07-27,2026-07-27T21:36:11.205193+00:00,1b43b3a4,probe,dae9d2b5-half-param,probe,probe:dae9d2b5-half-param:dae9d2b5-split-L0:recolored_east-01,3566c1bf36bc4f0d,1,dae9d2b5-split-L0,4,SEARCH,d2/pool30/arity3/clim2000000:immediate/slimNone:generation-end,BottomUpSearchEngine/const=finite-enumerate-scalars/fill=none/poly=monomorphize/allow=0,-,-,-,-,2,0,ProgramSize,runs/2026-07-27/20260727_213611_e89ee2a082b4dc73,True,0,1,6681,False,False,0.239,
d5d6f1e435ac20f4,2026-07-27,2026-07-27T21:36:12.026552+00:00,1b43b3a4,probe,dae9d2b5-half-param,probe,probe:dae9d2b5-half-param:dae9d2b5-split-L0+half:dae9d2b5,0cf87ea841a219d0,1,dae9d2b5-split-L0+half,5,SEARCH,d2/pool30/arity3/clim2000000:immediate/slimNone:generation-end,BottomUpSearchEngine/const=finite-enumerate-scalars/fill=none/poly=monomorphize/allow=0,-,-,-,-,2,0,ProgramSize,runs/2026-07-27/20260727_213612_d5d6f1e435ac20f4,True,0,1,20161,False,False,1.001,
129e9f5140818708,2026-07-27,2026-07-27T21:36:13.363833+00:00,1b43b3a4,probe,dae9d2b5-half-param,pruned,probe:dae9d2b5-half-param:dae9d2b5-split-L0+half+recolored_west:pruned:recolored_east-00,9ce073cc505c94d0,1,dae9d2b5-split-L0+half+recolored_west:pruned,2,SEARCH,d2/pool30/arity3/clim2000000:immediate/slimNone:generation-end,BottomUpSearchEngine/const=finite-enumerate-scalars/fill=none/poly=monomorphize/allow=3,-,-,-,-,2,0,ProgramSize,runs/2026-07-27/20260727_213613_129e9f5140818708,True,1,1,19,False,False,0.001,
4bd877e0e59bcabb,2026-07-27,2026-07-27T21:36:13.043223+00:00,1b43b3a4,probe,dae9d2b5-half-param,probe,probe:dae9d2b5-half-param:dae9d2b5-split-L0+half+recolored_west:recolored_east-00,9ce073cc505c94d0,1,dae9d2b5-split-L0+half+recolored_west,6,SEARCH,d2/pool30/arity3/clim2000000:immediate/slimNone:generation-end,BottomUpSearchEngine/const=finite-enumerate-scalars/fill=none/poly=monomorphize/allow=0,-,-,-,-,2,0,ProgramSize,runs/2026-07-27/20260727_213613_4bd877e0e59bcabb,True,1,1,12239,False,False,0.303,
85a7b97b0f6e660c,2026-07-27,2026-07-27T21:36:13.382422+00:00,1b43b3a4,probe,dae9d2b5-half-param,probe,probe:dae9d2b5-half-param:dae9d2b5-split-L0+half+recolored_west:recolored_east-01,3566c1bf36bc4f0d,1,dae9d2b5-split-L0+half+recolored_west,6,SEARCH,d2/pool30/arity3/clim2000000:immediate/slimNone:generation-end,BottomUpSearchEngine/const=finite-enumerate-scalars/fill=none/poly=monomorphize/allow=0,-,-,-,-,2,0,ProgramSize,runs/2026-07-27/20260727_213613_85a7b97b0f6e660c,True,1,1,6777,False,False,0.158,
ab7fc87f9461228c,2026-07-27,2026-07-27T21:36:13.555857+00:00,1b43b3a4,probe,dae9d2b5-half-param,probe,probe:dae9d2b5-half-param:dae9d2b5-split-L0+half+recolored_west:dae9d2b5,0cf87ea841a219d0,1,dae9d2b5-split-L0+half+recolored_west,6,SEARCH,d2/pool30/arity3/clim2000000:immediate/slimNone:generation-end,BottomUpSearchEngine/const=finite-enumerate-scalars/fill=none/poly=monomorphize/allow=0,-,-,-,-,2,0,ProgramSize,runs/2026-07-27/20260727_213613_ab7fc87f9461228c,True,0,1,20173,False,False,0.921,
8ddbe7ae3c49cb3e,2026-07-27,2026-07-27T21:42:03.521611+00:00,1b43b3a4,ladder,dae9d2b5-half-param,train,dae9d2b5-half-param:train,c8302319668aa555,9,dae9d2b5-split-L0,4,SEARCH,d2/pool30/arity3/clim2000000:immediate/slimNone:generation-end,BottomUpSearchEngine/const=finite-enumerate-scalars/fill=none/poly=monomorphize/allow=0,-,-,-,-,2,0,ProgramSize,runs/2026-07-27/20260727_214203_8ddbe7ae3c49cb3e,True,4,9,100815,False,False,4.426,
f1377158eb014809,2026-07-27,2026-07-27T21:42:07.966869+00:00,1b43b3a4,ladder,dae9d2b5-half-param,train,dae9d2b5-half-param:train,c8302319668aa555,9,dae9d2b5-split-L0+half,5,SEARCH,d2/pool30/arity3/clim2000000:immediate/slimNone:generation-end,BottomUpSearchEngine/const=finite-enumerate-scalars/fill=none/poly=monomorphize/allow=0,-,-,-,-,2,0,ProgramSize,runs/2026-07-27/20260727_214207_f1377158eb014809,True,8,9,101613,False,False,3.27,
2a28ac351ebc2a49,2026-07-27,2026-07-27T21:42:11.258789+00:00,1b43b3a4,ladder,dae9d2b5-half-param,train,dae9d2b5-half-param:train,c8302319668aa555,9,dae9d2b5-split-L0+half+recolored_west,6,SEARCH,d2/pool30/arity3/clim2000000:immediate/slimNone:generation-end,BottomUpSearchEngine/const=finite-enumerate-scalars/fill=none/poly=monomorphize/allow=0,-,-,-,-,2,0,ProgramSize,runs/2026-07-27/20260727_214211_2a28ac351ebc2a49,True,8,9,101699,False,False,2.933,
2738456a51da620f,2026-07-27,2026-07-27T21:42:14.215590+00:00,1b43b3a4,ladder,dae9d2b5-half-param,train,dae9d2b5-half-param:train,c8302319668aa555,9,dae9d2b5-split-L0+half+recolored_west+recolored_east,7,SEARCH,d2/pool30/arity3/clim2000000:immediate/slimNone:generation-end,BottomUpSearchEngine/const=finite-enumerate-scalars/fill=none/poly=monomorphize/allow=0,-,-,-,-,2,0,ProgramSize,runs/2026-07-27/20260727_214214_2738456a51da620f,True,9,9,101785,False,False,2.752,
227c31c8b21174cc,2026-07-27,2026-07-27T21:42:16.998435+00:00,1b43b3a4,ladder,dae9d2b5-half-param,train,dae9d2b5-half-param:train,c8302319668aa555,9,dae9d2b5-split-L0,4,LEARN,d2/pool30/arity3/clim2000000:immediate/slimNone:generation-end,BottomUpSearchEngine/const=finite-enumerate-scalars/fill=none/poly=monomorphize/allow=0,GreedyMDLLearnEngine,AntiunifyPairs,CompressionMetric,5,2,0,ProgramSize,runs/2026-07-27/20260727_214216_227c31c8b21174cc,True,,,,,,0,
7aa514d437b011dd,2026-07-27,2026-07-27T21:42:27.156424+00:00,1b43b3a4,ladder,dae9d2b5-half-param,train,dae9d2b5-half-param:train,c8302319668aa555,9,dae9d2b5-split-L0+abs0+abs1+abs2+abs3,8,SEARCH,d2/pool30/arity3/clim2000000:immediate/slimNone:generation-end,BottomUpSearchEngine/const=finite-enumerate-scalars/fill=none/poly=monomorphize/allow=0,-,-,-,-,2,0,ProgramSize,runs/2026-07-27/20260727_214227_7aa514d437b011dd,True,9,9,101159,False,False,2.821,
38533c52e14d13bb,2026-07-27,2026-07-27T21:42:29.997419+00:00,1b43b3a4,ladder,dae9d2b5-half-param,heldout,dae9d2b5-half-param:heldout,e4542f67f46c6e42,4,dae9d2b5-split-L0+abs0+abs1+abs2+abs3,8,SEARCH,d2/pool30/arity3/clim2000000:immediate/slimNone:generation-end,BottomUpSearchEngine/const=finite-enumerate-scalars/fill=none/poly=monomorphize/allow=0,-,-,-,-,2,0,ProgramSize,runs/2026-07-27/20260727_214229_38533c52e14d13bb,True,4,4,51196,False,False,1.208,
ddb3da552f8562f1,2026-07-27,2026-07-27T21:42:31.223864+00:00,1b43b3a4,ladder,dae9d2b5-half-param,train,dae9d2b5-half-param:train,c8302319668aa555,9,dae9d2b5-split-L0+recolored_east,5,SEARCH,d2/pool30/arity3/clim2000000:immediate/slimNone:generation-end,BottomUpSearchEngine/const=finite-enumerate-scalars/fill=none/poly=monomorphize/allow=0,-,-,-,-,2,0,ProgramSize,runs/2026-07-27/20260727_214231_ddb3da552f8562f1,True,6,9,100901,False,False,3.705,
303d2a0966ff8879,2026-07-27,2026-07-27T22:37:52.867320+00:00,1b43b3a4,probe,a740d043-crop-normalize,pruned,probe:a740d043-crop-normalize:a740-L0:pruned:content_box-00,10dd2017c34a7cc8,1,a740-L0:pruned,3,SEARCH,d3/pool150/arity3/clim2000000:immediate/slimNone:generation-end,BottomUpSearchEngine/const=finite-enumerate-scalars/fill=none/poly=monomorphize/allow=0,-,-,-,-,2,0,ProgramSize,runs/2026-07-27/20260727_223752_303d2a0966ff8879,True,1,1,4,False,False,0.001,
4767e5f808823088,2026-07-27,2026-07-27T22:37:52.881731+00:00,1b43b3a4,probe,a740d043-crop-normalize,probe,probe:a740d043-crop-normalize:a740-L0:content_box-01,dcd880a19b6cb4c3,1,a740-L0,4,SEARCH,d3/pool150/arity3/clim2000000:immediate/slimNone:generation-end,BottomUpSearchEngine/const=finite-enumerate-scalars/fill=none/poly=monomorphize/allow=0,-,-,-,-,2,0,ProgramSize,runs/2026-07-27/20260727_223752_4767e5f808823088,True,1,1,13785,False,False,0.36,
bf5b56ac11a75b64,2026-07-27,2026-07-27T22:37:52.485148+00:00,1b43b3a4,probe,a740d043-crop-normalize,probe,probe:a740d043-crop-normalize:a740-L0:content_box-00,10dd2017c34a7cc8,1,a740-L0,4,SEARCH,d3/pool150/arity3/clim2000000:immediate/slimNone:generation-end,BottomUpSearchEngine/const=finite-enumerate-scalars/fill=none/poly=monomorphize/allow=0,-,-,-,-,2,0,ProgramSize,runs/2026-07-27/20260727_223752_bf5b56ac11a75b64,True,1,1,13684,False,False,0.365,
6e624f2d8df2511c,2026-07-27,2026-07-27T22:37:53.260437+00:00,1b43b3a4,probe,a740d043-crop-normalize,probe,probe:a740d043-crop-normalize:a740-L0:a740d043,d4ca99525fba8c04,1,a740-L0,4,SEARCH,d3/pool150/arity3/clim2000000:immediate/slimNone:generation-end,BottomUpSearchEngine/const=finite-enumerate-scalars/fill=none/poly=monomorphize/allow=0,-,-,-,-,2,0,ProgramSize,runs/2026-07-27/20260727_223753_6e624f2d8df2511c,True,1,1,13684,False,False,0.417,
